'SharpWasserstein.propagated_source_energy' depends on axioms: [propext, Classical.choice, Quot.sound]
'SharpWasserstein.propagated_riesz_energy' depends on axioms: [propext, Classical.choice, Quot.sound]
'SharpWasserstein.endpointConstant' depends on axioms: [propext, Classical.choice, Quot.sound]
'SharpWasserstein.endpointConstant_nonneg' depends on axioms: [propext, Classical.choice, Quot.sound]
'SharpWasserstein.metric_endpoint_assembly' depends on axioms: [propext, Classical.choice, Quot.sound]
'SharpWasserstein.BackwardEuler.integral_step_error_bound' depends on axioms: [propext, Classical.choice, Quot.sound]
'SharpWasserstein.BackwardEuler.uniform_backward_derivative_bounds' depends on axioms: [propext,
 Classical.choice,
 Quot.sound]
'SharpWasserstein.BochnerIdentity.directionDeriv_twice_eq_fderiv' depends on axioms: [propext,
 Classical.choice,
 Quot.sound]
'SharpWasserstein.BochnerIdentity.directionDeriv_commute' depends on axioms: [propext, Classical.choice, Quot.sound]
'SharpWasserstein.BochnerIdentity.hessian' depends on axioms: [propext, Classical.choice, Quot.sound]
'SharpWasserstein.BochnerIdentity.hessian_isSymm' depends on axioms: [propext, Classical.choice, Quot.sound]
'SharpWasserstein.BochnerIdentity.directionDeriv_mul' depends on axioms: [propext, Classical.choice, Quot.sound]
'SharpWasserstein.BochnerIdentity.directionDeriv_const_mul' depends on axioms: [propext, Classical.choice, Quot.sound]
'SharpWasserstein.BochnerIdentity.directionDeriv_sum' depends on axioms: [propext, Classical.choice, Quot.sound]
'SharpWasserstein.BochnerIdentity.directionDeriv_sq_twice' depends on axioms: [propext, Classical.choice, Quot.sound]
'SharpWasserstein.BochnerIdentity.directionDeriv_twice_sum' depends on axioms: [propext, Classical.choice, Quot.sound]
'SharpWasserstein.BochnerIdentity.laplacian_sum' depends on axioms: [propext, Classical.choice, Quot.sound]
'SharpWasserstein.BochnerIdentity.smooth_directionDeriv' depends on axioms: [propext, Classical.choice, Quot.sound]
'SharpWasserstein.BochnerIdentity.contDiff_two_of_smooth' depends on axioms: [propext, Classical.choice, Quot.sound]
'SharpWasserstein.BochnerIdentity.directionDeriv_laplacian' depends on axioms: [propext, Classical.choice, Quot.sound]
'SharpWasserstein.BochnerIdentity.laplacian_sq' depends on axioms: [propext, Classical.choice, Quot.sound]
'SharpWasserstein.BochnerIdentity.laplacian_gradient_norm_sq' depends on axioms: [propext, Classical.choice, Quot.sound]
'SharpWasserstein.BochnerIdentity.diffusion_energy_integrand' depends on axioms: [propext, Classical.choice, Quot.sound]
'SharpWasserstein.BochnerIdentity.external_actual_hessian_cancellation' depends on axioms: [propext,
 Classical.choice,
 Quot.sound]
'SharpWasserstein.BochnerIdentity.smooth_laplacian' depends on axioms: [propext, Classical.choice, Quot.sound]
'SharpWasserstein.BochnerIdentity.smooth_gradient' depends on axioms: [propext, Classical.choice, Quot.sound]
'SharpWasserstein.BochnerIdentity.smooth_gradient_norm_sq' depends on axioms: [propext, Classical.choice, Quot.sound]
'SharpWasserstein.BochnerIdentity.laplacianTest' depends on axioms: [propext, Classical.choice, Quot.sound]
'SharpWasserstein.BochnerIdentity.gradientNormSqTest' depends on axioms: [propext, Classical.choice, Quot.sound]
'SharpWasserstein.BochnerIdentity.integral_diffusion_energy' depends on axioms: [propext, Classical.choice, Quot.sound]
'SharpWasserstein.allDerivativesBounded_euclideanTest' depends on axioms: [propext, Classical.choice, Quot.sound]
'SharpWasserstein.euclidean_bounds_of_allDerivativesBounded' depends on axioms: [propext, Classical.choice, Quot.sound]
'SharpWasserstein.WeakEvolution.equation_bounded_configuration' depends on axioms: [propext,
 Classical.choice,
 Quot.sound]
'SharpWasserstein.FrozenGaussian.timeExpectation_sub_eq_integral_bounded_configuration' depends on axioms: [propext,
 Classical.choice,
 Quot.sound]
'SharpWasserstein.NoiseAverage.allDerivativesBounded_const' depends on axioms: [propext, Classical.choice, Quot.sound]
'SharpWasserstein.NoiseAverage.AllDerivativesBounded.add' depends on axioms: [propext, Classical.choice, Quot.sound]
'SharpWasserstein.NoiseAverage.AllDerivativesBounded.const_smul' depends on axioms: [propext,
 Classical.choice,
 Quot.sound]
'SharpWasserstein.NoiseAverage.AllDerivativesBounded.comp_of_fderiv' depends on axioms: [propext,
 Classical.choice,
 Quot.sound]
'SharpWasserstein.NoiseAverage.AllDerivativesBounded.comp_linear' depends on axioms: [propext,
 Classical.choice,
 Quot.sound]
'SharpWasserstein.NoiseAverage.AllDerivativesBounded.linear_comp' depends on axioms: [propext,
 Classical.choice,
 Quot.sound]
'SharpWasserstein.NoiseAverage.AllDerivativesBounded.sum' depends on axioms: [propext, Classical.choice, Quot.sound]
'SharpWasserstein.BoundedFlow.noiseExtension' depends on axioms: [propext, Classical.choice, Quot.sound]
'SharpWasserstein.BoundedFlow.noiseExtension_continuous' depends on axioms: [propext, Classical.choice, Quot.sound]
'SharpWasserstein.BoundedFlow.flow' depends on axioms: [propext, Classical.choice, Quot.sound]
'SharpWasserstein.BoundedFlow.flow_trajectory' depends on axioms: [propext, Classical.choice, Quot.sound]
'SharpWasserstein.BoundedFlow.flow_difference_le' depends on axioms: [propext, Classical.choice, Quot.sound]
'SharpWasserstein.BoundedFlow.flow_lipschitz' depends on axioms: [propext, Classical.choice, Quot.sound]
'SharpWasserstein.BoundedFlow.flow_continuous' depends on axioms: [propext, Classical.choice, Quot.sound]
'SharpWasserstein.BoundedFlow.flow_joint_continuous' depends on axioms: [propext, Classical.choice, Quot.sound]
'SharpWasserstein.BoundedFlow.flow_eq_of_trajectory' depends on axioms: [propext, Classical.choice, Quot.sound]
'SharpWasserstein.BochnerIdentity.hessian_entry_continuous' depends on axioms: [propext, Classical.choice, Quot.sound]
'SharpWasserstein.BochnerIdentity.hessian_entry_norm_bound' depends on axioms: [propext, Classical.choice, Quot.sound]
'SharpWasserstein.BochnerIdentity.hessian_square_integrable' depends on axioms: [propext, Classical.choice, Quot.sound]
'SharpWasserstein.centeredProductSum' depends on axioms: [propext, Classical.choice, Quot.sound]
'SharpWasserstein.centeredProductSum_subGaussian' depends on axioms: [propext, Classical.choice, Quot.sound]
'SharpWasserstein.integral_bounded_observable_abs_le' depends on axioms: [propext, Classical.choice, Quot.sound]
'SharpWasserstein.centeredProductSum_abs_le' depends on axioms: [propext, Classical.choice, Quot.sound]
'SharpWasserstein.integrable_exp_sq_of_bounded' depends on axioms: [propext, Classical.choice, Quot.sound]
'SharpWasserstein.internalSquareScale' depends on axioms: [propext, Classical.choice, Quot.sound]
'SharpWasserstein.internalSquareScale_pos' depends on axioms: [propext, Classical.choice, Quot.sound]
'SharpWasserstein.shifted_centeredProductSum_exp_square_le' depends on axioms: [propext, Classical.choice, Quot.sound]
'SharpWasserstein.NoiseAverage.average' depends on axioms: [propext, Classical.choice, Quot.sound]
'SharpWasserstein.NoiseAverage.integrable_translate' depends on axioms: [propext, Classical.choice, Quot.sound]
'SharpWasserstein.NoiseAverage.norm_average_le' depends on axioms: [propext, Classical.choice, Quot.sound]
'SharpWasserstein.NoiseAverage.continuous_average' depends on axioms: [propext, Classical.choice, Quot.sound]
'SharpWasserstein.NoiseAverage.lipschitz_average' depends on axioms: [propext, Classical.choice, Quot.sound]
'SharpWasserstein.NoiseAverage.hasFDerivAt_average' depends on axioms: [propext, Classical.choice, Quot.sound]
'SharpWasserstein.NoiseAverage.contDiff_one_average' depends on axioms: [propext, Classical.choice, Quot.sound]
'SharpWasserstein.BoundedWeakTests.generator' depends on axioms: [propext, Classical.choice, Quot.sound]
'SharpWasserstein.BoundedWeakTests.approximate_eventuallyEq' depends on axioms: [propext, Classical.choice, Quot.sound]
'SharpWasserstein.BoundedWeakTests.tendsto_integral_approximate' depends on axioms: [propext,
 Classical.choice,
 Quot.sound]
'SharpWasserstein.BoundedWeakTests.integrable_generator' depends on axioms: [propext, Classical.choice, Quot.sound]
'SharpWasserstein.BoundedWeakTests.tendsto_integral_generator_approximate' depends on axioms: [propext,
 Classical.choice,
 Quot.sound]
'SharpWasserstein.BoundedWeakTests.extend_weak_generator_identity' depends on axioms: [propext,
 Classical.choice,
 Quot.sound]
'SharpWasserstein.DecoupledFlow.liftDrift' depends on axioms: [propext, Classical.choice, Quot.sound]
'SharpWasserstein.DecoupledFlow.liftDrift_continuous' depends on axioms: [propext, Classical.choice, Quot.sound]
'SharpWasserstein.DecoupledFlow.liftDrift_bound' depends on axioms: [propext, Classical.choice, Quot.sound]
'SharpWasserstein.DecoupledFlow.liftDrift_lipschitz' depends on axioms: [propext, Classical.choice, Quot.sound]
'SharpWasserstein.DecoupledFlow.liftDrift_quadratic' depends on axioms: [propext, Classical.choice, Quot.sound]
'SharpWasserstein.DecoupledFlow.liftDrift_euclidean_lipschitz' depends on axioms: [propext,
 Classical.choice,
 Quot.sound]
'SharpWasserstein.DecoupledFlow.liftDrift_nodes_coordinate' depends on axioms: [propext, Classical.choice, Quot.sound]
'SharpWasserstein.DecoupledFlow.liftDrift_flow_coordinate' depends on axioms: [propext, Classical.choice, Quot.sound]
'SharpWasserstein.DecoupledFlow.brownian_flowLaw_eq' depends on axioms: [propext, Classical.choice, Quot.sound]
'SharpWasserstein.BrownianEnergyPeriodization.prefixEnergy_quadratic_bound' depends on axioms: [propext,
 Classical.choice,
 Quot.sound]
'SharpWasserstein.BrownianEnergyPeriodization.projectedSource_quadratic_bound' depends on axioms: [propext,
 Classical.choice,
 Quot.sound]
'SharpWasserstein.BrownianEnergyPeriodization.full_energy_le_of_kernel_periods' depends on axioms: [propext,
 Classical.choice,
 Quot.sound]
'SharpWasserstein.BrownianEnergyPeriodization.fullLaw_eq_brownianLawAt' depends on axioms: [propext,
 Classical.choice,
 Quot.sound]
'SharpWasserstein.BrownianEnergyPeriodization.projectedLaw_eq_map_fullLaw' depends on axioms: [propext,
 Classical.choice,
 Quot.sound]
'SharpWasserstein.BrownianEnergyPeriodization.projectedSource_eq_imageSource_full' depends on axioms: [propext,
 Classical.choice,
 Quot.sound]
'SharpWasserstein.BrownianEnergyPeriodization.projectedSource_eq_brownianImage' depends on axioms: [propext,
 Classical.choice,
 Quot.sound]
'SharpWasserstein.BrownianEnergyPeriodization.projectedLaw_eq_brownianMap' depends on axioms: [propext,
 Classical.choice,
 Quot.sound]
'SharpWasserstein.BrownianEnergyPeriodization.carryingLaw' depends on axioms: [propext, Classical.choice, Quot.sound]
'SharpWasserstein.BrownianEnergyPeriodization.propagatedSource' depends on axioms: [propext,
 Classical.choice,
 Quot.sound]
'SharpWasserstein.BrownianEnergyPeriodization.prefixEnergy' depends on axioms: [propext, Classical.choice, Quot.sound]
'SharpWasserstein.BrownianEnergyPeriodization.prefixEnergy_eq_projectedEnergy' depends on axioms: [propext,
 Classical.choice,
 Quot.sound]
'SharpWasserstein.BrownianEnergyPeriodization.prefixEnergy_le_of_sine_bounds' depends on axioms: [propext,
 Classical.choice,
 Quot.sound]
'SharpWasserstein.BrownianEnergyPeriodization.periodic_prefixEnergy_quadratic_bound' depends on axioms: [propext,
 Classical.choice,
 Quot.sound]
'SharpWasserstein.BrownianEntropy.ordinaryObservation_eq_labelEulerLaw' depends on axioms: [propext,
 Classical.choice,
 Quot.sound]
'SharpWasserstein.BrownianEntropy.shiftedObservation_eq_labelEulerLaw' depends on axioms: [propext,
 Classical.choice,
 Quot.sound]
'SharpWasserstein.BrownianEntropy.label_flow_entropy_le' depends on axioms: [propext, Classical.choice, Quot.sound]
'SharpWasserstein.BrownianEntropy.flattenedCoupling_map_initialX' depends on axioms: [propext,
 Classical.choice,
 Quot.sound]
'SharpWasserstein.BrownianEntropy.flattenedCoupling_map_initialY' depends on axioms: [propext,
 Classical.choice,
 Quot.sound]
'SharpWasserstein.BrownianEntropy.flow_entropy_le_coupling' depends on axioms: [propext, Classical.choice, Quot.sound]
'SharpWasserstein.BrownianEntropy.inputLaw' depends on axioms: [propext, Classical.choice, Quot.sound]
'SharpWasserstein.BrownianEntropy.labelEulerLaw' depends on axioms: [propext, Classical.choice, Quot.sound]
'SharpWasserstein.BrownianEntropy.labelFlowLaw' depends on axioms: [propext, Classical.choice, Quot.sound]
'SharpWasserstein.BrownianEntropy.flowLaw' depends on axioms: [propext, Classical.choice, Quot.sound]
'SharpWasserstein.BrownianEntropy.labelEulerLaw_tendsto' depends on axioms: [propext, Classical.choice, Quot.sound]
'SharpWasserstein.BrownianEntropy.labelFlowLaw_eq_flowLaw_map' depends on axioms: [propext,
 Classical.choice,
 Quot.sound]
'SharpWasserstein.BrownianEntropy.flow_entropy_le_wassersteinSq' depends on axioms: [propext,
 Classical.choice,
 Quot.sound]
'SharpWasserstein.BrownianEntropy.flow_entropy_finite' depends on axioms: [propext, Classical.choice, Quot.sound]
'SharpWasserstein.BrownianFlow.law' depends on axioms: [propext, Classical.choice, Quot.sound]
'SharpWasserstein.BrownianFlow.law_probability' depends on axioms: [propext, Classical.choice, Quot.sound]
'SharpWasserstein.BrownianFlow.law_initial' depends on axioms: [propext, Classical.choice, Quot.sound]
'SharpWasserstein.BrownianFlow.law_secondMoment' depends on axioms: [propext, Classical.choice, Quot.sound]
'SharpWasserstein.BrownianFlow.law_restrict' depends on axioms: [propext, Classical.choice, Quot.sound]
'SharpWasserstein.BrownianFlow.law_horizon_independent' depends on axioms: [propext, Classical.choice, Quot.sound]
'SharpWasserstein.BrownianFlow.globalLaw' depends on axioms: [propext, Classical.choice, Quot.sound]
'SharpWasserstein.BrownianFlow.globalLaw_eq' depends on axioms: [propext, Classical.choice, Quot.sound]
'SharpWasserstein.BrownianFlow.globalLaw_initial' depends on axioms: [propext, Classical.choice, Quot.sound]
'SharpWasserstein.BrownianFlow.globalLaw_probability' depends on axioms: [propext, Classical.choice, Quot.sound]
'SharpWasserstein.BrownianFlow.globalLaw_secondMoment' depends on axioms: [propext, Classical.choice, Quot.sound]
'SharpWasserstein.BrownianFlow.law_momentIntegral_le' depends on axioms: [propext, Classical.choice, Quot.sound]
'SharpWasserstein.BrownianFlow.globalLaw_momentBound' depends on axioms: [propext, Classical.choice, Quot.sound]
'SharpWasserstein.BrownianFlow.law_integral_eq' depends on axioms: [propext, Classical.choice, Quot.sound]
'SharpWasserstein.BrownianFlow.flow_increment_energy_le' depends on axioms: [propext, Classical.choice, Quot.sound]
'SharpWasserstein.BrownianFlow.globalLaw_boundedExpectation_continuousOn_Icc' depends on axioms: [propext,
 Classical.choice,
 Quot.sound]
'SharpWasserstein.BrownianFlow.globalLaw_boundedExpectation_continuous' depends on axioms: [propext,
 Classical.choice,
 Quot.sound]
'SharpWasserstein.BrownianFlow.globalLaw_testContinuous' depends on axioms: [propext, Classical.choice, Quot.sound]
'SharpWasserstein.BrownianFlow.globalLaw_generatorIntegrable' depends on axioms: [propext, Classical.choice, Quot.sound]
'SharpWasserstein.BrownianFlow.globalLaw_timeIntegrable' depends on axioms: [propext, Classical.choice, Quot.sound]
'SharpWasserstein.BrownianFlow.law_equation' depends on axioms: [propext, Classical.choice, Quot.sound]
'SharpWasserstein.BrownianFlow.globalLaw_equation' depends on axioms: [propext, Classical.choice, Quot.sound]
'SharpWasserstein.BrownianFlow.globalLaw_weakEvolution' depends on axioms: [propext, Classical.choice, Quot.sound]
'SharpWasserstein.hasDerivWithinAt_nonneg_of_integral_eq' depends on axioms: [propext, Classical.choice, Quot.sound]
'SharpWasserstein.WeakEvolution.hasDerivWithinAt_integral_bounded_smooth' depends on axioms: [propext,
 Classical.choice,
 Quot.sound]
'SharpWasserstein.BrownianFlow.globalLaw_generatorExpectation_continuous' depends on axioms: [propext,
 Classical.choice,
 Quot.sound]
'SharpWasserstein.BrownianFlow.globalLaw_hasDerivWithinAt' depends on axioms: [propext, Classical.choice, Quot.sound]
'SharpWasserstein.BrownianFlow.globalLaw_hasDerivAt' depends on axioms: [propext, Classical.choice, Quot.sound]
'SharpWasserstein.BrownianFlow.globalLaw_hasDerivWithinAt_zero' depends on axioms: [propext,
 Classical.choice,
 Quot.sound]
'SharpWasserstein.BrownianFlow.transition_hasDerivWithinAt_zero' depends on axioms: [propext,
 Classical.choice,
 Quot.sound]
'SharpWasserstein.BrownianFlow.globalLaw_remainingTime_hasDerivAt' depends on axioms: [propext,
 Classical.choice,
 Quot.sound]
'SharpWasserstein.BrownianFlow.transition_iterated_hasDerivWithinAt_zero' depends on axioms: [propext,
 Classical.choice,
 Quot.sound]
'SharpWasserstein.configurationFlatten' depends on axioms: [propext, Classical.choice, Quot.sound]
'SharpWasserstein.configurationFlatten_gaussian' depends on axioms: [propext, Classical.choice, Quot.sound]
'SharpWasserstein.BrownianNoise.flattenedGridIncrement' depends on axioms: [propext, Classical.choice, Quot.sound]
'SharpWasserstein.BrownianNoise.flattenedGridIncrement_measurable' depends on axioms: [propext,
 Classical.choice,
 Quot.sound]
'SharpWasserstein.BrownianNoise.configurationLaw_flattenedGrid_hasLaw' depends on axioms: [propext,
 Classical.choice,
 Quot.sound]
'SharpWasserstein.BrownianNoise.brownian_gaussianHistory_hasLaw' depends on axioms: [propext,
 Classical.choice,
 Quot.sound]
'SharpWasserstein.BrownianParticle.globalLaw_momentBound' depends on axioms: [propext, Classical.choice, Quot.sound]
'SharpWasserstein.BrownianParticle.globalLaw_compactExpectation_continuousOn_Icc' depends on axioms: [propext,
 Classical.choice,
 Quot.sound]
'SharpWasserstein.BrownianParticle.globalLaw_compactExpectation_continuous' depends on axioms: [propext,
 Classical.choice,
 Quot.sound]
'SharpWasserstein.BrownianParticle.globalLaw_generatorIntegrable' depends on axioms: [propext,
 Classical.choice,
 Quot.sound]
'SharpWasserstein.BrownianParticle.globalLaw_timeIntegrable' depends on axioms: [propext, Classical.choice, Quot.sound]
'SharpWasserstein.BrownianNoise.scalarGridIncrement' depends on axioms: [propext, Classical.choice, Quot.sound]
'SharpWasserstein.BrownianNoise.scalarGridIncrement_measurable' depends on axioms: [propext,
 Classical.choice,
 Quot.sound]
'SharpWasserstein.BrownianNoise.scalarLaw_increment_hasLaw' depends on axioms: [propext, Classical.choice, Quot.sound]
'SharpWasserstein.BrownianNoise.scalarLaw_grid_hasLaw' depends on axioms: [propext, Classical.choice, Quot.sound]
'SharpWasserstein.BrownianNoise.measurePreserving_pi_transpose' depends on axioms: [propext,
 Classical.choice,
 Quot.sound]
'SharpWasserstein.BrownianNoise.coordinateLaw_grid_hasLaw' depends on axioms: [propext, Classical.choice, Quot.sound]
'SharpWasserstein.BrownianNoise.configurationLaw_grid_hasLaw' depends on axioms: [propext, Classical.choice, Quot.sound]
'SharpWasserstein.BoundedFlow.restrictPath_measurable' depends on axioms: [propext, Classical.choice, Quot.sound]
'SharpWasserstein.BrownianNoise.scalarLaw_restrict' depends on axioms: [propext, Classical.choice, Quot.sound]
'SharpWasserstein.BrownianNoise.coordinateLaw_restrict' depends on axioms: [propext, Classical.choice, Quot.sound]
'SharpWasserstein.BrownianNoise.pathLabels_restrict' depends on axioms: [propext, Classical.choice, Quot.sound]
'SharpWasserstein.BrownianNoise.configurationLaw_restrict' depends on axioms: [propext, Classical.choice, Quot.sound]
'SharpWasserstein.BrownianParticle.solution_restrict' depends on axioms: [propext, Classical.choice, Quot.sound]
'SharpWasserstein.BrownianParticle.law_restrict' depends on axioms: [propext, Classical.choice, Quot.sound]
'SharpWasserstein.BrownianParticle.law_horizon_independent' depends on axioms: [propext, Classical.choice, Quot.sound]
'SharpWasserstein.BrownianParticle.globalLaw' depends on axioms: [propext, Classical.choice, Quot.sound]
'SharpWasserstein.BrownianParticle.globalLaw_eq' depends on axioms: [propext, Classical.choice, Quot.sound]
'SharpWasserstein.BrownianParticle.globalLaw_initial' depends on axioms: [propext, Classical.choice, Quot.sound]
'SharpWasserstein.BrownianParticle.globalLaw_probability' depends on axioms: [propext, Classical.choice, Quot.sound]
'SharpWasserstein.BrownianParticle.globalLaw_secondMoment' depends on axioms: [propext, Classical.choice, Quot.sound]
'SharpWasserstein.BrownianParticle.globalLaw_exchangeable' depends on axioms: [propext, Classical.choice, Quot.sound]
'SharpWasserstein.BrownianNoise.Sample' depends on axioms: [propext, Classical.choice, Quot.sound]
'SharpWasserstein.BrownianNoise.scalarPath' depends on axioms: [propext, Classical.choice, Quot.sound]
'SharpWasserstein.BrownianNoise.scalarPath_measurable' depends on axioms: [propext, Classical.choice, Quot.sound]
'SharpWasserstein.BrownianNoise.scalarLaw' depends on axioms: [propext, Classical.choice, Quot.sound]
'SharpWasserstein.BrownianNoise.scalarPath_zero_ae' depends on axioms: [propext, Classical.choice, Quot.sound]
'SharpWasserstein.BrownianNoise.scalarLaw_zero_ae' depends on axioms: [propext, Classical.choice, Quot.sound]
'SharpWasserstein.BrownianNoise.scalarPath_memLp' depends on axioms: [propext, Classical.choice, Quot.sound]
'SharpWasserstein.BrownianNoise.scalarLaw_memLp' depends on axioms: [propext, Classical.choice, Quot.sound]
'SharpWasserstein.BrownianNoise.scalarPath_hasLaw' depends on axioms: [propext, Classical.choice, Quot.sound]
'SharpWasserstein.BrownianNoise.scalarLaw_hasLaw' depends on axioms: [propext, Classical.choice, Quot.sound]
'SharpWasserstein.BrownianNoise.scalarLaw_secondMoment' depends on axioms: [propext, Classical.choice, Quot.sound]
'SharpWasserstein.BrownianParticle.law' depends on axioms: [propext, Classical.choice, Quot.sound]
'SharpWasserstein.BrownianParticle.law_probability' depends on axioms: [propext, Classical.choice, Quot.sound]
'SharpWasserstein.BrownianParticle.law_initial' depends on axioms: [propext, Classical.choice, Quot.sound]
'SharpWasserstein.BrownianParticle.law_secondMoment' depends on axioms: [propext, Classical.choice, Quot.sound]
'SharpWasserstein.BrownianParticle.law_exchangeable' depends on axioms: [propext, Classical.choice, Quot.sound]
'SharpWasserstein.BrownianParticle.law_wassersteinSq_le' depends on axioms: [propext, Classical.choice, Quot.sound]
'SharpWasserstein.BrownianParticle.probabilityCurve' depends on axioms: [propext, Classical.choice, Quot.sound]
'SharpWasserstein.BrownianParticle.law_narrowContinuous' depends on axioms: [propext, Classical.choice, Quot.sound]
'SharpWasserstein.euclidean_flattenedDrift' depends on axioms: [propext, Classical.choice, Quot.sound]
'SharpWasserstein.BrownianParticle.law_entropy_le_wassersteinSq' depends on axioms: [propext,
 Classical.choice,
 Quot.sound]
'SharpWasserstein.BrownianParticle.globalLaw_entropy_le_wassersteinSq' depends on axioms: [propext,
 Classical.choice,
 Quot.sound]
'SharpWasserstein.particleDrift_smooth' depends on axioms: [propext, Classical.choice, Quot.sound]
'SharpWasserstein.BrownianParticle.law_integral_eq' depends on axioms: [propext, Classical.choice, Quot.sound]
'SharpWasserstein.BrownianParticle.law_equation' depends on axioms: [propext, Classical.choice, Quot.sound]
'SharpWasserstein.BrownianParticle.globalLaw_equation' depends on axioms: [propext, Classical.choice, Quot.sound]
'SharpWasserstein.BrownianParticle.globalLaw_weakEvolution' depends on axioms: [propext, Classical.choice, Quot.sound]
'SharpWasserstein.BrownianParticle.globalLaw_isParticleEvolution' depends on axioms: [propext,
 Classical.choice,
 Quot.sound]
'SharpWasserstein.BrownianPeriodicHierarchy.driftLipschitz' depends on axioms: [propext, Classical.choice, Quot.sound]
'SharpWasserstein.BrownianPeriodicHierarchy.baseline' depends on axioms: [propext, Classical.choice, Quot.sound]
'SharpWasserstein.BrownianPeriodicHierarchy.comparisonConstant' depends on axioms: [propext,
 Classical.choice,
 Quot.sound]
'SharpWasserstein.BrownianPeriodicHierarchy.externalFraction' depends on axioms: [propext, Classical.choice, Quot.sound]
'SharpWasserstein.BrownianPeriodicHierarchy.rate' depends on axioms: [propext, Classical.choice, Quot.sound]
'SharpWasserstein.BrownianPeriodicHierarchy.driftLipschitz_nonneg' depends on axioms: [propext,
 Classical.choice,
 Quot.sound]
'SharpWasserstein.BrownianPeriodicHierarchy.baseline_nonneg' depends on axioms: [propext, Classical.choice, Quot.sound]
'SharpWasserstein.BrownianPeriodicHierarchy.comparisonConstant_nonneg' depends on axioms: [propext,
 Classical.choice,
 Quot.sound]
'SharpWasserstein.BrownianPeriodicHierarchy.baseline_le_comparison' depends on axioms: [propext,
 Classical.choice,
 Quot.sound]
'SharpWasserstein.BrownianPeriodicHierarchy.terminal_le_comparison' depends on axioms: [propext,
 Classical.choice,
 Quot.sound]
'SharpWasserstein.BrownianPeriodicHierarchy.externalFraction_bounds' depends on axioms: [propext,
 Classical.choice,
 Quot.sound]
'SharpWasserstein.BrownianPeriodicHierarchy.rate_bounds' depends on axioms: [propext, Classical.choice, Quot.sound]
'SharpWasserstein.BrownianPeriodicHierarchy.rate_top' depends on axioms: [propext, Classical.choice, Quot.sound]
'SharpWasserstein.BrownianPeriodicHierarchy.periodicEnergy_level_eq' depends on axioms: [propext,
 Classical.choice,
 Quot.sound]
'SharpWasserstein.BrownianPeriodicHierarchy.gapCoefficient' depends on axioms: [propext, Classical.choice, Quot.sound]
'SharpWasserstein.BrownianPeriodicHierarchy.brownianFiniteEnergy_deriv_le' depends on axioms: [propext,
 Classical.choice,
 Quot.sound]
'SharpWasserstein.BrownianPeriodicHierarchy.brownianFiniteEnergy_terminal_deriv_le' depends on axioms: [propext,
 Classical.choice,
 Quot.sound]
'SharpWasserstein.BrownianPeriodicHierarchy.levelEnergy_measure_congr' depends on axioms: [propext,
 Classical.choice,
 Quot.sound]
'SharpWasserstein.BrownianPeriodicHierarchy.brownian_periodic_quadratic_bound_initial_flux' depends on axioms: [propext,
 Classical.choice,
 Quot.sound]
'SharpWasserstein.BrownianPeriodicHierarchy.levelProjection' depends on axioms: [propext, Classical.choice, Quot.sound]
'SharpWasserstein.BrownianPeriodicHierarchy.levelProjection_eq' depends on axioms: [propext,
 Classical.choice,
 Quot.sound]
'SharpWasserstein.BrownianPeriodicHierarchy.levelProjection_norm_le_one' depends on axioms: [propext,
 Classical.choice,
 Quot.sound]
'SharpWasserstein.BrownianPeriodicHierarchy.levelLaw' depends on axioms: [propext, Classical.choice, Quot.sound]
'SharpWasserstein.BrownianPeriodicHierarchy.levelSource' depends on axioms: [propext, Classical.choice, Quot.sound]
'SharpWasserstein.BrownianPeriodicHierarchy.levelLaw_eq' depends on axioms: [propext, Classical.choice, Quot.sound]
'SharpWasserstein.BrownianPeriodicHierarchy.levelSource_eq' depends on axioms: [propext, Classical.choice, Quot.sound]
'SharpWasserstein.BrownianPeriodicHierarchy.levelSource_finite' depends on axioms: [propext,
 Classical.choice,
 Quot.sound]
'SharpWasserstein.BrownianPeriodicHierarchy.imageSource_energy_le' depends on axioms: [propext,
 Classical.choice,
 Quot.sound]
'SharpWasserstein.BrownianPeriodicHierarchy.levelSource_energy_le' depends on axioms: [propext,
 Classical.choice,
 Quot.sound]
'SharpWasserstein.BrownianPeriodicHierarchy.brownian_level_energy_bound' depends on axioms: [propext,
 Classical.choice,
 Quot.sound]
'SharpWasserstein.BrownianPeriodicHierarchy.brownian_level_energy_bound_flux' depends on axioms: [propext,
 Classical.choice,
 Quot.sound]
'SharpWasserstein.BrownianPeriodicHierarchy.brownian_periodic_quadratic_bound' depends on axioms: [propext,
 Classical.choice,
 Quot.sound]
'SharpWasserstein.BrownianPeriodicHierarchy.brownianPeriodicEnergy' depends on axioms: [propext,
 Classical.choice,
 Quot.sound]
'SharpWasserstein.BrownianPeriodicHierarchy.brownianPeriodicEnergy_intervalIntegrable' depends on axioms: [propext,
 Classical.choice,
 Quot.sound]
'SharpWasserstein.BrownianPeriodicHierarchy.brownianPeriodicEnergy_gap_tendsto' depends on axioms: [propext,
 Classical.choice,
 Quot.sound]
'SharpWasserstein.BrownianPeriodicHierarchy.trialEnergy_measure_congr' depends on axioms: [propext,
 Classical.choice,
 Quot.sound]
'SharpWasserstein.BrownianPeriodicHierarchy.sourceFiniteEnergy_level_eq' depends on axioms: [propext,
 Classical.choice,
 Quot.sound]
'SharpWasserstein.BrownianPeriodicHierarchy.brownianFiniteEnergy' depends on axioms: [propext,
 Classical.choice,
 Quot.sound]
'SharpWasserstein.BrownianPeriodicHierarchy.brownianFiniteEnergy_hasDerivWithinAt' depends on axioms: [propext,
 Classical.choice,
 Quot.sound]
'SharpWasserstein.BrownianPeriodicHierarchy.brownianFiniteEnergy_continuousOn' depends on axioms: [propext,
 Classical.choice,
 Quot.sound]
'SharpWasserstein.BrownianPeriodicHierarchy.brownianFiniteEnergy_hasDerivAt' depends on axioms: [propext,
 Classical.choice,
 Quot.sound]
'SharpWasserstein.BrownianPeriodicHierarchy.coordinateCast' depends on axioms: [propext, Classical.choice, Quot.sound]
'SharpWasserstein.BrownianPeriodicHierarchy.coordinateCast_rfl' depends on axioms: [propext,
 Classical.choice,
 Quot.sound]
'SharpWasserstein.BrownianPeriodicHierarchy.imageSource_id' depends on axioms: [propext, Classical.choice, Quot.sound]
'SharpWasserstein.BrownianPeriodicHierarchy.periodicEnergy_measure_congr' depends on axioms: [propext,
 Classical.choice,
 Quot.sound]
'SharpWasserstein.BrownianPeriodicHierarchy.periodicEnergy_coordinateCast' depends on axioms: [propext,
 Classical.choice,
 Quot.sound]
'SharpWasserstein.BrownianPeriodicHierarchy.nextCoordinates' depends on axioms: [propext, Classical.choice, Quot.sound]
'SharpWasserstein.BrownianPeriodicHierarchy.observation_eq_nextProjection' depends on axioms: [propext,
 Classical.choice,
 Quot.sound]
'SharpWasserstein.BrownianPeriodicHierarchy.observed_nextLaw' depends on axioms: [propext, Classical.choice, Quot.sound]
'SharpWasserstein.BrownianPeriodicHierarchy.observed_nextSource' depends on axioms: [propext,
 Classical.choice,
 Quot.sound]
'SharpWasserstein.BrownianPeriodicHierarchy.observed_nextEnergy' depends on axioms: [propext,
 Classical.choice,
 Quot.sound]
'SharpWasserstein.BrownianNoise.positionPath' depends on axioms: [propext, Classical.choice, Quot.sound]
'SharpWasserstein.BrownianNoise.positionPath_measurable' depends on axioms: [propext, Classical.choice, Quot.sound]
'SharpWasserstein.BrownianNoise.positionLaw' depends on axioms: [propext, Classical.choice, Quot.sound]
'SharpWasserstein.BrownianNoise.assemblePositionPaths' depends on axioms: [propext, Classical.choice, Quot.sound]
'SharpWasserstein.BrownianNoise.assemblePositionPaths_measurable' depends on axioms: [propext,
 Classical.choice,
 Quot.sound]
'SharpWasserstein.BrownianNoise.configurationLaw_eq_position_product' depends on axioms: [propext,
 Classical.choice,
 Quot.sound]
'SharpWasserstein.probability_pi_map_prefix' depends on axioms: [propext, Classical.choice, Quot.sound]
'SharpWasserstein.BrownianFlow.law_add' depends on axioms: [propext, Classical.choice, Quot.sound]
'SharpWasserstein.BrownianFlow.globalLaw_add' depends on axioms: [propext, Classical.choice, Quot.sound]
'SharpWasserstein.BrownianFlow.globalLaw_add_integral' depends on axioms: [propext, Classical.choice, Quot.sound]
'SharpWasserstein.BrownianParticle.globalLaw_add' depends on axioms: [propext, Classical.choice, Quot.sound]
'SharpWasserstein.BrownianParticle.globalLaw_add_integral' depends on axioms: [propext, Classical.choice, Quot.sound]
'SharpWasserstein.PropagatedSourceEquation.Brownian.sourceAt_configuration_pairing' depends on axioms: [propext,
 Classical.choice,
 Quot.sound]
'SharpWasserstein.PropagatedSourceEquation.Brownian.sourceAt_zero_pairing' depends on axioms: [propext,
 Classical.choice,
 Quot.sound]
'SharpWasserstein.PropagatedSourceEquation.Brownian.sourceAt_zero_of_divergence' depends on axioms: [propext,
 Classical.choice,
 Quot.sound]
'SharpWasserstein.PropagatedSourceEquation.Brownian.lawAt_zero' depends on axioms: [propext,
 Classical.choice,
 Quot.sound]
'SharpWasserstein.PropagatedSourceEquation.Brownian.action_eq_representative_pairing' depends on axioms: [propext,
 Classical.choice,
 Quot.sound]
'SharpWasserstein.BoundedFlow.shiftPath' depends on axioms: [propext, Classical.choice, Quot.sound]
'SharpWasserstein.BoundedFlow.shiftPath_measurable' depends on axioms: [propext, Classical.choice, Quot.sound]
'SharpWasserstein.BoundedFlow.splitPath' depends on axioms: [propext, Classical.choice, Quot.sound]
'SharpWasserstein.BoundedFlow.splitPath_measurable' depends on axioms: [propext, Classical.choice, Quot.sound]
'SharpWasserstein.BrownianNoise.shiftedScalarPath_hasLaw' depends on axioms: [propext, Classical.choice, Quot.sound]
'SharpWasserstein.BrownianNoise.scalarPath_indep_shift' depends on axioms: [propext, Classical.choice, Quot.sound]
'SharpWasserstein.BrownianNoise.scalarLaw_split' depends on axioms: [propext, Classical.choice, Quot.sound]
'SharpWasserstein.BrownianNoise.coordinateLaw_split' depends on axioms: [propext, Classical.choice, Quot.sound]
'SharpWasserstein.BrownianNoise.pathLabels_split' depends on axioms: [propext, Classical.choice, Quot.sound]
'SharpWasserstein.BrownianNoise.configurationLaw_split' depends on axioms: [propext, Classical.choice, Quot.sound]
'SharpWasserstein.BrownianNoise.scalarLaw_increment_secondMoment' depends on axioms: [propext,
 Classical.choice,
 Quot.sound]
'SharpWasserstein.BrownianNoise.configurationLaw_increment_cost_integrable' depends on axioms: [propext,
 Classical.choice,
 Quot.sound]
'SharpWasserstein.BrownianNoise.configurationLaw_coordinate_increment_secondMoment' depends on axioms: [propext,
 Classical.choice,
 Quot.sound]
'SharpWasserstein.BrownianNoise.configurationLaw_increment_momentIntegral' depends on axioms: [propext,
 Classical.choice,
 Quot.sound]
'SharpWasserstein.productCost_sub_zero' depends on axioms: [propext, Classical.choice, Quot.sound]
'SharpWasserstein.FiniteAdditiveTrajectory.increment_equation' depends on axioms: [propext,
 Classical.choice,
 Quot.sound]
'SharpWasserstein.FiniteAdditiveTrajectory.increment_productCost_le' depends on axioms: [propext,
 Classical.choice,
 Quot.sound]
'SharpWasserstein.BrownianFlow.timeCost' depends on axioms: [propext, Classical.choice, Quot.sound]
'SharpWasserstein.BrownianFlow.timeCost_nonneg' depends on axioms: [propext, Classical.choice, Quot.sound]
'SharpWasserstein.BrownianFlow.timeCost_continuous' depends on axioms: [propext, Classical.choice, Quot.sound]
'SharpWasserstein.BrownianFlow.timeCost_self' depends on axioms: [propext, Classical.choice, Quot.sound]
'SharpWasserstein.BrownianFlow.law_time_wassersteinSq_le' depends on axioms: [propext, Classical.choice, Quot.sound]
'SharpWasserstein.BrownianFlow.law_time_wassersteinSq_tendsto' depends on axioms: [propext,
 Classical.choice,
 Quot.sound]
'SharpWasserstein.CompressionPeriodicTests.compression_scaled' depends on axioms: [propext,
 Classical.choice,
 Quot.sound]
'SharpWasserstein.CompressionPeriodicTests.compression_scaled_tendsto' depends on axioms: [propext,
 Classical.choice,
 Quot.sound]
'SharpWasserstein.CompressionPeriodicTests.compression_fderiv' depends on axioms: [propext,
 Classical.choice,
 Quot.sound]
'SharpWasserstein.CompressionPeriodicTests.compression_scaled_fderiv_tendsto' depends on axioms: [propext,
 Classical.choice,
 Quot.sound]
'SharpWasserstein.CompressionPeriodicTests.compressed_gradient' depends on axioms: [propext,
 Classical.choice,
 Quot.sound]
'SharpWasserstein.CompressionPeriodicTests.compressed_gradient_bound' depends on axioms: [propext,
 Classical.choice,
 Quot.sound]
'SharpWasserstein.CompressionPeriodicTests.compressed_gradient_tendsto' depends on axioms: [propext,
 Classical.choice,
 Quot.sound]
'SharpWasserstein.CompressionPeriodicTests.compression_coordinates' depends on axioms: [propext,
 Classical.choice,
 Quot.sound]
'SharpWasserstein.CompressionPeriodicTests.compressed_periodic' depends on axioms: [propext,
 Classical.choice,
 Quot.sound]
'SharpWasserstein.BrownianNoise.coordinateLaw' depends on axioms: [propext, Classical.choice, Quot.sound]
'SharpWasserstein.BrownianNoise.pathLabels' depends on axioms: [propext, Classical.choice, Quot.sound]
'SharpWasserstein.BrownianNoise.configurationPath' depends on axioms: [propext, Classical.choice, Quot.sound]
'SharpWasserstein.BrownianNoise.configurationPath_measurable' depends on axioms: [propext, Classical.choice, Quot.sound]
'SharpWasserstein.BrownianNoise.configurationLaw' depends on axioms: [propext, Classical.choice, Quot.sound]
'SharpWasserstein.BrownianNoise.labels_coordinate_preserving' depends on axioms: [propext, Classical.choice, Quot.sound]
'SharpWasserstein.BrownianNoise.configurationLaw_coordinate_preserving' depends on axioms: [propext,
 Classical.choice,
 Quot.sound]
'SharpWasserstein.BrownianNoise.configurationLaw_memLp' depends on axioms: [propext, Classical.choice, Quot.sound]
'SharpWasserstein.BrownianNoise.configurationLaw_zero_ae' depends on axioms: [propext, Classical.choice, Quot.sound]
'SharpWasserstein.BrownianNoise.configurationLaw_coordinate_secondMoment' depends on axioms: [propext,
 Classical.choice,
 Quot.sound]
'SharpWasserstein.BrownianNoise.configurationLaw_momentIntegral' depends on axioms: [propext,
 Classical.choice,
 Quot.sound]
'SharpWasserstein.BrownianNoise.configurationLaw_permutation' depends on axioms: [propext, Classical.choice, Quot.sound]
'SharpWasserstein.configurationEuclidean' depends on axioms: [propext, Classical.choice, Quot.sound]
'SharpWasserstein.configurationEuclidean_apply_coordinate' depends on axioms: [propext, Classical.choice, Quot.sound]
'SharpWasserstein.configurationEuclidean_symm_apply' depends on axioms: [propext, Classical.choice, Quot.sound]
'SharpWasserstein.configurationEuclidean_norm_sq' depends on axioms: [propext, Classical.choice, Quot.sound]
'SharpWasserstein.productCost_eq_configurationEuclidean_dist_sq' depends on axioms: [propext,
 Classical.choice,
 Quot.sound]
'SharpWasserstein.euclideanTest' depends on axioms: [propext, Classical.choice, Quot.sound]
'SharpWasserstein.euclideanTest_apply' depends on axioms: [propext, Classical.choice, Quot.sound]
'SharpWasserstein.smoothCompactTest_euclidean' depends on axioms: [propext, Classical.choice, Quot.sound]
'SharpWasserstein.smoothCompactTest_pullback' depends on axioms: [propext, Classical.choice, Quot.sound]
'SharpWasserstein.euclideanTest_gradient_pairing' depends on axioms: [propext, Classical.choice, Quot.sound]
'SharpWasserstein.configurationEuclidean_coordinateVector' depends on axioms: [propext, Classical.choice, Quot.sound]
'SharpWasserstein.euclideanTest_gradient_coordinate' depends on axioms: [propext, Classical.choice, Quot.sound]
'SharpWasserstein.euclideanTest_gradient_norm_sq' depends on axioms: [propext, Classical.choice, Quot.sound]
'SharpWasserstein.fderiv_eq_sum_coordinateDerivative' depends on axioms: [propext, Classical.choice, Quot.sound]
'SharpWasserstein.configurationTestSpace' depends on axioms: [propext, Classical.choice, Quot.sound]
'SharpWasserstein.ConfigurationTest' depends on axioms: [propext, Classical.choice, Quot.sound]
'SharpWasserstein.configurationTestEuclidean' depends on axioms: [propext, Classical.choice, Quot.sound]
'SharpWasserstein.euclideanDistribution' depends on axioms: [propext, Classical.choice, Quot.sound]
'SharpWasserstein.euclideanDistribution_test' depends on axioms: [propext, Classical.choice, Quot.sound]
'SharpWasserstein.euclideanLaw' depends on axioms: [propext, Classical.choice, Quot.sound]
'SharpWasserstein.integral_euclideanLaw' depends on axioms: [propext, Classical.choice, Quot.sound]
'SharpWasserstein.gradient_integral_euclideanLaw' depends on axioms: [propext, Classical.choice, Quot.sound]
'SharpWasserstein.configurationTestObjective' depends on axioms: [propext, Classical.choice, Quot.sound]
'SharpWasserstein.configurationTangentEnergy' depends on axioms: [propext, Classical.choice, Quot.sound]
'SharpWasserstein.ConfigurationFiniteEnergy' depends on axioms: [propext, Classical.choice, Quot.sound]
'SharpWasserstein.configurationTestObjective_eq_euclidean' depends on axioms: [propext, Classical.choice, Quot.sound]
'SharpWasserstein.configurationTestObjective_range_eq' depends on axioms: [propext, Classical.choice, Quot.sound]
'SharpWasserstein.configurationFiniteEnergy_iff' depends on axioms: [propext, Classical.choice, Quot.sound]
'SharpWasserstein.configurationTangentEnergy_eq' depends on axioms: [propext, Classical.choice, Quot.sound]
'SharpWasserstein.configurationTangent' depends on axioms: [propext, Classical.choice, Quot.sound]
'SharpWasserstein.configurationTangent_pointwise_energy' depends on axioms: [propext, Classical.choice, Quot.sound]
'SharpWasserstein.configurationTangent_divergence' depends on axioms: [propext, Classical.choice, Quot.sound]
'SharpWasserstein.configurationTangent_energy' depends on axioms: [propext, Classical.choice, Quot.sound]
'SharpWasserstein.configurationTangent_energy_integrable' depends on axioms: [propext, Classical.choice, Quot.sound]
'SharpWasserstein.configurationTangent_pairing_integrable' depends on axioms: [propext, Classical.choice, Quot.sound]
'SharpWasserstein.configurationTangent_aestronglyMeasurable' depends on axioms: [propext, Classical.choice, Quot.sound]
'SharpWasserstein.exists_configurationTangent' depends on axioms: [propext, Classical.choice, Quot.sound]
'SharpWasserstein.euclideanFlux' depends on axioms: [propext, Classical.choice, Quot.sound]
'SharpWasserstein.measurable_euclideanFlux' depends on axioms: [propext, Classical.choice, Quot.sound]
'SharpWasserstein.memLp_euclideanFlux' depends on axioms: [propext, Classical.choice, Quot.sound]
'SharpWasserstein.configurationFluxFunctional' depends on axioms: [propext, Classical.choice, Quot.sound]
'SharpWasserstein.configurationFluxFunctional_apply' depends on axioms: [propext, Classical.choice, Quot.sound]
'SharpWasserstein.euclideanDistribution_configurationFluxFunctional' depends on axioms: [propext,
 Classical.choice,
 Quot.sound]
'SharpWasserstein.configurationFluxFunctional_finiteEnergy_and_le' depends on axioms: [propext,
 Classical.choice,
 Quot.sound]
'SharpWasserstein.coordinateDerivative_pullback' depends on axioms: [propext, Classical.choice, Quot.sound]
'SharpWasserstein.coordinateDerivative_twice_pullback' depends on axioms: [propext, Classical.choice, Quot.sound]
'SharpWasserstein.laplacian_pullback' depends on axioms: [propext, Classical.choice, Quot.sound]
'SharpWasserstein.generator_pullback' depends on axioms: [propext, Classical.choice, Quot.sound]
'SharpWasserstein.BrownianNoise.configurationLaw_eval_flat_hasLaw' depends on axioms: [propext,
 Classical.choice,
 Quot.sound]
'SharpWasserstein.gaussianVectorLaw_add_mean' depends on axioms: [propext, Classical.choice, Quot.sound]
'SharpWasserstein.BoundedFlow.flow_constant' depends on axioms: [propext, Classical.choice, Quot.sound]
'SharpWasserstein.BrownianFlow.law_constant_dirac' depends on axioms: [propext, Classical.choice, Quot.sound]
'SharpWasserstein.BrownianFlow.globalLaw_constant_dirac' depends on axioms: [propext, Classical.choice, Quot.sound]
'SharpWasserstein.FrozenGaussian.timeExpectation_sub_eq_integral_bounded_smooth' depends on axioms: [propext,
 Classical.choice,
 Quot.sound]
'SharpWasserstein.continuousPath_measurableSpace_eq_comap' depends on axioms: [propext, Classical.choice, Quot.sound]
'SharpWasserstein.continuousPath_coe_measurable' depends on axioms: [propext, Classical.choice, Quot.sound]
'SharpWasserstein.continuousPath_map_coe_injective' depends on axioms: [propext, Classical.choice, Quot.sound]
'SharpWasserstein.continuousPath_indepFun_of_coe' depends on axioms: [propext, Classical.choice, Quot.sound]
'SharpWasserstein.ControlledBridge.path' depends on axioms: [propext, Classical.choice, Quot.sound]
'SharpWasserstein.ControlledBridge.control' depends on axioms: [propext, Classical.choice, Quot.sound]
'SharpWasserstein.ControlledBridge.path_terminal' depends on axioms: [propext, Classical.choice, Quot.sound]
'SharpWasserstein.ControlledBridge.path_initial' depends on axioms: [propext, Classical.choice, Quot.sound]
'SharpWasserstein.ControlledBridge.control_norm_le' depends on axioms: [propext, Classical.choice, Quot.sound]
'SharpWasserstein.ControlledBridge.path_trajectory' depends on axioms: [propext, Classical.choice, Quot.sound]
'SharpWasserstein.ControlledBridge.path_continuousOn' depends on axioms: [propext, Classical.choice, Quot.sound]
'SharpWasserstein.ControlledBridge.control_continuousOn' depends on axioms: [propext, Classical.choice, Quot.sound]
'SharpWasserstein.ControlledBridge.control_energy_le' depends on axioms: [propext, Classical.choice, Quot.sound]
'SharpWasserstein.scalar_le_zero_of_deriv_le_mul' depends on axioms: [propext, Classical.choice, Quot.sound]
'SharpWasserstein.scalar_comparison' depends on axioms: [propext, Classical.choice, Quot.sound]
'SharpWasserstein.finite_cooperative_comparison' depends on axioms: [propext, Classical.choice, Quot.sound]
'SharpWasserstein.quadraticProfile' depends on axioms: [propext, Classical.choice, Quot.sound]
'SharpWasserstein.quadraticProfile_initial' depends on axioms: [propext, Classical.choice, Quot.sound]
'SharpWasserstein.hasDerivAt_quadraticProfile' depends on axioms: [propext, Classical.choice, Quot.sound]
'SharpWasserstein.quadraticProfile_nonneg' depends on axioms: [propext, Classical.choice, Quot.sound]
'SharpWasserstein.quadraticProfile_supersolution' depends on axioms: [propext, Classical.choice, Quot.sound]
'SharpWasserstein.quadraticProfile_boundary' depends on axioms: [propext, Classical.choice, Quot.sound]
'SharpWasserstein.finite_cooperative_quadratic_bound' depends on axioms: [propext, Classical.choice, Quot.sound]
'SharpWasserstein.integrable_productCost_iff' depends on axioms: [propext, Classical.choice, Quot.sound]
'SharpWasserstein.coupling_transportCost_le_moments' depends on axioms: [propext, Classical.choice, Quot.sound]
'SharpWasserstein.coupling_productCost_integrable' depends on axioms: [propext, Classical.choice, Quot.sound]
'SharpWasserstein.coupling_displacement_memLp' depends on axioms: [propext, Classical.choice, Quot.sound]
'SharpWasserstein.CylinderWeakEvolution.directionDeriv_comp_linear' depends on axioms: [propext,
 Classical.choice,
 Quot.sound]
'SharpWasserstein.CylinderWeakEvolution.directionDeriv_twice_comp_linear' depends on axioms: [propext,
 Classical.choice,
 Quot.sound]
'SharpWasserstein.CylinderWeakEvolution.prefixProjection_single_left' depends on axioms: [propext,
 Classical.choice,
 Quot.sound]
'SharpWasserstein.CylinderWeakEvolution.prefixProjection_single_right' depends on axioms: [propext,
 Classical.choice,
 Quot.sound]
'SharpWasserstein.CylinderWeakEvolution.laplacian_comp_prefixProjection' depends on axioms: [propext,
 Classical.choice,
 Quot.sound]
'SharpWasserstein.CylinderWeakEvolution.generator_comp_prefixProjection' depends on axioms: [propext,
 Classical.choice,
 Quot.sound]
'SharpWasserstein.CylinderWeakEvolution.integral_marginalLaw' depends on axioms: [propext, Classical.choice, Quot.sound]
'SharpWasserstein.CylinderWeakEvolution.marginal_weak_generator_identity' depends on axioms: [propext,
 Classical.choice,
 Quot.sound]
'SharpWasserstein.DecoupledFlow.solution' depends on axioms: [propext, Classical.choice, Quot.sound]
'SharpWasserstein.DecoupledFlow.solution_coordinate_trajectory' depends on axioms: [propext,
 Classical.choice,
 Quot.sound]
'SharpWasserstein.DecoupledFlow.solution_measurable' depends on axioms: [propext, Classical.choice, Quot.sound]
'SharpWasserstein.DecoupledFlow.solution_productCost_le' depends on axioms: [propext, Classical.choice, Quot.sound]
'SharpWasserstein.DecoupledFlow.law' depends on axioms: [propext, Classical.choice, Quot.sound]
'SharpWasserstein.DecoupledFlow.law_probability' depends on axioms: [propext, Classical.choice, Quot.sound]
'SharpWasserstein.DecoupledFlow.law_tensor' depends on axioms: [propext, Classical.choice, Quot.sound]
'SharpWasserstein.DecoupledFlow.law_wassersteinSq_le' depends on axioms: [propext, Classical.choice, Quot.sound]
'SharpWasserstein.DecoupledFlow.law_marginal' depends on axioms: [propext, Classical.choice, Quot.sound]
'SharpWasserstein.DecoupledFlow.law_exchangeable' depends on axioms: [propext, Classical.choice, Quot.sound]
'SharpWasserstein.DenseVariational.objective' depends on axioms: [propext, Classical.choice, Quot.sound]
'SharpWasserstein.DenseVariational.bound_of_bounded_objective' depends on axioms: [propext,
 Classical.choice,
 Quot.sound]
'SharpWasserstein.DenseVariational.extension' depends on axioms: [propext, Classical.choice, Quot.sound]
'SharpWasserstein.DenseVariational.extension_apply' depends on axioms: [propext, Classical.choice, Quot.sound]
'SharpWasserstein.DenseVariational.representative' depends on axioms: [propext, Classical.choice, Quot.sound]
'SharpWasserstein.DenseVariational.representative_pairing' depends on axioms: [propext, Classical.choice, Quot.sound]
'SharpWasserstein.DenseVariational.representative_unique' depends on axioms: [propext, Classical.choice, Quot.sound]
'SharpWasserstein.DenseVariational.energy_eq_norm_sq' depends on axioms: [propext, Classical.choice, Quot.sound]
'SharpWasserstein.lipschitz_fderiv_comp' depends on axioms: [propext, Classical.choice, Quot.sound]
'SharpWasserstein.lipschitz_clm_comp_bounded' depends on axioms: [propext, Classical.choice, Quot.sound]
'SharpWasserstein.compL_lipschitz_one' depends on axioms: [propext, Classical.choice, Quot.sound]
'SharpWasserstein.compL_flip_lipschitz_one' depends on axioms: [propext, Classical.choice, Quot.sound]
'SharpWasserstein.lipschitz_secondFDeriv_comp' depends on axioms: [propext, Classical.choice, Quot.sound]
'SharpWasserstein.FiniteAdditiveTrajectory.drift_stability' depends on axioms: [propext, Classical.choice, Quot.sound]
'SharpWasserstein.gronwallBound_linear_error' depends on axioms: [propext, Classical.choice, Quot.sound]
'SharpWasserstein.finiteTrajectory_tendsto_uniform_of_drift_approximation' depends on axioms: [propext,
 Classical.choice,
 Quot.sound]
'SharpWasserstein.finiteTrajectory_tendsto_of_drift_approximation' depends on axioms: [propext,
 Classical.choice,
 Quot.sound]
'SharpWasserstein.locallyUniformDrift_along_trajectory' depends on axioms: [propext, Classical.choice, Quot.sound]
'SharpWasserstein.finiteTrajectory_tendsto_of_locallyUniform_drift' depends on axioms: [propext,
 Classical.choice,
 Quot.sound]
'SharpWasserstein.FiniteAdditiveTrajectory.sameInput_difference_bound' depends on axioms: [propext,
 Classical.choice,
 Quot.sound]
'SharpWasserstein.BoundedSmoothKernel.contDiff_first' depends on axioms: [propext, Classical.choice, Quot.sound]
'SharpWasserstein.BoundedSmoothKernel.contDiff_second' depends on axioms: [propext, Classical.choice, Quot.sound]
'SharpWasserstein.kernel_first_difference' depends on axioms: [propext, Classical.choice, Quot.sound]
'SharpWasserstein.kernel_second_difference' depends on axioms: [propext, Classical.choice, Quot.sound]
'SharpWasserstein.kernel_joint_difference' depends on axioms: [propext, Classical.choice, Quot.sound]
'SharpWasserstein.particleDrift_coordinate_bound' depends on axioms: [propext, Classical.choice, Quot.sound]
'SharpWasserstein.particleDrift_difference' depends on axioms: [propext, Classical.choice, Quot.sound]
'SharpWasserstein.particleDrift_lipschitz' depends on axioms: [propext, Classical.choice, Quot.sound]
'SharpWasserstein.nonlinearDrift_bound' depends on axioms: [propext, Classical.choice, Quot.sound]
'SharpWasserstein.kernel_integrable' depends on axioms: [propext, Classical.choice, Quot.sound]
'SharpWasserstein.nonlinearDrift_difference' depends on axioms: [propext, Classical.choice, Quot.sound]
'SharpWasserstein.nonlinearDrift_lipschitz' depends on axioms: [propext, Classical.choice, Quot.sound]
'SharpWasserstein.DriftEnergyIdentity.fderiv_gradient_inner' depends on axioms: [propext, Classical.choice, Quot.sound]
'SharpWasserstein.DriftEnergyIdentity.fderiv_gradient_symmetric' depends on axioms: [propext,
 Classical.choice,
 Quot.sound]
'SharpWasserstein.DriftEnergyIdentity.drift_energy_integrand' depends on axioms: [propext, Classical.choice, Quot.sound]
'SharpWasserstein.DriftEnergyIdentity.jacobian_quadratic_le' depends on axioms: [propext, Classical.choice, Quot.sound]
'SharpWasserstein.DriftEnergyIdentity.driftTest' depends on axioms: [propext, Classical.choice, Quot.sound]
'SharpWasserstein.DriftEnergyIdentity.integrable_density_testGradient' depends on axioms: [propext,
 Classical.choice,
 Quot.sound]
'SharpWasserstein.DriftEnergyIdentity.integral_drift_energy' depends on axioms: [propext, Classical.choice, Quot.sound]
'SharpWasserstein.DriftEnergyIdentity.integral_drift_energy_le' depends on axioms: [propext,
 Classical.choice,
 Quot.sound]
'SharpWasserstein.BoundedFlow.flow_drift_tendsto' depends on axioms: [propext, Classical.choice, Quot.sound]
'SharpWasserstein.BoundedFlow.flow_driftLaw_tendsto' depends on axioms: [propext, Classical.choice, Quot.sound]
'SharpWasserstein.BoundedFlow.flow_drift_error_integrable' depends on axioms: [propext, Classical.choice, Quot.sound]
'SharpWasserstein.BoundedFlow.flow_drift_meanSquare_tendsto' depends on axioms: [propext, Classical.choice, Quot.sound]
'SharpWasserstein.BoundedFlow.flow_drift_wassersteinSq_tendsto' depends on axioms: [propext,
 Classical.choice,
 Quot.sound]
'SharpWasserstein.configurationOfEuclidean' depends on axioms: [propext, Classical.choice, Quot.sound]
'SharpWasserstein.continuous_configurationOfEuclidean' depends on axioms: [propext, Classical.choice, Quot.sound]
'SharpWasserstein.displacement_configurationOfEuclidean' depends on axioms: [propext, Classical.choice, Quot.sound]
'SharpWasserstein.configurationToEuclidean' depends on axioms: [propext, Classical.choice, Quot.sound]
'SharpWasserstein.continuous_configurationToEuclidean' depends on axioms: [propext, Classical.choice, Quot.sound]
'SharpWasserstein.configurationOfEuclidean_toEuclidean' depends on axioms: [propext, Classical.choice, Quot.sound]
'SharpWasserstein.productCost_configurationOfEuclidean_zero' depends on axioms: [propext, Classical.choice, Quot.sound]
'SharpWasserstein.ConfigurationL2' depends on axioms: [propext, Classical.choice, Quot.sound]
'SharpWasserstein.configurationL2_norm_sq' depends on axioms: [propext, Classical.choice, Quot.sound]
'SharpWasserstein.configurationRepresentative' depends on axioms: [propext, Classical.choice, Quot.sound]
'SharpWasserstein.measurable_configurationRepresentative' depends on axioms: [propext, Classical.choice, Quot.sound]
'SharpWasserstein.l2ConfigurationLaw' depends on axioms: [propext, Classical.choice, Quot.sound]
'SharpWasserstein.l2ConfigurationLaw_probability' depends on axioms: [propext, Classical.choice, Quot.sound]
'SharpWasserstein.l2ConfigurationLaw_secondMoment' depends on axioms: [propext, Classical.choice, Quot.sound]
'SharpWasserstein.l2LiftConfiguration' depends on axioms: [propext, Classical.choice, Quot.sound]
'SharpWasserstein.law_l2LiftConfiguration' depends on axioms: [propext, Classical.choice, Quot.sound]
'SharpWasserstein.l2_commonLabel_isCoupling' depends on axioms: [propext, Classical.choice, Quot.sound]
'SharpWasserstein.l2_commonLabel_cost_root' depends on axioms: [propext, Classical.choice, Quot.sound]
'SharpWasserstein.wassersteinSq_root_l2Law_le' depends on axioms: [propext, Classical.choice, Quot.sound]
'SharpWasserstein.wassersteinSq_sqrt_l2Law_le' depends on axioms: [propext, Classical.choice, Quot.sound]
'SharpWasserstein.wasserstein_length_of_l2_integral' depends on axioms: [propext, Classical.choice, Quot.sound]
'SharpWasserstein.wassersteinSq_of_l2_integral' depends on axioms: [propext, Classical.choice, Quot.sound]
'SharpWasserstein.wasserstein_length_of_l2_derivative' depends on axioms: [propext, Classical.choice, Quot.sound]
'SharpWasserstein.wasserstein_length_of_random_trajectory' depends on axioms: [propext, Classical.choice, Quot.sound]
'SharpWasserstein.coordinateVector' depends on axioms: [propext, Classical.choice, Quot.sound]
'SharpWasserstein.coordinateDerivative' depends on axioms: [propext, Classical.choice, Quot.sound]
'SharpWasserstein.laplacian' depends on axioms: [propext, Classical.choice, Quot.sound]
'SharpWasserstein.particleDrift' depends on axioms: [propext, Classical.choice, Quot.sound]
'SharpWasserstein.nonlinearDrift' depends on axioms: [propext, Classical.choice, Quot.sound]
'SharpWasserstein.generator' depends on axioms: [propext, Classical.choice, Quot.sound]
'SharpWasserstein.SmoothCompactTest' depends on axioms: [propext, Classical.choice, Quot.sound]
'SharpWasserstein.WeakEvolution' depends on axioms: [propext, Classical.choice, Quot.sound]
'SharpWasserstein.BoundedSmoothKernel' depends on axioms: [propext, Classical.choice, Quot.sound]
'SharpWasserstein.KernelBounds' depends on axioms: [propext, Classical.choice, Quot.sound]
'SharpWasserstein.IsParticleEvolution' depends on axioms: [propext, Classical.choice, Quot.sound]
'SharpWasserstein.singletonLaw' depends on axioms: [propext, Classical.choice, Quot.sound]
'SharpWasserstein.IsLimitEvolution' depends on axioms: [propext, Classical.choice, Quot.sound]
'SharpWasserstein.InitialHierarchy' depends on axioms: [propext, Classical.choice, Quot.sound]
'SharpWasserstein.PropagatedHierarchy' depends on axioms: [propext, Classical.choice, Quot.sound]
'SharpWasserstein.MainTheorem' depends on axioms: [propext, Classical.choice, Quot.sound]
'SharpWasserstein.measurable_kernel_klDiv' depends on axioms: [propext, Classical.choice, Quot.sound]
'SharpWasserstein.rnDeriv_compProd_same_base_eq_kernel' depends on axioms: [propext, Classical.choice, Quot.sound]
'SharpWasserstein.lintegral_kernel_klDiv_eq_compProd' depends on axioms: [propext, Classical.choice, Quot.sound]
'SharpWasserstein.ae_kernel_klDiv_ne_top' depends on axioms: [propext, Classical.choice, Quot.sound]
'SharpWasserstein.integrable_kernel_klDiv_toReal' depends on axioms: [propext, Classical.choice, Quot.sound]
'SharpWasserstein.integral_kernel_klDiv_toReal_eq_compProd' depends on axioms: [propext, Classical.choice, Quot.sound]
'SharpWasserstein.conditional_joint_klDiv_ne_top' depends on axioms: [propext, Classical.choice, Quot.sound]
'SharpWasserstein.integral_kernel_klDiv_eq_entropy_increment' depends on axioms: [propext, Classical.choice, Quot.sound]
'SharpWasserstein.integrated_kernel_norm_difference_sq_le_entropy_increment' depends on axioms: [propext,
 Classical.choice,
 Quot.sound]
'SharpWasserstein.klDiv_map_le' depends on axioms: [propext, Classical.choice, Quot.sound]
'SharpWasserstein.klDiv_map_le_cost_of_exponential_density' depends on axioms: [propext, Classical.choice, Quot.sound]
'SharpWasserstein.toReal_klDiv_map_le_cost_of_exponential_density' depends on axioms: [propext,
 Classical.choice,
 Quot.sound]
'SharpWasserstein.reverse_absoluteContinuous_of_exponential_density' depends on axioms: [propext,
 Classical.choice,
 Quot.sound]
'SharpWasserstein.llr_reverse_of_exponential_density' depends on axioms: [propext, Classical.choice, Quot.sound]
'SharpWasserstein.integrable_llr_reverse_of_exponential_density' depends on axioms: [propext,
 Classical.choice,
 Quot.sound]
'SharpWasserstein.integral_llr_reverse_of_exponential_density' depends on axioms: [propext,
 Classical.choice,
 Quot.sound]
'SharpWasserstein.entropyLogClip' depends on axioms: [propext, Classical.choice, Quot.sound]
'SharpWasserstein.entropyLogClip_measurable' depends on axioms: [propext, Classical.choice, Quot.sound]
'SharpWasserstein.entropyLogClip_abs_le' depends on axioms: [propext, Classical.choice, Quot.sound]
'SharpWasserstein.entropyLogClip_fenchel_nonneg' depends on axioms: [propext, Classical.choice, Quot.sound]
'SharpWasserstein.entropyLogClip_fenchel_tendsto' depends on axioms: [propext, Classical.choice, Quot.sound]
'SharpWasserstein.absolutelyContinuous_of_bounded_entropy_tests' depends on axioms: [propext,
 Classical.choice,
 Quot.sound]
'SharpWasserstein.klDiv_le_of_bounded_entropy_tests' depends on axioms: [propext, Classical.choice, Quot.sound]
'SharpWasserstein.bounded_entropy_test_le_klDiv' depends on axioms: [propext, Classical.choice, Quot.sound]
'SharpWasserstein.entropyIncrement' depends on axioms: [propext, Classical.choice, Quot.sound]
'SharpWasserstein.entropy_block_telescope' depends on axioms: [propext, Classical.choice, Quot.sound]
'SharpWasserstein.FiniteEntropyConditions' depends on axioms: [propext, Classical.choice, Quot.sound]
'SharpWasserstein.entropy_increment_nonneg' depends on axioms: [propext, Classical.choice, Quot.sound]
'SharpWasserstein.entropy_level_nonneg' depends on axioms: [propext, Classical.choice, Quot.sound]
'SharpWasserstein.entropy_increment_block' depends on axioms: [propext, Classical.choice, Quot.sound]
'SharpWasserstein.entropy_increment_low' depends on axioms: [propext, Classical.choice, Quot.sound]
'SharpWasserstein.entropy_increment_high' depends on axioms: [propext, Classical.choice, Quot.sound]
'SharpWasserstein.external_coefficient_le_one' depends on axioms: [propext, Classical.choice, Quot.sound]
'SharpWasserstein.external_source_high_algebra' depends on axioms: [propext, Classical.choice, Quot.sound]
'SharpWasserstein.quadratic_profile_le_constant' depends on axioms: [propext, Classical.choice, Quot.sound]
'SharpWasserstein.entropy_external_source_bound' depends on axioms: [propext, Classical.choice, Quot.sound]
'SharpWasserstein.entropy_internal_source_bound' depends on axioms: [propext, Classical.choice, Quot.sound]
'SharpWasserstein.combine_source_energy_bounds' depends on axioms: [propext, Classical.choice, Quot.sound]
'SharpWasserstein.source_energy_from_entropy_profile' depends on axioms: [propext, Classical.choice, Quot.sound]
'SharpWasserstein.klDiv_reverse_of_exponential_density' depends on axioms: [propext, Classical.choice, Quot.sound]
'SharpWasserstein.klDiv_reverse_ne_top_of_exponential_density' depends on axioms: [propext,
 Classical.choice,
 Quot.sound]
'SharpWasserstein.toReal_klDiv_reverse_of_exponential_density' depends on axioms: [propext,
 Classical.choice,
 Quot.sound]
'SharpWasserstein.entropy_abs_exp_sub_le' depends on axioms: [propext, Classical.choice, Quot.sound]
'SharpWasserstein.entropy_clip_error_le' depends on axioms: [propext, Classical.choice, Quot.sound]
'SharpWasserstein.klDiv_le_of_continuous_entropy_tests' depends on axioms: [propext, Classical.choice, Quot.sound]
'SharpWasserstein.entropyTestExp' depends on axioms: [propext, Classical.choice, Quot.sound]
'SharpWasserstein.klDiv_le_liminf_of_narrow' depends on axioms: [propext, Classical.choice, Quot.sound]
'SharpWasserstein.klDiv_le_of_narrow_entropy_bound' depends on axioms: [propext, Classical.choice, Quot.sound]
'SharpWasserstein.integral_sq_le_entropy_of_subGaussian' depends on axioms: [propext, Classical.choice, Quot.sound]
'SharpWasserstein.integral_difference_sq_le_klDiv' depends on axioms: [propext, Classical.choice, Quot.sound]
'SharpWasserstein.kernel_integral_difference_sq_le_klDiv' depends on axioms: [propext, Classical.choice, Quot.sound]
'SharpWasserstein.norm_integral_difference_sq_le_klDiv' depends on axioms: [propext, Classical.choice, Quot.sound]
'SharpWasserstein.kernel_norm_integral_difference_sq_le_klDiv' depends on axioms: [propext,
 Classical.choice,
 Quot.sound]
'SharpWasserstein.integral_le_klDiv_add_log_exp' depends on axioms: [propext, Classical.choice, Quot.sound]
'SharpWasserstein.integral_sq_le_entropy_of_log_mgf_bound' depends on axioms: [propext, Classical.choice, Quot.sound]
'SharpWasserstein.positionSq' depends on axioms: [propext, Classical.choice, Quot.sound]
'SharpWasserstein.positionSq_nonneg' depends on axioms: [propext, Classical.choice, Quot.sound]
'SharpWasserstein.norm_sq_le_positionSq' depends on axioms: [propext, Classical.choice, Quot.sound]
'SharpWasserstein.positionSq_le_norm_sq' depends on axioms: [propext, Classical.choice, Quot.sound]
'SharpWasserstein.productCost_eq_sum_positionSq' depends on axioms: [propext, Classical.choice, Quot.sound]
'SharpWasserstein.positionSq_average_le' depends on axioms: [propext, Classical.choice, Quot.sound]
'SharpWasserstein.kernel_joint_quadratic_difference' depends on axioms: [propext, Classical.choice, Quot.sound]
'SharpWasserstein.particleDrift_quadratic_difference' depends on axioms: [propext, Classical.choice, Quot.sound]
'SharpWasserstein.FiniteAdditiveTrajectory.map_equiv' depends on axioms: [propext, Classical.choice, Quot.sound]
'SharpWasserstein.euclidean_particleDrift_lipschitz' depends on axioms: [propext, Classical.choice, Quot.sound]
'SharpWasserstein.particleTrajectory_productCost_le' depends on axioms: [propext, Classical.choice, Quot.sound]
'SharpWasserstein.EulerBridge.shiftedDrift' depends on axioms: [propext, Classical.choice, Quot.sound]
'SharpWasserstein.EulerBridge.shiftedDrift_continuous' depends on axioms: [propext, Classical.choice, Quot.sound]
'SharpWasserstein.EulerBridge.shiftedDrift_lipschitz' depends on axioms: [propext, Classical.choice, Quot.sound]
'SharpWasserstein.EulerBridge.shiftedDrift_norm_le' depends on axioms: [propext, Classical.choice, Quot.sound]
'SharpWasserstein.EulerBridge.nodes_conjugacy' depends on axioms: [propext, Classical.choice, Quot.sound]
'SharpWasserstein.EulerBridge.endpoint_conjugacy' depends on axioms: [propext, Classical.choice, Quot.sound]
'SharpWasserstein.BrownianNoise.linearGrid' depends on axioms: [propext, Classical.choice, Quot.sound]
'SharpWasserstein.BrownianNoise.linearGrid_monotone' depends on axioms: [propext, Classical.choice, Quot.sound]
'SharpWasserstein.BrownianNoise.linearGrid_variance' depends on axioms: [propext, Classical.choice, Quot.sound]
'SharpWasserstein.BrownianNoise.flattenedGridIncrement_linear' depends on axioms: [propext,
 Classical.choice,
 Quot.sound]
'SharpWasserstein.configurationEuler_simulator_grid_eq_nodes' depends on axioms: [propext, Classical.choice, Quot.sound]
'SharpWasserstein.configurationEuler_brownian_grid_hasLaw' depends on axioms: [propext, Classical.choice, Quot.sound]
'SharpWasserstein.configurationFlatten_add' depends on axioms: [propext, Classical.choice, Quot.sound]
'SharpWasserstein.configurationFlatten_sub' depends on axioms: [propext, Classical.choice, Quot.sound]
'SharpWasserstein.configurationFlatten_smul' depends on axioms: [propext, Classical.choice, Quot.sound]
'SharpWasserstein.configurationFlatten_zero' depends on axioms: [propext, Classical.choice, Quot.sound]
'SharpWasserstein.flattenedDrift' depends on axioms: [propext, Classical.choice, Quot.sound]
'SharpWasserstein.flattenedDrift_measurable' depends on axioms: [propext, Classical.choice, Quot.sound]
'SharpWasserstein.configurationFlatten_nodes' depends on axioms: [propext, Classical.choice, Quot.sound]
'SharpWasserstein.BrownianNoise.uniformGrid' depends on axioms: [propext, Classical.choice, Quot.sound]
'SharpWasserstein.BrownianNoise.uniformGrid_monotone' depends on axioms: [propext, Classical.choice, Quot.sound]
'SharpWasserstein.BrownianNoise.uniformGrid_variance' depends on axioms: [propext, Classical.choice, Quot.sound]
'SharpWasserstein.BrownianNoise.flattenedGridIncrement_uniform' depends on axioms: [propext,
 Classical.choice,
 Quot.sound]
'SharpWasserstein.configurationEulerMean' depends on axioms: [propext, Classical.choice, Quot.sound]
'SharpWasserstein.configurationEulerObservation' depends on axioms: [propext, Classical.choice, Quot.sound]
'SharpWasserstein.configurationEulerMean_measurable' depends on axioms: [propext, Classical.choice, Quot.sound]
'SharpWasserstein.configurationEulerObservation_measurable' depends on axioms: [propext, Classical.choice, Quot.sound]
'SharpWasserstein.configurationEuler_simulator_eq_nodes' depends on axioms: [propext, Classical.choice, Quot.sound]
'SharpWasserstein.configurationEuler_brownian_hasLaw' depends on axioms: [propext, Classical.choice, Quot.sound]
'SharpWasserstein.Euler.nodes' depends on axioms: [propext, Classical.choice, Quot.sound]
'SharpWasserstein.Euler.residual' depends on axioms: [propext, Classical.choice, Quot.sound]
'SharpWasserstein.Euler.error_step' depends on axioms: [propext, Classical.choice, Quot.sound]
'SharpWasserstein.Euler.discrete_gronwall' depends on axioms: [propext, Classical.choice, Quot.sound]
'SharpWasserstein.Euler.node_error_le' depends on axioms: [propext, Classical.choice, Quot.sound]
'SharpWasserstein.Euler.trajectory_step' depends on axioms: [propext, Classical.choice, Quot.sound]
'SharpWasserstein.Euler.residual_eq_integral' depends on axioms: [propext, Classical.choice, Quot.sound]
'SharpWasserstein.Euler.trajectory_residual_small' depends on axioms: [propext, Classical.choice, Quot.sound]
'SharpWasserstein.Euler.growth_factor_le' depends on axioms: [propext, Classical.choice, Quot.sound]
'SharpWasserstein.Euler.trajectory_nodes_uniform_error' depends on axioms: [propext, Classical.choice, Quot.sound]
'SharpWasserstein.Euler.trajectory_endpoint_tendsto' depends on axioms: [propext, Classical.choice, Quot.sound]
'SharpWasserstein.Euler.nodes_compensated_norm_le' depends on axioms: [propext, Classical.choice, Quot.sound]
'SharpWasserstein.Euler.trajectory_endpoint_error_bound' depends on axioms: [propext, Classical.choice, Quot.sound]
'SharpWasserstein.gaussianHistoryCurrent' depends on axioms: [propext, Classical.choice, Quot.sound]
'SharpWasserstein.eulerHistoryMean' depends on axioms: [propext, Classical.choice, Quot.sound]
'SharpWasserstein.gaussianHistoryCurrent_measurable' depends on axioms: [propext, Classical.choice, Quot.sound]
'SharpWasserstein.eulerHistoryMean_measurable' depends on axioms: [propext, Classical.choice, Quot.sound]
'SharpWasserstein.gaussianHistoryAppend_label' depends on axioms: [propext, Classical.choice, Quot.sound]
'SharpWasserstein.gaussianHistoryAppend_last' depends on axioms: [propext, Classical.choice, Quot.sound]
'SharpWasserstein.gaussianHistorySimulator_label' depends on axioms: [propext, Classical.choice, Quot.sound]
'SharpWasserstein.gaussianHistorySimulator_current_eq_nodes' depends on axioms: [propext, Classical.choice, Quot.sound]
'SharpWasserstein.eulerLabelHistoryMean' depends on axioms: [propext, Classical.choice, Quot.sound]
'SharpWasserstein.eulerLabelHistoryMean_measurable' depends on axioms: [propext, Classical.choice, Quot.sound]
'SharpWasserstein.gaussianHistorySimulator_label_current_eq_nodes' depends on axioms: [propext,
 Classical.choice,
 Quot.sound]
'SharpWasserstein.probabilityMeasure_map_tendsto' depends on axioms: [propext, Classical.choice, Quot.sound]
'SharpWasserstein.Euler.nodes_measurable' depends on axioms: [propext, Classical.choice, Quot.sound]
'SharpWasserstein.Euler.endpointMap' depends on axioms: [propext, Classical.choice, Quot.sound]
'SharpWasserstein.Euler.endpointMap_measurable' depends on axioms: [propext, Classical.choice, Quot.sound]
'SharpWasserstein.Euler.endpointLaw_tendsto' depends on axioms: [propext, Classical.choice, Quot.sound]
'SharpWasserstein.Euler.endpoint_meanSquare_tendsto' depends on axioms: [propext, Classical.choice, Quot.sound]
'SharpWasserstein.Euler.endpoint_meanSquare_integrable' depends on axioms: [propext, Classical.choice, Quot.sound]
'SharpWasserstein.Euler.continuous_step_error' depends on axioms: [propext, Classical.choice, Quot.sound]
'SharpWasserstein.Euler.riemann_error_le' depends on axioms: [propext, Classical.choice, Quot.sound]
'SharpWasserstein.Euler.riemann_tendsto' depends on axioms: [propext, Classical.choice, Quot.sound]
'SharpWasserstein.Euler.scaled_sum_bound' depends on axioms: [propext, Classical.choice, Quot.sound]
'SharpWasserstein.Euler.grid_time_mem_Icc' depends on axioms: [propext, Classical.choice, Quot.sound]
'SharpWasserstein.Euler.nodes_uniform_eventually' depends on axioms: [propext, Classical.choice, Quot.sound]
'SharpWasserstein.Euler.node_sum_difference_tendsto' depends on axioms: [propext, Classical.choice, Quot.sound]
'SharpWasserstein.Euler.bounded_observable_integrable' depends on axioms: [propext, Classical.choice, Quot.sound]
'SharpWasserstein.Euler.node_sum_difference_expectation_tendsto' depends on axioms: [propext,
 Classical.choice,
 Quot.sound]
'SharpWasserstein.Euler.trajectory_mean_continuousOn' depends on axioms: [propext, Classical.choice, Quot.sound]
'SharpWasserstein.Euler.expected_nodes_riemann_tendsto' depends on axioms: [propext, Classical.choice, Quot.sound]
'SharpWasserstein.EulerTime.node_sum_difference_tendsto' depends on axioms: [propext, Classical.choice, Quot.sound]
'SharpWasserstein.EulerTime.node_sum_difference_expectation_tendsto' depends on axioms: [propext,
 Classical.choice,
 Quot.sound]
'SharpWasserstein.EulerTime.trajectory_mean_continuousOn' depends on axioms: [propext, Classical.choice, Quot.sound]
'SharpWasserstein.EulerTime.expected_nodes_riemann_tendsto' depends on axioms: [propext, Classical.choice, Quot.sound]
'SharpWasserstein.EulerTimeWeak.brownian_trajectory_weak_equation' depends on axioms: [propext,
 Classical.choice,
 Quot.sound]
'SharpWasserstein.EulerTimeWeak.mean' depends on axioms: [propext, Classical.choice, Quot.sound]
'SharpWasserstein.EulerTimeWeak.mean_measurable' depends on axioms: [propext, Classical.choice, Quot.sound]
'SharpWasserstein.EulerTimeWeak.law' depends on axioms: [propext, Classical.choice, Quot.sound]
'SharpWasserstein.EulerTimeWeak.state' depends on axioms: [propext, Classical.choice, Quot.sound]
'SharpWasserstein.EulerTimeWeak.state_measurable' depends on axioms: [propext, Classical.choice, Quot.sound]
'SharpWasserstein.EulerTimeWeak.mean_eq' depends on axioms: [propext, Classical.choice, Quot.sound]
'SharpWasserstein.EulerTimeWeak.state_integrable' depends on axioms: [propext, Classical.choice, Quot.sound]
'SharpWasserstein.EulerTimeWeak.expectation' depends on axioms: [propext, Classical.choice, Quot.sound]
'SharpWasserstein.EulerTimeWeak.expectation_succ' depends on axioms: [propext, Classical.choice, Quot.sound]
'SharpWasserstein.EulerTimeWeak.expectation_step_error' depends on axioms: [propext, Classical.choice, Quot.sound]
'SharpWasserstein.EulerTimeWeak.expectation_zero' depends on axioms: [propext, Classical.choice, Quot.sound]
'SharpWasserstein.EulerTimeWeak.expectation_eq_brownian_node' depends on axioms: [propext, Classical.choice, Quot.sound]
'SharpWasserstein.EulerTimeWeak.expectation_telescope_error' depends on axioms: [propext, Classical.choice, Quot.sound]
'SharpWasserstein.Euler.endpoint_wassersteinSq_tendsto' depends on axioms: [propext, Classical.choice, Quot.sound]
'SharpWasserstein.EulerWeak.brownian_trajectory_weak_equation' depends on axioms: [propext,
 Classical.choice,
 Quot.sound]
'SharpWasserstein.gaussianHistory_integral_last' depends on axioms: [propext, Classical.choice, Quot.sound]
'SharpWasserstein.EulerWeak.mean' depends on axioms: [propext, Classical.choice, Quot.sound]
'SharpWasserstein.EulerWeak.mean_measurable' depends on axioms: [propext, Classical.choice, Quot.sound]
'SharpWasserstein.EulerWeak.law' depends on axioms: [propext, Classical.choice, Quot.sound]
'SharpWasserstein.EulerWeak.state' depends on axioms: [propext, Classical.choice, Quot.sound]
'SharpWasserstein.EulerWeak.state_measurable' depends on axioms: [propext, Classical.choice, Quot.sound]
'SharpWasserstein.EulerWeak.mean_eq' depends on axioms: [propext, Classical.choice, Quot.sound]
'SharpWasserstein.EulerWeak.state_integrable' depends on axioms: [propext, Classical.choice, Quot.sound]
'SharpWasserstein.EulerWeak.expectation' depends on axioms: [propext, Classical.choice, Quot.sound]
'SharpWasserstein.EulerWeak.expectation_succ' depends on axioms: [propext, Classical.choice, Quot.sound]
'SharpWasserstein.EulerWeak.expectation_step_error' depends on axioms: [propext, Classical.choice, Quot.sound]
'SharpWasserstein.EulerWeak.expectation_zero' depends on axioms: [propext, Classical.choice, Quot.sound]
'SharpWasserstein.EulerWeak.expectation_eq_brownian_node' depends on axioms: [propext, Classical.choice, Quot.sound]
'SharpWasserstein.EulerWeak.expectation_telescope_error' depends on axioms: [propext, Classical.choice, Quot.sound]
'SharpWasserstein.EulerianTransport.exists_compact_test_approximation' depends on axioms: [propext,
 Classical.choice,
 Quot.sound]
'SharpWasserstein.EulerianTransport.CompactWeakContinuity' depends on axioms: [propext, Classical.choice, Quot.sound]
'SharpWasserstein.EulerianTransport.CompactWeakContinuity.toWeakContinuity' depends on axioms: [propext,
 Classical.choice,
 Quot.sound]
'SharpWasserstein.EulerianTransport.CompactWeakContinuity.wassersteinSq_le_action' depends on axioms: [propext,
 Classical.choice,
 Quot.sound]
'SharpWasserstein.EulerianTransport.CompactWeakContinuity.eq_flowLaw' depends on axioms: [propext,
 Classical.choice,
 Quot.sound]
'SharpWasserstein.EulerianTransport.CompactWeakContinuity.wasserstein_length_le_action' depends on axioms: [propext,
 Classical.choice,
 Quot.sound]
'SharpWasserstein.EulerianTransport.WeakContinuity' depends on axioms: [propext, Classical.choice, Quot.sound]
'SharpWasserstein.EulerianTransport.generator_norm_le' depends on axioms: [propext, Classical.choice, Quot.sound]
'SharpWasserstein.EulerianTransport.generator_lipschitz' depends on axioms: [propext, Classical.choice, Quot.sound]
'SharpWasserstein.EulerianTransport.generator_drift_difference_le' depends on axioms: [propext,
 Classical.choice,
 Quot.sound]
'SharpWasserstein.EulerianTransport.integral_generator_drift_difference_le' depends on axioms: [propext,
 Classical.choice,
 Quot.sound]
'SharpWasserstein.EulerianTransport.uniform_generator_expectation' depends on axioms: [propext,
 Classical.choice,
 Quot.sound]
'SharpWasserstein.EulerianTransport.WeakContinuity.uniform_weak_step_error' depends on axioms: [propext,
 Classical.choice,
 Quot.sound]
'SharpWasserstein.EulerianTransport.integral_step_error_bound' depends on axioms: [propext,
 Classical.choice,
 Quot.sound]
'SharpWasserstein.EulerianTransport.solution' depends on axioms: [propext, Classical.choice, Quot.sound]
'SharpWasserstein.EulerianTransport.solution_joint_continuous' depends on axioms: [propext,
 Classical.choice,
 Quot.sound]
'SharpWasserstein.EulerianTransport.solution_initial' depends on axioms: [propext, Classical.choice, Quot.sound]
'SharpWasserstein.EulerianTransport.solution_hasDerivWithinAt' depends on axioms: [propext,
 Classical.choice,
 Quot.sound]
'SharpWasserstein.EulerianTransport.flowLaw' depends on axioms: [propext, Classical.choice, Quot.sound]
'SharpWasserstein.EulerianTransport.flowLaw_continuous' depends on axioms: [propext, Classical.choice, Quot.sound]
'SharpWasserstein.EulerianTransport.flowLaw_initial' depends on axioms: [propext, Classical.choice, Quot.sound]
'SharpWasserstein.EulerianTransport.flowLaw_integral' depends on axioms: [propext, Classical.choice, Quot.sound]
'SharpWasserstein.EulerianTransport.solution_test_equation' depends on axioms: [propext, Classical.choice, Quot.sound]
'SharpWasserstein.EulerianTransport.flowLaw_weakContinuity' depends on axioms: [propext, Classical.choice, Quot.sound]
'SharpWasserstein.EulerianTransport.norm_toLp_sub_sq' depends on axioms: [propext, Classical.choice, Quot.sound]
'SharpWasserstein.EulerianTransport.continuous_toLp_of_uniform_bound' depends on axioms: [propext,
 Classical.choice,
 Quot.sound]
'SharpWasserstein.EulerianTransport.intervalIntegrable_toLp_of_uniform_bound' depends on axioms: [propext,
 Classical.choice,
 Quot.sound]
'SharpWasserstein.EulerianTransport.euclideanMap' depends on axioms: [propext, Classical.choice, Quot.sound]
'SharpWasserstein.EulerianTransport.euclideanMap_apply' depends on axioms: [propext, Classical.choice, Quot.sound]
'SharpWasserstein.EulerianTransport.euclideanMap_norm_sq' depends on axioms: [propext, Classical.choice, Quot.sound]
'SharpWasserstein.EulerianTransport.solution_norm_le' depends on axioms: [propext, Classical.choice, Quot.sound]
'SharpWasserstein.EulerianTransport.solution_memLp' depends on axioms: [propext, Classical.choice, Quot.sound]
'SharpWasserstein.EulerianTransport.flowLaw_secondMoment' depends on axioms: [propext, Classical.choice, Quot.sound]
'SharpWasserstein.EulerianTransport.velocity' depends on axioms: [propext, Classical.choice, Quot.sound]
'SharpWasserstein.EulerianTransport.velocity_joint_continuous' depends on axioms: [propext,
 Classical.choice,
 Quot.sound]
'SharpWasserstein.EulerianTransport.velocity_norm_le' depends on axioms: [propext, Classical.choice, Quot.sound]
'SharpWasserstein.EulerianTransport.velocity_memLp' depends on axioms: [propext, Classical.choice, Quot.sound]
'SharpWasserstein.EulerianTransport.velocity_norm_eq_action' depends on axioms: [propext, Classical.choice, Quot.sound]
'SharpWasserstein.EulerianTransport.flowLaw_wassersteinSq_le_action' depends on axioms: [propext,
 Classical.choice,
 Quot.sound]
'SharpWasserstein.EulerianTransport.WeakContinuity.eq_flowLaw' depends on axioms: [propext,
 Classical.choice,
 Quot.sound]
'SharpWasserstein.EulerianTransport.WeakContinuity.wassersteinSq_le_action' depends on axioms: [propext,
 Classical.choice,
 Quot.sound]
'SharpWasserstein.EulerianTransport.WeakContinuity.wasserstein_length_le_action' depends on axioms: [propext,
 Classical.choice,
 Quot.sound]
'SharpWasserstein.EulerianTransport.generator' depends on axioms: [propext, Classical.choice, Quot.sound]
'SharpWasserstein.EulerianTransport.step' depends on axioms: [propext, Classical.choice, Quot.sound]
'SharpWasserstein.EulerianTransport.backward' depends on axioms: [propext, Classical.choice, Quot.sound]
'SharpWasserstein.EulerianTransport.norm_backward_le' depends on axioms: [propext, Classical.choice, Quot.sound]
'SharpWasserstein.EulerianTransport.smooth_step' depends on axioms: [propext, Classical.choice, Quot.sound]
'SharpWasserstein.EulerianTransport.smooth_backward' depends on axioms: [propext, Classical.choice, Quot.sound]
'SharpWasserstein.EulerianTransport.lipschitz_step' depends on axioms: [propext, Classical.choice, Quot.sound]
'SharpWasserstein.EulerianTransport.lipschitz_fderiv_step' depends on axioms: [propext, Classical.choice, Quot.sound]
'SharpWasserstein.EulerianTransport.backward_derivative_bounds' depends on axioms: [propext,
 Classical.choice,
 Quot.sound]
'SharpWasserstein.EulerianTransport.uniform_backward_derivative_bounds' depends on axioms: [propext,
 Classical.choice,
 Quot.sound]
'SharpWasserstein.EulerianTransport.taylor_error_le' depends on axioms: [propext, Classical.choice, Quot.sound]
'SharpWasserstein.EulerianTransport.step_error_le' depends on axioms: [propext, Classical.choice, Quot.sound]
'SharpWasserstein.EulerianTransport.WeakContinuity.mono' depends on axioms: [propext, Classical.choice, Quot.sound]
'SharpWasserstein.EulerianTransport.WeakContinuity.uniform_backward_step_error' depends on axioms: [propext,
 Classical.choice,
 Quot.sound]
'SharpWasserstein.EulerianTransport.WeakContinuity.backward_telescope_error' depends on axioms: [propext,
 Classical.choice,
 Quot.sound]
'SharpWasserstein.EulerianTransport.WeakContinuity.integral_eq_of_same_initial' depends on axioms: [propext,
 Classical.choice,
 Quot.sound]
'SharpWasserstein.EulerianTransport.WeakContinuity.eq_of_same_initial' depends on axioms: [propext,
 Classical.choice,
 Quot.sound]
'SharpWasserstein.nextParticleJoint' depends on axioms: [propext, Classical.choice, Quot.sound]
'SharpWasserstein.nextParticleJoint_fst' depends on axioms: [propext, Classical.choice, Quot.sound]
'SharpWasserstein.nextParticleJoint_klDiv' depends on axioms: [propext, Classical.choice, Quot.sound]
'SharpWasserstein.nextParticleJoint_klDiv_ne_top' depends on axioms: [propext, Classical.choice, Quot.sound]
'SharpWasserstein.conditional_klDiv_eq_marginal_entropy_increment' depends on axioms: [propext,
 Classical.choice,
 Quot.sound]
'SharpWasserstein.integrable_conditional_discrepancy_sq' depends on axioms: [propext, Classical.choice, Quot.sound]
'SharpWasserstein.conditional_discrepancy_sq_le_marginal_entropy_increment' depends on axioms: [propext,
 Classical.choice,
 Quot.sound]
'SharpWasserstein.conditional_discrepancy_sum_le_entropy_increment' depends on axioms: [propext,
 Classical.choice,
 Quot.sound]
'SharpWasserstein.exchangeable_conditional_source_quadratic_bound' depends on axioms: [propext,
 Classical.choice,
 Quot.sound]
'SharpWasserstein.klDiv_map_measurableEquiv' depends on axioms: [propext, Classical.choice, Quot.sound]
'SharpWasserstein.klDiv_marginals_add_le_product' depends on axioms: [propext, Classical.choice, Quot.sound]
'SharpWasserstein.toReal_klDiv_marginals_add_le_product' depends on axioms: [propext, Classical.choice, Quot.sound]
'SharpWasserstein.klDiv_compProd_map_le' depends on axioms: [propext, Classical.choice, Quot.sound]
'SharpWasserstein.entropy_second_difference_nonneg_of_equal_kernel_marginals' depends on axioms: [propext,
 Classical.choice,
 Quot.sound]
'SharpWasserstein.equal_pair_marginals_of_swap' depends on axioms: [propext, Classical.choice, Quot.sound]
'SharpWasserstein.entropy_second_difference_nonneg_of_pair_swap' depends on axioms: [propext,
 Classical.choice,
 Quot.sound]
'SharpWasserstein.splitLastParticle' depends on axioms: [propext, Classical.choice, Quot.sound]
'SharpWasserstein.splitLastParticle_apply' depends on axioms: [propext, Classical.choice, Quot.sound]
'SharpWasserstein.map_tensorLaw_splitLastParticle' depends on axioms: [propext, Classical.choice, Quot.sound]
'SharpWasserstein.splitLastTwoParticles' depends on axioms: [propext, Classical.choice, Quot.sound]
'SharpWasserstein.splitLastTwoParticles_apply' depends on axioms: [propext, Classical.choice, Quot.sound]
'SharpWasserstein.map_tensorLaw_splitLastTwoParticles' depends on axioms: [propext, Classical.choice, Quot.sound]
'SharpWasserstein.marginal_marginal' depends on axioms: [propext, Classical.choice, Quot.sound]
'SharpWasserstein.marginal_self' depends on axioms: [propext, Classical.choice, Quot.sound]
'SharpWasserstein.marginal_tensorLaw_succ' depends on axioms: [propext, Classical.choice, Quot.sound]
'SharpWasserstein.marginal_tensorLaw' depends on axioms: [propext, Classical.choice, Quot.sound]
'SharpWasserstein.marginal_klDiv_ne_top' depends on axioms: [propext, Classical.choice, Quot.sound]
'SharpWasserstein.pairObservation' depends on axioms: [propext, Classical.choice, Quot.sound]
'SharpWasserstein.measurable_pairObservation' depends on axioms: [propext, Classical.choice, Quot.sound]
'SharpWasserstein.pairObservation_eq_split' depends on axioms: [propext, Classical.choice, Quot.sound]
'SharpWasserstein.pairObservation_swap_invariant' depends on axioms: [propext, Classical.choice, Quot.sound]
'SharpWasserstein.map_pairObservation' depends on axioms: [propext, Classical.choice, Quot.sound]
'SharpWasserstein.pairObservation_fst' depends on axioms: [propext, Classical.choice, Quot.sound]
'SharpWasserstein.pairObservation_prefix_one' depends on axioms: [propext, Classical.choice, Quot.sound]
'SharpWasserstein.exchangeable_marginal_entropy_second_difference' depends on axioms: [propext,
 Classical.choice,
 Quot.sound]
'SharpWasserstein.marginalEntropy' depends on axioms: [propext, Classical.choice, Quot.sound]
'SharpWasserstein.marginalEntropy_eq' depends on axioms: [propext, Classical.choice, Quot.sound]
'SharpWasserstein.marginalEntropy_nonneg' depends on axioms: [propext, Classical.choice, Quot.sound]
'SharpWasserstein.probabilityMeasure_eq_of_subsingleton' depends on axioms: [propext, Classical.choice, Quot.sound]
'SharpWasserstein.marginalEntropy_zero' depends on axioms: [propext, Classical.choice, Quot.sound]
'SharpWasserstein.exchangeable_entropy_increment_step' depends on axioms: [propext, Classical.choice, Quot.sound]
'SharpWasserstein.exchangeable_finiteEntropyConditions' depends on axioms: [propext, Classical.choice, Quot.sound]
'SharpWasserstein.exchangeable_entropy_external_source_bound' depends on axioms: [propext, Classical.choice, Quot.sound]
'SharpWasserstein.ExternalInteraction.gradientConstant' depends on axioms: [propext, Classical.choice, Quot.sound]
'SharpWasserstein.ExternalInteraction.gradientConstant_nonneg' depends on axioms: [propext,
 Classical.choice,
 Quot.sound]
'SharpWasserstein.ExternalInteraction.interaction_gradient_memLp' depends on axioms: [propext,
 Classical.choice,
 Quot.sound]
'SharpWasserstein.ExternalInteraction.integral_interaction_gradient_sq_le' depends on axioms: [propext,
 Classical.choice,
 Quot.sound]
'SharpWasserstein.ExternalInteraction.integral_pairing_abs_le' depends on axioms: [propext,
 Classical.choice,
 Quot.sound]
'SharpWasserstein.ExternalInteraction.integral_pairing_sq_le' depends on axioms: [propext, Classical.choice, Quot.sound]
'SharpWasserstein.ExternalInteraction.liftedGradient' depends on axioms: [propext, Classical.choice, Quot.sound]
'SharpWasserstein.ExternalInteraction.fluctuation' depends on axioms: [propext, Classical.choice, Quot.sound]
'SharpWasserstein.ExternalInteraction.fluctuation_memLp' depends on axioms: [propext, Classical.choice, Quot.sound]
'SharpWasserstein.ExternalInteraction.fluctuation_pairing_sq_le' depends on axioms: [propext,
 Classical.choice,
 Quot.sound]
'SharpWasserstein.ExternalInteraction.young_of_sq_le' depends on axioms: [propext, Classical.choice, Quot.sound]
'SharpWasserstein.ExternalInteraction.fluctuation_pairing_young' depends on axioms: [propext,
 Classical.choice,
 Quot.sound]
'SharpWasserstein.ExternalInteraction.diagonalEnergy_abs_le' depends on axioms: [propext, Classical.choice, Quot.sound]
'SharpWasserstein.ExternalInteraction.diagonalEnergy_integrable' depends on axioms: [propext,
 Classical.choice,
 Quot.sound]
'SharpWasserstein.ExternalInteraction.integral_diagonalEnergy_le' depends on axioms: [propext,
 Classical.choice,
 Quot.sound]
'SharpWasserstein.ExternalInteraction.lifted_energy_transport_integrable' depends on axioms: [propext,
 Classical.choice,
 Quot.sound]
'SharpWasserstein.ExternalInteraction.integral_external_decomposition' depends on axioms: [propext,
 Classical.choice,
 Quot.sound]
'SharpWasserstein.ExternalInteraction.integral_external_le' depends on axioms: [propext, Classical.choice, Quot.sound]
'SharpWasserstein.ExternalInteractionEnergyLimit.galerkinResidual' depends on axioms: [propext,
 Classical.choice,
 Quot.sound]
'SharpWasserstein.ExternalInteractionEnergyLimit.optimizerResidual' depends on axioms: [propext,
 Classical.choice,
 Quot.sound]
'SharpWasserstein.ExternalInteractionEnergyLimit.galerkinResidual_tendsto' depends on axioms: [propext,
 Classical.choice,
 Quot.sound]
'SharpWasserstein.ExternalInteractionEnergyLimit.galerkinResidual_weighted_square_tendsto' depends on axioms: [propext,
 Classical.choice,
 Quot.sound]
'SharpWasserstein.ExternalInteractionEnergyLimit.galerkinResidual_energy_increment_tendsto' depends on axioms: [propext,
 Classical.choice,
 Quot.sound]
'SharpWasserstein.ExternalInteractionEnergyLimit.galerkinResidual_ae' depends on axioms: [propext,
 Classical.choice,
 Quot.sound]
'SharpWasserstein.ExternalInteractionEnergyLimit.literal_galerkin_fluctuation_energy_tendsto' depends on axioms: [propext,
 Classical.choice,
 Quot.sound]
'SharpWasserstein.ExternalInteractionEnergyLimit.externalGalerkinTerm' depends on axioms: [propext,
 Classical.choice,
 Quot.sound]
'SharpWasserstein.ExternalInteractionEnergyLimit.hessianGalerkinTerm' depends on axioms: [propext,
 Classical.choice,
 Quot.sound]
'SharpWasserstein.ExternalInteractionEnergyLimit.hessianGalerkinTerm_eq_marginal' depends on axioms: [propext,
 Classical.choice,
 Quot.sound]
'SharpWasserstein.ExternalInteractionEnergyLimit.externalGalerkin_absorbed_le' depends on axioms: [propext,
 Classical.choice,
 Quot.sound]
'SharpWasserstein.ExternalInteractionEnergyLimit.externalGalerkin_absorbed_eventually_le' depends on axioms: [propext,
 Classical.choice,
 Quot.sound]
'SharpWasserstein.ExternalInteractionEnergyLimit.gradientVector_field_ae' depends on axioms: [propext,
 Classical.choice,
 Quot.sound]
'SharpWasserstein.ExternalInteractionEnergyLimit.marginalPotential' depends on axioms: [propext,
 Classical.choice,
 Quot.sound]
'SharpWasserstein.ExternalInteractionEnergyLimit.marginalPotential_smooth' depends on axioms: [propext,
 Classical.choice,
 Quot.sound]
'SharpWasserstein.ExternalInteractionEnergyLimit.marginalPotential_gradient_ae' depends on axioms: [propext,
 Classical.choice,
 Quot.sound]
'SharpWasserstein.ExternalInteractionEnergyLimit.marginalPotential_prefix_gradient_ae' depends on axioms: [propext,
 Classical.choice,
 Quot.sound]
'SharpWasserstein.ExternalInteractionEnergyLimit.galerkinResidual_potential_ae' depends on axioms: [propext,
 Classical.choice,
 Quot.sound]
'SharpWasserstein.ExternalInteractionEnergyLimit.potential_fluctuation_energy_tendsto' depends on axioms: [propext,
 Classical.choice,
 Quot.sound]
'SharpWasserstein.ExternalInteractionEnergyLimit.potential_marginal_energy_tendsto' depends on axioms: [propext,
 Classical.choice,
 Quot.sound]
'SharpWasserstein.ExternalInteractionEnergyLimit.integral_densityBCF_prefix' depends on axioms: [propext,
 Classical.choice,
 Quot.sound]
'SharpWasserstein.ExternalInteractionEnergyLimit.weightedCube' depends on axioms: [propext,
 Classical.choice,
 Quot.sound]
'SharpWasserstein.ExternalInteractionEnergyLimit.weightedCube_le' depends on axioms: [propext,
 Classical.choice,
 Quot.sound]
'SharpWasserstein.ExternalInteractionEnergyLimit.memLp_weightedCube' depends on axioms: [propext,
 Classical.choice,
 Quot.sound]
'SharpWasserstein.ExternalInteractionEnergyLimit.integrable_weightedCube' depends on axioms: [propext,
 Classical.choice,
 Quot.sound]
'SharpWasserstein.ExternalInteractionEnergyLimit.integral_weightedCube' depends on axioms: [propext,
 Classical.choice,
 Quot.sound]
'SharpWasserstein.ExternalInteractionEnergyLimit.continuous_integrable_cubePoint' depends on axioms: [propext,
 Classical.choice,
 Quot.sound]
'SharpWasserstein.ExternalInteractionEnergyLimit.continuous_memLp_cubePoint' depends on axioms: [propext,
 Classical.choice,
 Quot.sound]
'SharpWasserstein.ExternalInteractionEnergyLimit.continuous_frobenius_hessian' depends on axioms: [propext,
 Classical.choice,
 Quot.sound]
'SharpWasserstein.ExternalInteractionEnergyLimit.weighted_external_le' depends on axioms: [propext,
 Classical.choice,
 Quot.sound]
'SharpWasserstein.ExternalInteraction.sum_coordinate_vectors' depends on axioms: [propext, Classical.choice, Quot.sound]
'SharpWasserstein.ExternalInteraction.directionDeriv_coordinate_sum' depends on axioms: [propext,
 Classical.choice,
 Quot.sound]
'SharpWasserstein.ExternalInteraction.fderiv_gradient_matrixAction' depends on axioms: [propext,
 Classical.choice,
 Quot.sound]
'SharpWasserstein.ExternalInteraction.fderiv_gradient_norm_sq_le' depends on axioms: [propext,
 Classical.choice,
 Quot.sound]
'SharpWasserstein.ExternalInteraction.interaction' depends on axioms: [propext, Classical.choice, Quot.sound]
'SharpWasserstein.ExternalInteraction.interaction_smooth' depends on axioms: [propext, Classical.choice, Quot.sound]
'SharpWasserstein.ExternalInteraction.interaction_eq_sum' depends on axioms: [propext, Classical.choice, Quot.sound]
'SharpWasserstein.ExternalInteraction.fderiv_interaction' depends on axioms: [propext, Classical.choice, Quot.sound]
'SharpWasserstein.ExternalInteraction.interaction_gradient_norm_le' depends on axioms: [propext,
 Classical.choice,
 Quot.sound]
'SharpWasserstein.ExternalInteraction.interaction_gradient_norm_sq_le' depends on axioms: [propext,
 Classical.choice,
 Quot.sound]
'SharpWasserstein.ExternalInteraction.interaction_gradient_norm_sq_le_combined' depends on axioms: [propext,
 Classical.choice,
 Quot.sound]
'SharpWasserstein.ExternalInteraction.suffixProjection' depends on axioms: [propext, Classical.choice, Quot.sound]
'SharpWasserstein.ExternalInteraction.prefix_suffix_norm_sq' depends on axioms: [propext, Classical.choice, Quot.sound]
'SharpWasserstein.ExternalInteraction.prefix_norm_le' depends on axioms: [propext, Classical.choice, Quot.sound]
'SharpWasserstein.ExternalInteraction.suffix_norm_le' depends on axioms: [propext, Classical.choice, Quot.sound]
'SharpWasserstein.ExternalInteraction.positions' depends on axioms: [propext, Classical.choice, Quot.sound]
'SharpWasserstein.ExternalInteraction.externalPosition' depends on axioms: [propext, Classical.choice, Quot.sound]
'SharpWasserstein.ExternalInteraction.force' depends on axioms: [propext, Classical.choice, Quot.sound]
'SharpWasserstein.ExternalInteraction.force_smooth' depends on axioms: [propext, Classical.choice, Quot.sound]
'SharpWasserstein.ExternalInteraction.force_norm_sq_le' depends on axioms: [propext, Classical.choice, Quot.sound]
'SharpWasserstein.ExternalInteraction.externalPosition_sq_le' depends on axioms: [propext, Classical.choice, Quot.sound]
'SharpWasserstein.ExternalInteraction.force_difference_sq_le' depends on axioms: [propext, Classical.choice, Quot.sound]
'SharpWasserstein.ExternalInteraction.force_difference_sq_le_uniform' depends on axioms: [propext,
 Classical.choice,
 Quot.sound]
'SharpWasserstein.ExternalInteraction.force_fderiv_norm_sq_le' depends on axioms: [propext,
 Classical.choice,
 Quot.sound]
'SharpWasserstein.ExternalInteraction.positionMap' depends on axioms: [propext, Classical.choice, Quot.sound]
'SharpWasserstein.ExternalInteraction.externalMap' depends on axioms: [propext, Classical.choice, Quot.sound]
'SharpWasserstein.ExternalInteraction.forceDerivative' depends on axioms: [propext, Classical.choice, Quot.sound]
'SharpWasserstein.ExternalInteraction.force_hasFDerivAt' depends on axioms: [propext, Classical.choice, Quot.sound]
'SharpWasserstein.ExternalInteraction.uncurry_fderiv_first' depends on axioms: [propext, Classical.choice, Quot.sound]
'SharpWasserstein.ExternalInteraction.externalMap_prefixEmbedding' depends on axioms: [propext,
 Classical.choice,
 Quot.sound]
'SharpWasserstein.ExternalInteraction.force_fderiv_prefixEmbedding' depends on axioms: [propext,
 Classical.choice,
 Quot.sound]
'SharpWasserstein.ExternalInteraction.diagonalEnergy' depends on axioms: [propext, Classical.choice, Quot.sound]
'SharpWasserstein.ExternalInteraction.force_prefix_pairing' depends on axioms: [propext, Classical.choice, Quot.sound]
'SharpWasserstein.ExternalInteraction.liftedForce' depends on axioms: [propext, Classical.choice, Quot.sound]
'SharpWasserstein.ExternalInteraction.lifted_interaction_eq' depends on axioms: [propext, Classical.choice, Quot.sound]
'SharpWasserstein.ExternalInteraction.lifted_hessian_cancellation' depends on axioms: [propext,
 Classical.choice,
 Quot.sound]
'SharpWasserstein.ExternalInteraction.diagonalEnergy_le' depends on axioms: [propext, Classical.choice, Quot.sound]
'SharpWasserstein.ExternalInteraction.lifted_hessian_cancellation_le' depends on axioms: [propext,
 Classical.choice,
 Quot.sound]
'SharpWasserstein.ExternalInteractionPeriodic.lattice' depends on axioms: [propext, Classical.choice, Quot.sound]
'SharpWasserstein.ExternalInteractionPeriodic.euclideanLattice' depends on axioms: [propext,
 Classical.choice,
 Quot.sound]
'SharpWasserstein.ExternalInteractionPeriodic.coordinate_lattice_periodic' depends on axioms: [propext,
 Classical.choice,
 Quot.sound]
'SharpWasserstein.ExternalInteractionPeriodic.euclidean_lattice_periodic' depends on axioms: [propext,
 Classical.choice,
 Quot.sound]
'SharpWasserstein.ExternalInteractionPeriodic.gradient_lattice_periodic' depends on axioms: [propext,
 Classical.choice,
 Quot.sound]
'SharpWasserstein.ExternalInteractionPeriodic.of_euclidean_lattice_periodic' depends on axioms: [propext,
 Classical.choice,
 Quot.sound]
'SharpWasserstein.ExternalInteractionPeriodic.kernel_lattice' depends on axioms: [propext, Classical.choice, Quot.sound]
'SharpWasserstein.ExternalInteractionPeriodic.positions_lattice' depends on axioms: [propext,
 Classical.choice,
 Quot.sound]
'SharpWasserstein.ExternalInteractionPeriodic.externalPosition_lattice' depends on axioms: [propext,
 Classical.choice,
 Quot.sound]
'SharpWasserstein.ExternalInteractionPeriodic.prefixProjection_lattice' depends on axioms: [propext,
 Classical.choice,
 Quot.sound]
'SharpWasserstein.ExternalInteractionPeriodic.force_lattice' depends on axioms: [propext, Classical.choice, Quot.sound]
'SharpWasserstein.ExternalInteractionPeriodic.interaction_periodic' depends on axioms: [propext,
 Classical.choice,
 Quot.sound]
'SharpWasserstein.ExternalInteractionPeriodic.internalDrift' depends on axioms: [propext, Classical.choice, Quot.sound]
'SharpWasserstein.ExternalInteractionPeriodic.internalDrift_lattice' depends on axioms: [propext,
 Classical.choice,
 Quot.sound]
'SharpWasserstein.ExternalInteractionPeriodic.internalDrift_pairing_periodic' depends on axioms: [propext,
 Classical.choice,
 Quot.sound]
'SharpWasserstein.ExternalInteractionPeriodic.sine_interaction_periodic' depends on axioms: [propext,
 Classical.choice,
 Quot.sound]
'SharpWasserstein.ExternalInteractionPeriodic.internalDrift_eq_particleDrift' depends on axioms: [propext,
 Classical.choice,
 Quot.sound]
'SharpWasserstein.ExternalInteractionPeriodic.internalDrift_smooth' depends on axioms: [propext,
 Classical.choice,
 Quot.sound]
'SharpWasserstein.ExternalInteractionPeriodic.internalDrift_pairing_smooth' depends on axioms: [propext,
 Classical.choice,
 Quot.sound]
'SharpWasserstein.ExternalInteractionPeriodic.internalDrift_pairing_eq_fderiv' depends on axioms: [propext,
 Classical.choice,
 Quot.sound]
'SharpWasserstein.ExternalInteractionPeriodic.physicalPotential_periodic' depends on axioms: [propext,
 Classical.choice,
 Quot.sound]
'SharpWasserstein.ExternalInteractionPeriodic.exists_physical_test' depends on axioms: [propext,
 Classical.choice,
 Quot.sound]
'SharpWasserstein.ExternalInteractionPeriodic.physical_test_bounds' depends on axioms: [propext,
 Classical.choice,
 Quot.sound]
'SharpWasserstein.ExternalInteractionPeriodic.periodic_representative_pairing' depends on axioms: [propext,
 Classical.choice,
 Quot.sound]
'SharpWasserstein.ExternalInteractionPeriodic.observedSource_periodic_pairing' depends on axioms: [propext,
 Classical.choice,
 Quot.sound]
'SharpWasserstein.ExternalInteractionPeriodic.external_pairing_meanField_periodic' depends on axioms: [propext,
 Classical.choice,
 Quot.sound]
'SharpWasserstein.ExternalInteractionPeriodic.external_interaction_meanField_periodic' depends on axioms: [propext,
 Classical.choice,
 Quot.sound]
'SharpWasserstein.ExternalInteractionPeriodic.canonical_external_interaction_meanField_periodic' depends on axioms: [propext,
 Classical.choice,
 Quot.sound]
'SharpWasserstein.ExternalInteractionPeriodic.internalDrift_periodic_representative_pairing' depends on axioms: [propext,
 Classical.choice,
 Quot.sound]
'SharpWasserstein.ExternalInteractionSymmetry.observation' depends on axioms: [propext, Classical.choice, Quot.sound]
'SharpWasserstein.ExternalInteractionSymmetry.observation_prefix' depends on axioms: [propext,
 Classical.choice,
 Quot.sound]
'SharpWasserstein.ExternalInteractionSymmetry.observation_positions' depends on axioms: [propext,
 Classical.choice,
 Quot.sound]
'SharpWasserstein.ExternalInteractionSymmetry.observation_external' depends on axioms: [propext,
 Classical.choice,
 Quot.sound]
'SharpWasserstein.ExternalInteractionSymmetry.observation_permutation' depends on axioms: [propext,
 Classical.choice,
 Quot.sound]
'SharpWasserstein.ExternalInteractionSymmetry.external_swap_fixes_prefix' depends on axioms: [propext,
 Classical.choice,
 Quot.sound]
'SharpWasserstein.ExternalInteractionSymmetry.observation_test_swap' depends on axioms: [propext,
 Classical.choice,
 Quot.sound]
'SharpWasserstein.ExternalInteractionSymmetry.particleInteraction' depends on axioms: [propext,
 Classical.choice,
 Quot.sound]
'SharpWasserstein.ExternalInteractionSymmetry.particleInteraction_eq_sum' depends on axioms: [propext,
 Classical.choice,
 Quot.sound]
'SharpWasserstein.ExternalInteractionSymmetry.particleInteraction_fderiv' depends on axioms: [propext,
 Classical.choice,
 Quot.sound]
'SharpWasserstein.ExternalInteractionSymmetry.pairing' depends on axioms: [propext, Classical.choice, Quot.sound]
'SharpWasserstein.ExternalInteractionSymmetry.pairing_invariant' depends on axioms: [propext,
 Classical.choice,
 Quot.sound]
'SharpWasserstein.ExternalInteractionSymmetry.external_pairing_eq' depends on axioms: [propext,
 Classical.choice,
 Quot.sound]
'SharpWasserstein.ExternalInteractionSymmetry.external_card' depends on axioms: [propext, Classical.choice, Quot.sound]
'SharpWasserstein.ExternalInteractionSymmetry.external_pairing_sum' depends on axioms: [propext,
 Classical.choice,
 Quot.sound]
'SharpWasserstein.ExternalInteractionSymmetry.external_pairing_meanField' depends on axioms: [propext,
 Classical.choice,
 Quot.sound]
'SharpWasserstein.ExternalInteractionSymmetry.external_pairing_terminal' depends on axioms: [propext,
 Classical.choice,
 Quot.sound]
'SharpWasserstein.ExternalInteractionSymmetry.canonical_external_pairing_meanField' depends on axioms: [propext,
 Classical.choice,
 Quot.sound]
'SharpWasserstein.ExternalInteractionSymmetry.interaction_bounded_gradient' depends on axioms: [propext,
 Classical.choice,
 Quot.sound]
'SharpWasserstein.ExternalInteractionSymmetry.compact_interaction_bounded_gradient' depends on axioms: [propext,
 Classical.choice,
 Quot.sound]
'SharpWasserstein.ExternalInteractionSymmetry.external_interaction_meanField_marginal' depends on axioms: [propext,
 Classical.choice,
 Quot.sound]
'SharpWasserstein.ExternalInteractionSymmetry.randomSource_closed_pairing' depends on axioms: [propext,
 Classical.choice,
 Quot.sound]
'SharpWasserstein.ExternalInteractionSymmetry.randomSource_bounded_pairing' depends on axioms: [propext,
 Classical.choice,
 Quot.sound]
'SharpWasserstein.ExternalInteractionSymmetry.observedVelocity' depends on axioms: [propext,
 Classical.choice,
 Quot.sound]
'SharpWasserstein.ExternalInteractionSymmetry.observedVelocity_ae' depends on axioms: [propext,
 Classical.choice,
 Quot.sound]
'SharpWasserstein.ExternalInteractionSymmetry.observedSource' depends on axioms: [propext, Classical.choice, Quot.sound]
'SharpWasserstein.ExternalInteractionSymmetry.observedSource_finiteEnergy' depends on axioms: [propext,
 Classical.choice,
 Quot.sound]
'SharpWasserstein.ExternalInteractionSymmetry.observedSource_apply' depends on axioms: [propext,
 Classical.choice,
 Quot.sound]
'SharpWasserstein.ExternalInteractionSymmetry.observedSource_bounded_pairing' depends on axioms: [propext,
 Classical.choice,
 Quot.sound]
'SharpWasserstein.ExternalInteractionSymmetry.external_pairing_meanField_marginal' depends on axioms: [propext,
 Classical.choice,
 Quot.sound]
'SharpWasserstein.FiniteCoefficientEnergy.brownian_optimizedEnergy_hasDerivWithinAt' depends on axioms: [propext,
 Classical.choice,
 Quot.sound]
'SharpWasserstein.FiniteCoefficientEnergy.brownian_optimizedEnergy_generator' depends on axioms: [propext,
 Classical.choice,
 Quot.sound]
'SharpWasserstein.FiniteCoefficientEnergy.gramMatrix' depends on axioms: [propext, Classical.choice, Quot.sound]
'SharpWasserstein.FiniteCoefficientEnergy.sourceVector' depends on axioms: [propext, Classical.choice, Quot.sound]
'SharpWasserstein.FiniteCoefficientEnergy.optimizedEnergy' depends on axioms: [propext, Classical.choice, Quot.sound]
'SharpWasserstein.FiniteCoefficientEnergy.gramMatrix_eq' depends on axioms: [propext, Classical.choice, Quot.sound]
'SharpWasserstein.FiniteCoefficientEnergy.sourceVector_eq' depends on axioms: [propext, Classical.choice, Quot.sound]
'SharpWasserstein.FiniteCoefficientEnergy.gramMatrix_isUnit' depends on axioms: [propext, Classical.choice, Quot.sound]
'SharpWasserstein.FiniteCoefficientEnergy.gramMatrix_symmetric' depends on axioms: [propext,
 Classical.choice,
 Quot.sound]
'SharpWasserstein.FiniteCoefficientEnergy.optimizedEnergy_eq' depends on axioms: [propext, Classical.choice, Quot.sound]
'SharpWasserstein.FiniteCoefficientEnergy.gramMatrix_hasDerivWithinAt' depends on axioms: [propext,
 Classical.choice,
 Quot.sound]
'SharpWasserstein.FiniteCoefficientEnergy.optimizedEnergy_hasDerivWithinAt' depends on axioms: [propext,
 Classical.choice,
 Quot.sound]
'SharpWasserstein.FiniteCoefficientMatrix.matrixOperator' depends on axioms: [propext, Classical.choice, Quot.sound]
'SharpWasserstein.FiniteCoefficientMatrix.matrixOperator_apply' depends on axioms: [propext,
 Classical.choice,
 Quot.sound]
'SharpWasserstein.FiniteCoefficientMatrix.matrixOperator_single' depends on axioms: [propext,
 Classical.choice,
 Quot.sound]
'SharpWasserstein.FiniteCoefficientMatrix.matrixOperator_entries' depends on axioms: [propext,
 Classical.choice,
 Quot.sound]
'SharpWasserstein.FiniteCoefficientMatrix.matrixOperator_hasDerivAt' depends on axioms: [propext,
 Classical.choice,
 Quot.sound]
'SharpWasserstein.FiniteCoefficientMatrix.matrixOperator_hasDerivWithinAt' depends on axioms: [propext,
 Classical.choice,
 Quot.sound]
'SharpWasserstein.FiniteCoefficientMatrix.coefficientVector' depends on axioms: [propext, Classical.choice, Quot.sound]
'SharpWasserstein.FiniteCoefficientMatrix.coefficientVector_apply' depends on axioms: [propext,
 Classical.choice,
 Quot.sound]
'SharpWasserstein.FiniteCoefficientMatrix.coefficientVector_hasDerivAt' depends on axioms: [propext,
 Classical.choice,
 Quot.sound]
'SharpWasserstein.FiniteCoefficientMatrix.coefficientVector_hasDerivWithinAt' depends on axioms: [propext,
 Classical.choice,
 Quot.sound]
'SharpWasserstein.FiniteGeneratorCalculus.directionDeriv_allDerivativesBounded' depends on axioms: [propext,
 Classical.choice,
 Quot.sound]
'SharpWasserstein.FiniteGeneratorCalculus.laplacian_allDerivativesBounded' depends on axioms: [propext,
 Classical.choice,
 Quot.sound]
'SharpWasserstein.FiniteGeneratorCalculus.generator_eq' depends on axioms: [propext, Classical.choice, Quot.sound]
'SharpWasserstein.FiniteGeneratorCalculus.generator_smooth' depends on axioms: [propext, Classical.choice, Quot.sound]
'SharpWasserstein.FiniteGeneratorCalculus.generator_allDerivativesBounded' depends on axioms: [propext,
 Classical.choice,
 Quot.sound]
'SharpWasserstein.FiniteGeneratorCalculus.euclideanGenerator_eq' depends on axioms: [propext,
 Classical.choice,
 Quot.sound]
'SharpWasserstein.FiniteGeneratorCalculus.generator_integrable' depends on axioms: [propext,
 Classical.choice,
 Quot.sound]
'SharpWasserstein.FiniteGeneratorCalculus.generator' depends on axioms: [propext, Classical.choice, Quot.sound]
'SharpWasserstein.FiniteGeneratorCalculus.generator_potential' depends on axioms: [propext,
 Classical.choice,
 Quot.sound]
'SharpWasserstein.FiniteGeneratorCalculus.gradientSquare_potential' depends on axioms: [propext,
 Classical.choice,
 Quot.sound]
'SharpWasserstein.FiniteGeneratorCalculus.generator_gradientSquare_potential' depends on axioms: [propext,
 Classical.choice,
 Quot.sound]
'SharpWasserstein.FiniteGeneratorCalculus.matrixGenerator_quadratic' depends on axioms: [propext,
 Classical.choice,
 Quot.sound]
'SharpWasserstein.FiniteGeneratorCalculus.sourceGenerator_pairing' depends on axioms: [propext,
 Classical.choice,
 Quot.sound]
'SharpWasserstein.FiniteGradientTrial.atomGradient' depends on axioms: [propext, Classical.choice, Quot.sound]
'SharpWasserstein.FiniteGradientTrial.atomGradient_ae' depends on axioms: [propext, Classical.choice, Quot.sound]
'SharpWasserstein.FiniteGradientTrial.gradientMap' depends on axioms: [propext, Classical.choice, Quot.sound]
'SharpWasserstein.FiniteGradientTrial.gradientMap_apply' depends on axioms: [propext, Classical.choice, Quot.sound]
'SharpWasserstein.FiniteGradientTrial.potential' depends on axioms: [propext, Classical.choice, Quot.sound]
'SharpWasserstein.FiniteGradientTrial.potential_smooth' depends on axioms: [propext, Classical.choice, Quot.sound]
'SharpWasserstein.FiniteGradientTrial.potential_gradient' depends on axioms: [propext, Classical.choice, Quot.sound]
'SharpWasserstein.FiniteGradientTrial.gradientMap_ae' depends on axioms: [propext, Classical.choice, Quot.sound]
'SharpWasserstein.FiniteGradientTrial.gradientMap_norm_sq' depends on axioms: [propext, Classical.choice, Quot.sound]
'SharpWasserstein.FiniteGradientTrial.potential_allDerivativesBounded' depends on axioms: [propext,
 Classical.choice,
 Quot.sound]
'SharpWasserstein.FiniteGradientTrial.potential_gradient_memLp' depends on axioms: [propext,
 Classical.choice,
 Quot.sound]
'SharpWasserstein.FiniteGradientTrial.solution_diffusion_identity' depends on axioms: [propext,
 Classical.choice,
 Quot.sound]
'SharpWasserstein.FiniteGradientTrial.laplacian_const_mul' depends on axioms: [propext, Classical.choice, Quot.sound]
'SharpWasserstein.FiniteGradientTrial.diagonalCoefficients' depends on axioms: [propext, Classical.choice, Quot.sound]
'SharpWasserstein.FiniteGradientTrial.inner_diagonalCoefficients' depends on axioms: [propext,
 Classical.choice,
 Quot.sound]
'SharpWasserstein.FiniteGradientTrial.potential_laplacian' depends on axioms: [propext, Classical.choice, Quot.sound]
'SharpWasserstein.FiniteGradientTrial.solution_laplacian_pairing' depends on axioms: [propext,
 Classical.choice,
 Quot.sound]
'SharpWasserstein.FiniteGradientTrial.gradientMap_single' depends on axioms: [propext, Classical.choice, Quot.sound]
'SharpWasserstein.FiniteGradientTrial.gradientMap_pairing' depends on axioms: [propext, Classical.choice, Quot.sound]
'SharpWasserstein.FiniteGradientTrial.gradientMap_source_pairing' depends on axioms: [propext,
 Classical.choice,
 Quot.sound]
'SharpWasserstein.FiniteGradientTrial.adjoint_source_coefficient' depends on axioms: [propext,
 Classical.choice,
 Quot.sound]
'SharpWasserstein.FiniteGradientTrial.gram_coefficient' depends on axioms: [propext, Classical.choice, Quot.sound]
'SharpWasserstein.FiniteGradientTrial.gram_matrix_entry' depends on axioms: [propext, Classical.choice, Quot.sound]
'SharpWasserstein.FiniteAdditiveTrajectory' depends on axioms: [propext, Classical.choice, Quot.sound]
'SharpWasserstein.exists_finiteAdditiveTrajectory' depends on axioms: [propext, Classical.choice, Quot.sound]
'SharpWasserstein.AdditiveTrajectory.finite' depends on axioms: [propext, Classical.choice, Quot.sound]
'SharpWasserstein.FiniteAdditiveTrajectory.initial' depends on axioms: [propext, Classical.choice, Quot.sound]
'SharpWasserstein.FiniteAdditiveTrajectory.compensated_derivative' depends on axioms: [propext,
 Classical.choice,
 Quot.sound]
'SharpWasserstein.FiniteAdditiveTrajectory.compensated_derivative_right' depends on axioms: [propext,
 Classical.choice,
 Quot.sound]
'SharpWasserstein.FiniteAdditiveTrajectory.stability' depends on axioms: [propext, Classical.choice, Quot.sound]
'SharpWasserstein.FiniteTrialDriftResidual.gradient_drift' depends on axioms: [propext, Classical.choice, Quot.sound]
'SharpWasserstein.FiniteTrialDriftResidual.gradient_drift_norm_sq_le' depends on axioms: [propext,
 Classical.choice,
 Quot.sound]
'SharpWasserstein.FiniteTrialDriftResidual.drift_residual_young' depends on axioms: [propext,
 Classical.choice,
 Quot.sound]
'SharpWasserstein.FiniteGradientTrial.integrable_memLp_pairing' depends on axioms: [propext,
 Classical.choice,
 Quot.sound]
'SharpWasserstein.FiniteGradientTrial.integral_drift_residual_le' depends on axioms: [propext,
 Classical.choice,
 Quot.sound]
'SharpWasserstein.FiniteGradientTrial.solution_residual_integral' depends on axioms: [propext,
 Classical.choice,
 Quot.sound]
'SharpWasserstein.FiniteGradientTrial.solution_residual_integral_le' depends on axioms: [propext,
 Classical.choice,
 Quot.sound]
'SharpWasserstein.FiniteGradientTrial.integrable_smooth_gradient_pairing' depends on axioms: [propext,
 Classical.choice,
 Quot.sound]
'SharpWasserstein.FiniteGradientTrial.gradient_fun_add' depends on axioms: [propext, Classical.choice, Quot.sound]
'SharpWasserstein.FiniteGradientTrial.solution_generator_identity' depends on axioms: [propext,
 Classical.choice,
 Quot.sound]
'SharpWasserstein.FiniteGradientTrial.jacobian_integral_le' depends on axioms: [propext, Classical.choice, Quot.sound]
'SharpWasserstein.FiniteGradientTrial.solution_generator_le' depends on axioms: [propext, Classical.choice, Quot.sound]
'SharpWasserstein.configurationFlatten_apply' depends on axioms: [propext, Classical.choice, Quot.sound]
'SharpWasserstein.configurationFlatten_symm_apply' depends on axioms: [propext, Classical.choice, Quot.sound]
'SharpWasserstein.configurationFlatten_eq_euclidean' depends on axioms: [propext, Classical.choice, Quot.sound]
'SharpWasserstein.configurationFlatten_displacementSq' depends on axioms: [propext, Classical.choice, Quot.sound]
'SharpWasserstein.FiniteAdditiveTrajectory.restrict_horizon' depends on axioms: [propext, Classical.choice, Quot.sound]
'SharpWasserstein.FiniteAdditiveTrajectory.congr_forcing' depends on axioms: [propext, Classical.choice, Quot.sound]
'SharpWasserstein.FiniteAdditiveTrajectory.causal_eq' depends on axioms: [propext, Classical.choice, Quot.sound]
'SharpWasserstein.BoundedFlow.restrictPath' depends on axioms: [propext, Classical.choice, Quot.sound]
'SharpWasserstein.BoundedFlow.flow_restrict' depends on axioms: [propext, Classical.choice, Quot.sound]
'SharpWasserstein.FiniteAdditiveTrajectory.forcing_stability' depends on axioms: [propext, Classical.choice, Quot.sound]
'SharpWasserstein.FlowInitialDerivative.autonomousFlow' depends on axioms: [propext, Classical.choice, Quot.sound]
'SharpWasserstein.FlowInitialDerivative.exists_flow_jacobian_short' depends on axioms: [propext,
 Classical.choice,
 Quot.sound]
'SharpWasserstein.FlowInitialDerivative.flow_fderiv_norm_le_exp_short' depends on axioms: [propext,
 Classical.choice,
 Quot.sound]
'SharpWasserstein.FlowInitialDerivative.autonomousFlow_endpoint_differentiable_multiple' depends on axioms: [propext,
 Classical.choice,
 Quot.sound]
'SharpWasserstein.FlowInitialDerivative.autonomousFlow_endpoint_differentiable' depends on axioms: [propext,
 Classical.choice,
 Quot.sound]
'SharpWasserstein.FlowInitialDerivative.autonomousFlow_hasFDerivAt_and_norm' depends on axioms: [propext,
 Classical.choice,
 Quot.sound]
'SharpWasserstein.FlowInitialDerivative.LinearVariation' depends on axioms: [propext, Classical.choice, Quot.sound]
'SharpWasserstein.FlowInitialDerivative.exists_linearVariation_short' depends on axioms: [propext,
 Classical.choice,
 Quot.sound]
'SharpWasserstein.FlowInitialDerivative.LinearVariation.derivative_right' depends on axioms: [propext,
 Classical.choice,
 Quot.sound]
'SharpWasserstein.FlowInitialDerivative.LinearVariation.norm_le_exp' depends on axioms: [propext,
 Classical.choice,
 Quot.sound]
'SharpWasserstein.FlowInitialDerivative.taylor_error_le_lipschitz_fderiv' depends on axioms: [propext,
 Classical.choice,
 Quot.sound]
'SharpWasserstein.FlowInitialDerivative.trajectory_linearization_error' depends on axioms: [propext,
 Classical.choice,
 Quot.sound]
'SharpWasserstein.FlowInitialDerivative.hasFDerivAt_of_quadratic_error' depends on axioms: [propext,
 Classical.choice,
 Quot.sound]
'SharpWasserstein.FlowInitialDerivative.autonomousFlow_hasFDerivAt_and_norm_of_boundedSmooth' depends on axioms: [propext,
 Classical.choice,
 Quot.sound]
'SharpWasserstein.FlowInitialDerivative.boundedFlow_hasFDerivAt_and_norm_of_boundedSmooth' depends on axioms: [propext,
 Classical.choice,
 Quot.sound]
'SharpWasserstein.BoundedFlow.restrictPath_continuous' depends on axioms: [propext, Classical.choice, Quot.sound]
'SharpWasserstein.BoundedFlow.shiftPath_continuous' depends on axioms: [propext, Classical.choice, Quot.sound]
'SharpWasserstein.FlowInitialDerivative.autonomousFlow_fderiv_continuous_multiple' depends on axioms: [propext,
 Classical.choice,
 Quot.sound]
'SharpWasserstein.FlowInitialDerivative.autonomousFlow_endpoint_fderiv_continuous' depends on axioms: [propext,
 Classical.choice,
 Quot.sound]
'SharpWasserstein.FlowInitialDerivative.autonomousFlow_fderiv_continuous' depends on axioms: [propext,
 Classical.choice,
 Quot.sound]
'SharpWasserstein.FlowInitialDerivative.exists_flow_variation_short' depends on axioms: [propext,
 Classical.choice,
 Quot.sound]
'SharpWasserstein.FlowInitialDerivative.LinearVariation.difference_le' depends on axioms: [propext,
 Classical.choice,
 Quot.sound]
'SharpWasserstein.FlowInitialDerivative.autonomousFlow_fderiv_lipschitz_short' depends on axioms: [propext,
 Classical.choice,
 Quot.sound]
'SharpWasserstein.FlowInitialDerivative.autonomousFlow_fderiv_continuous_of_boundedSmooth' depends on axioms: [propext,
 Classical.choice,
 Quot.sound]
'SharpWasserstein.FlowInitialDerivative.boundedFlow_fderiv_continuous_of_boundedSmooth' depends on axioms: [propext,
 Classical.choice,
 Quot.sound]
'SharpWasserstein.FlowInitialDerivative.boundedFlow_fderiv_measurable_of_boundedSmooth' depends on axioms: [propext,
 Classical.choice,
 Quot.sound]
'SharpWasserstein.FlowInitialDerivative.boundedFlow_fderiv_apply_aestronglyMeasurable' depends on axioms: [propext,
 Classical.choice,
 Quot.sound]
'SharpWasserstein.FlowInitialDerivative.boundedFlow_fderiv_apply_memLp' depends on axioms: [propext,
 Classical.choice,
 Quot.sound]
'SharpWasserstein.FlowInitialDerivative.boundedFlow_fderiv_apply_energy_le' depends on axioms: [propext,
 Classical.choice,
 Quot.sound]
'SharpWasserstein.FlowJacobianDrift.coefficient_error_integral_tendsto' depends on axioms: [propext,
 Classical.choice,
 Quot.sound]
'SharpWasserstein.FlowJacobianDrift.variation_tendstoUniformlyOn' depends on axioms: [propext,
 Classical.choice,
 Quot.sound]
'SharpWasserstein.FlowJacobianDrift.jacobian_tendstoUniformlyOn' depends on axioms: [propext,
 Classical.choice,
 Quot.sound]
'SharpWasserstein.FlowJacobianDrift.fderiv_flow_tendsto' depends on axioms: [propext, Classical.choice, Quot.sound]
'SharpWasserstein.FlowJacobianDrift.jacobian' depends on axioms: [propext, Classical.choice, Quot.sound]
'SharpWasserstein.FlowJacobianDrift.coefficient' depends on axioms: [propext, Classical.choice, Quot.sound]
'SharpWasserstein.FlowJacobianDrift.driftIntegral_hasFDerivAt' depends on axioms: [propext,
 Classical.choice,
 Quot.sound]
'SharpWasserstein.FlowJacobianDrift.jacobian_eq_integral' depends on axioms: [propext, Classical.choice, Quot.sound]
'SharpWasserstein.FlowJacobianDrift.jacobian_tendstoUniformlyOn_of_boundedSmooth' depends on axioms: [propext,
 Classical.choice,
 Quot.sound]
'SharpWasserstein.FlowJacobianDrift.jacobian_tendstoUniformlyOn_of_locallyUniform_boundedSmooth' depends on axioms: [propext,
 Classical.choice,
 Quot.sound]
'SharpWasserstein.FlowJacobianDrift.fderiv_flow_tendsto_of_locallyUniform_boundedSmooth' depends on axioms: [propext,
 Classical.choice,
 Quot.sound]
'SharpWasserstein.FlowJacobianDrift.variation_integral_eq' depends on axioms: [propext, Classical.choice, Quot.sound]
'SharpWasserstein.FlowJacobianDrift.variation_difference_le_integral' depends on axioms: [propext,
 Classical.choice,
 Quot.sound]
'SharpWasserstein.FlowJacobianDrift.jacobian_continuousOn' depends on axioms: [propext, Classical.choice, Quot.sound]
'SharpWasserstein.FlowJacobianDrift.jacobian_continuous' depends on axioms: [propext, Classical.choice, Quot.sound]
'SharpWasserstein.FlowJacobianDrift.coefficient_continuous' depends on axioms: [propext, Classical.choice, Quot.sound]
'SharpWasserstein.FlowJacobianDrift.jacobian_linearVariation' depends on axioms: [propext, Classical.choice, Quot.sound]
'SharpWasserstein.FlowJacobianDrift.coefficient_norm_le' depends on axioms: [propext, Classical.choice, Quot.sound]
'SharpWasserstein.FiniteAdditiveTrajectory.norm_le' depends on axioms: [propext, Classical.choice, Quot.sound]
'SharpWasserstein.finiteTrajectory_memLp' depends on axioms: [propext, Classical.choice, Quot.sound]
'SharpWasserstein.hasSecondMoment_map_of_memLp' depends on axioms: [propext, Classical.choice, Quot.sound]
'SharpWasserstein.memLp_of_hasSecondMoment_map' depends on axioms: [propext, Classical.choice, Quot.sound]
'SharpWasserstein.FiniteAdditiveTrajectory.shift_autonomous' depends on axioms: [propext, Classical.choice, Quot.sound]
'SharpWasserstein.BoundedFlow.flow_add' depends on axioms: [propext, Classical.choice, Quot.sound]
'SharpWasserstein.FlowSemigroupDerivative.expectation' depends on axioms: [propext, Classical.choice, Quot.sound]
'SharpWasserstein.FlowSemigroupDerivative.initialMap_lipschitz' depends on axioms: [propext,
 Classical.choice,
 Quot.sound]
'SharpWasserstein.FlowSemigroupDerivative.integrable_observable' depends on axioms: [propext,
 Classical.choice,
 Quot.sound]
'SharpWasserstein.FlowSemigroupDerivative.differential_continuous' depends on axioms: [propext,
 Classical.choice,
 Quot.sound]
'SharpWasserstein.FlowSemigroupDerivative.integrable_differential' depends on axioms: [propext,
 Classical.choice,
 Quot.sound]
'SharpWasserstein.FlowSemigroupDerivative.hasFDerivAt_expectation' depends on axioms: [propext,
 Classical.choice,
 Quot.sound]
'SharpWasserstein.FlowSemigroupDerivative.fderiv_expectation_apply' depends on axioms: [propext,
 Classical.choice,
 Quot.sound]
'SharpWasserstein.FlowSemigroupDerivative.expectation_contDiff_one' depends on axioms: [propext,
 Classical.choice,
 Quot.sound]
'SharpWasserstein.FlowSemigroupDerivative.norm_fderiv_expectation_le' depends on axioms: [propext,
 Classical.choice,
 Quot.sound]
'SharpWasserstein.FlowSemigroupDerivative.expectation_zero' depends on axioms: [propext, Classical.choice, Quot.sound]
'SharpWasserstein.FlowSemigroupDerivative.integrable_differential_pairing' depends on axioms: [propext,
 Classical.choice,
 Quot.sound]
'SharpWasserstein.FlowSemigroupDerivative.integral_fderiv_expectation_eq' depends on axioms: [propext,
 Classical.choice,
 Quot.sound]
'SharpWasserstein.FrozenGaussian.timeExpectation_continuous_bounded' depends on axioms: [propext,
 Classical.choice,
 Quot.sound]
'SharpWasserstein.FrozenGaussian.timeExpectation_deviation_bounded' depends on axioms: [propext,
 Classical.choice,
 Quot.sound]
'SharpWasserstein.FrozenGaussian.step_error_bound_bounded' depends on axioms: [propext, Classical.choice, Quot.sound]
'SharpWasserstein.FrozenGaussian.noiseMap' depends on axioms: [propext, Classical.choice, Quot.sound]
'SharpWasserstein.FrozenGaussian.noiseMap_apply' depends on axioms: [propext, Classical.choice, Quot.sound]
'SharpWasserstein.FrozenGaussian.noiseMap_single' depends on axioms: [propext, Classical.choice, Quot.sound]
'SharpWasserstein.FrozenGaussian.vector_decomposition' depends on axioms: [propext, Classical.choice, Quot.sound]
'SharpWasserstein.FrozenGaussian.label' depends on axioms: [propext, Classical.choice, Quot.sound]
'SharpWasserstein.FrozenGaussian.label_continuous' depends on axioms: [propext, Classical.choice, Quot.sound]
'SharpWasserstein.FrozenGaussian.label_joint_continuous' depends on axioms: [propext, Classical.choice, Quot.sound]
'SharpWasserstein.FrozenGaussian.label_hasDerivAt' depends on axioms: [propext, Classical.choice, Quot.sound]
'SharpWasserstein.FrozenGaussian.label_insert_hasDerivAt' depends on axioms: [propext, Classical.choice, Quot.sound]
'SharpWasserstein.FrozenGaussian.test_hasDerivAt' depends on axioms: [propext, Classical.choice, Quot.sound]
'SharpWasserstein.FrozenGaussian.test_insert_hasDerivAt' depends on axioms: [propext, Classical.choice, Quot.sound]
'SharpWasserstein.FrozenGaussian.coordinate_stein' depends on axioms: [propext, Classical.choice, Quot.sound]
'SharpWasserstein.FrozenGaussian.noiseMap_memLp' depends on axioms: [propext, Classical.choice, Quot.sound]
'SharpWasserstein.FrozenGaussian.noiseFirstMoment' depends on axioms: [propext, Classical.choice, Quot.sound]
'SharpWasserstein.FrozenGaussian.noiseFirstMoment_nonneg' depends on axioms: [propext, Classical.choice, Quot.sound]
'SharpWasserstein.FrozenGaussian.label_displacement_integrable' depends on axioms: [propext,
 Classical.choice,
 Quot.sound]
'SharpWasserstein.FrozenGaussian.label_displacement_bound' depends on axioms: [propext, Classical.choice, Quot.sound]
'SharpWasserstein.FrozenGaussian.label_displacement_integral_le' depends on axioms: [propext,
 Classical.choice,
 Quot.sound]
'SharpWasserstein.FrozenGaussian.timeExpectation_deviation' depends on axioms: [propext, Classical.choice, Quot.sound]
'SharpWasserstein.FrozenGaussian.step_error_bound' depends on axioms: [propext, Classical.choice, Quot.sound]
'SharpWasserstein.FrozenGaussian.compact_bound' depends on axioms: [propext, Classical.choice, Quot.sound]
'SharpWasserstein.FrozenGaussian.expectation' depends on axioms: [propext, Classical.choice, Quot.sound]
'SharpWasserstein.FrozenGaussian.velocityPairing' depends on axioms: [propext, Classical.choice, Quot.sound]
'SharpWasserstein.FrozenGaussian.expectation_continuous' depends on axioms: [propext, Classical.choice, Quot.sound]
'SharpWasserstein.FrozenGaussian.expectation_hasDerivAt_raw' depends on axioms: [propext, Classical.choice, Quot.sound]
'SharpWasserstein.FrozenGaussian.integrable_comp_label' depends on axioms: [propext, Classical.choice, Quot.sound]
'SharpWasserstein.FrozenGaussian.integral_velocityPairing' depends on axioms: [propext, Classical.choice, Quot.sound]
'SharpWasserstein.FrozenGaussian.expectation_hasDerivAt' depends on axioms: [propext, Classical.choice, Quot.sound]
'SharpWasserstein.FrozenGaussian.flatten_noiseMap' depends on axioms: [propext, Classical.choice, Quot.sound]
'SharpWasserstein.FrozenGaussian.label_flat_hasLaw' depends on axioms: [propext, Classical.choice, Quot.sound]
'SharpWasserstein.FrozenGaussian.label_hasLaw' depends on axioms: [propext, Classical.choice, Quot.sound]
'SharpWasserstein.FrozenGaussian.transitionLaw' depends on axioms: [propext, Classical.choice, Quot.sound]
'SharpWasserstein.FrozenGaussian.label_time_hasLaw' depends on axioms: [propext, Classical.choice, Quot.sound]
'SharpWasserstein.FrozenGaussian.integral_transitionLaw' depends on axioms: [propext, Classical.choice, Quot.sound]
'SharpWasserstein.FrozenGaussian.timeExpectation_comp_measurable' depends on axioms: [propext,
 Classical.choice,
 Quot.sound]
'SharpWasserstein.FrozenGaussian.timeExpectation_norm_le' depends on axioms: [propext, Classical.choice, Quot.sound]
'SharpWasserstein.FrozenGaussian.constant_generator_test' depends on axioms: [propext, Classical.choice, Quot.sound]
'SharpWasserstein.FrozenGaussian.timeExpectation' depends on axioms: [propext, Classical.choice, Quot.sound]
'SharpWasserstein.FrozenGaussian.timeExpectation_continuous' depends on axioms: [propext, Classical.choice, Quot.sound]
'SharpWasserstein.FrozenGaussian.timeExpectation_zero' depends on axioms: [propext, Classical.choice, Quot.sound]
'SharpWasserstein.FrozenGaussian.timeExpectation_hasDerivAt' depends on axioms: [propext, Classical.choice, Quot.sound]
'SharpWasserstein.FrozenGaussian.timeExpectation_sub_eq_integral' depends on axioms: [propext,
 Classical.choice,
 Quot.sound]
'SharpWasserstein.FrozenGaussian.generator_uniform_lipschitz' depends on axioms: [propext, Classical.choice, Quot.sound]
'SharpWasserstein.GalerkinApproximation.restrictedOperator' depends on axioms: [propext, Classical.choice, Quot.sound]
'SharpWasserstein.GalerkinApproximation.restrictedOperator_inner' depends on axioms: [propext,
 Classical.choice,
 Quot.sound]
'SharpWasserstein.GalerkinApproximation.restrictedOperator_isUnit' depends on axioms: [propext,
 Classical.choice,
 Quot.sound]
'SharpWasserstein.GalerkinApproximation.solution' depends on axioms: [propext, Classical.choice, Quot.sound]
'SharpWasserstein.GalerkinApproximation.solution_equation' depends on axioms: [propext, Classical.choice, Quot.sound]
'SharpWasserstein.GalerkinApproximation.error_orthogonal' depends on axioms: [propext, Classical.choice, Quot.sound]
'SharpWasserstein.GalerkinApproximation.solution_error_le' depends on axioms: [propext, Classical.choice, Quot.sound]
'SharpWasserstein.GalerkinApproximation.energy_error_eq' depends on axioms: [propext, Classical.choice, Quot.sound]
'SharpWasserstein.GalerkinApproximation.restrictionMap' depends on axioms: [propext, Classical.choice, Quot.sound]
'SharpWasserstein.GalerkinApproximation.restrictionMap_apply' depends on axioms: [propext, Classical.choice, Quot.sound]
'SharpWasserstein.GalerkinApproximation.hasDerivAt_energy' depends on axioms: [propext, Classical.choice, Quot.sound]
'SharpWasserstein.configurationFlatten_symm_add' depends on axioms: [propext, Classical.choice, Quot.sound]
'SharpWasserstein.configurationFlatten_symm_sub' depends on axioms: [propext, Classical.choice, Quot.sound]
'SharpWasserstein.configurationFlatten_symm_smul' depends on axioms: [propext, Classical.choice, Quot.sound]
'SharpWasserstein.flattenedDrift_shifted' depends on axioms: [propext, Classical.choice, Quot.sound]
'SharpWasserstein.GaussianBridge.initialX' depends on axioms: [propext, Classical.choice, Quot.sound]
'SharpWasserstein.GaussianBridge.initialY' depends on axioms: [propext, Classical.choice, Quot.sound]
'SharpWasserstein.GaussianBridge.measurable_initialX' depends on axioms: [propext, Classical.choice, Quot.sound]
'SharpWasserstein.GaussianBridge.measurable_initialY' depends on axioms: [propext, Classical.choice, Quot.sound]
'SharpWasserstein.GaussianBridge.endpointObservation' depends on axioms: [propext, Classical.choice, Quot.sound]
'SharpWasserstein.GaussianBridge.endpointObservation_measurable' depends on axioms: [propext,
 Classical.choice,
 Quot.sound]
'SharpWasserstein.GaussianBridge.current_initialX' depends on axioms: [propext, Classical.choice, Quot.sound]
'SharpWasserstein.GaussianBridge.mean_ordinary_eq' depends on axioms: [propext, Classical.choice, Quot.sound]
'SharpWasserstein.GaussianBridge.mean_shifted_eq' depends on axioms: [propext, Classical.choice, Quot.sound]
'SharpWasserstein.GaussianBridge.observation_eq' depends on axioms: [propext, Classical.choice, Quot.sound]
'SharpWasserstein.GaussianBridge.brownianEndpointX' depends on axioms: [propext, Classical.choice, Quot.sound]
'SharpWasserstein.GaussianBridge.brownianEndpointY' depends on axioms: [propext, Classical.choice, Quot.sound]
'SharpWasserstein.GaussianBridge.ordinaryLaw_endpoint_eq' depends on axioms: [propext, Classical.choice, Quot.sound]
'SharpWasserstein.GaussianBridge.shiftedLaw_endpoint_eq' depends on axioms: [propext, Classical.choice, Quot.sound]
'SharpWasserstein.configurationFlatten_apply_coordinate' depends on axioms: [propext, Classical.choice, Quot.sound]
'SharpWasserstein.GaussianBridge.flattenedCoupling' depends on axioms: [propext, Classical.choice, Quot.sound]
'SharpWasserstein.GaussianBridge.displacementSq_flatten' depends on axioms: [propext, Classical.choice, Quot.sound]
'SharpWasserstein.GaussianBridge.flattenedCoupling_displacement_integrable' depends on axioms: [propext,
 Classical.choice,
 Quot.sound]
'SharpWasserstein.GaussianBridge.flattenedCoupling_displacement_integral' depends on axioms: [propext,
 Classical.choice,
 Quot.sound]
'SharpWasserstein.GaussianBridge.observation_entropy_le_coupling' depends on axioms: [propext,
 Classical.choice,
 Quot.sound]
'SharpWasserstein.klDiv_le_of_narrow_converging_cost' depends on axioms: [propext, Classical.choice, Quot.sound]
'SharpWasserstein.GaussianBridge.gridStep' depends on axioms: [propext, Classical.choice, Quot.sound]
'SharpWasserstein.GaussianBridge.gridStep_ne_zero' depends on axioms: [propext, Classical.choice, Quot.sound]
'SharpWasserstein.GaussianBridge.gridStep_terminal' depends on axioms: [propext, Classical.choice, Quot.sound]
'SharpWasserstein.GaussianBridge.ordinaryObservation' depends on axioms: [propext, Classical.choice, Quot.sound]
'SharpWasserstein.GaussianBridge.shiftedObservation' depends on axioms: [propext, Classical.choice, Quot.sound]
'SharpWasserstein.GaussianBridge.limit_observation_entropy_le' depends on axioms: [propext,
 Classical.choice,
 Quot.sound]
'SharpWasserstein.GaussianBridge.gridCost' depends on axioms: [propext, Classical.choice, Quot.sound]
'SharpWasserstein.GaussianBridge.sum_real_range' depends on axioms: [propext, Classical.choice, Quot.sound]
'SharpWasserstein.GaussianBridge.sum_real_range_sq' depends on axioms: [propext, Classical.choice, Quot.sound]
'SharpWasserstein.GaussianBridge.gridCost_eq' depends on axioms: [propext, Classical.choice, Quot.sound]
'SharpWasserstein.GaussianBridge.gridCost_tendsto' depends on axioms: [propext, Classical.choice, Quot.sound]
'SharpWasserstein.GaussianBridge.Labels' depends on axioms: [propext, Classical.choice, Quot.sound]
'SharpWasserstein.GaussianBridge.History' depends on axioms: [propext, Classical.choice, Quot.sound]
'SharpWasserstein.GaussianBridge.displacementSq' depends on axioms: [propext, Classical.choice, Quot.sound]
'SharpWasserstein.GaussianBridge.euclideanDrift' depends on axioms: [propext, Classical.choice, Quot.sound]
'SharpWasserstein.GaussianBridge.state' depends on axioms: [propext, Classical.choice, Quot.sound]
'SharpWasserstein.GaussianBridge.measurable_state' depends on axioms: [propext, Classical.choice, Quot.sound]
'SharpWasserstein.GaussianBridge.ordinaryMean' depends on axioms: [propext, Classical.choice, Quot.sound]
'SharpWasserstein.GaussianBridge.shiftedMean' depends on axioms: [propext, Classical.choice, Quot.sound]
'SharpWasserstein.GaussianBridge.measurable_ordinaryMean' depends on axioms: [propext, Classical.choice, Quot.sound]
'SharpWasserstein.GaussianBridge.measurable_shiftedMean' depends on axioms: [propext, Classical.choice, Quot.sound]
'SharpWasserstein.GaussianBridge.measurable_displacementSq' depends on axioms: [propext, Classical.choice, Quot.sound]
'SharpWasserstein.GaussianBridge.displacementSq_nonneg' depends on axioms: [propext, Classical.choice, Quot.sound]
'SharpWasserstein.GaussianBridge.drift_difference_square_le' depends on axioms: [propext, Classical.choice, Quot.sound]
'SharpWasserstein.GaussianBridge.transition_cost_le' depends on axioms: [propext, Classical.choice, Quot.sound]
'SharpWasserstein.GaussianBridge.ordinaryLaw' depends on axioms: [propext, Classical.choice, Quot.sound]
'SharpWasserstein.GaussianBridge.shiftedLaw' depends on axioms: [propext, Classical.choice, Quot.sound]
'SharpWasserstein.GaussianBridge.transitionCost' depends on axioms: [propext, Classical.choice, Quot.sound]
'SharpWasserstein.GaussianBridge.measurable_transitionCost' depends on axioms: [propext, Classical.choice, Quot.sound]
'SharpWasserstein.GaussianBridge.transitionCost_integrable' depends on axioms: [propext, Classical.choice, Quot.sound]
'SharpWasserstein.GaussianBridge.integral_transitionCost_le' depends on axioms: [propext, Classical.choice, Quot.sound]
'SharpWasserstein.GaussianBridge.history_entropy_le' depends on axioms: [propext, Classical.choice, Quot.sound]
'SharpWasserstein.GaussianBridge.observation_entropy_le' depends on axioms: [propext, Classical.choice, Quot.sound]
'SharpWasserstein.GaussianSharpness.matrixMap' depends on axioms: [propext, Classical.choice, Quot.sound]
'SharpWasserstein.GaussianSharpness.matrixMap_apply' depends on axioms: [propext, Classical.choice, Quot.sound]
'SharpWasserstein.GaussianSharpness.matrixLaw' depends on axioms: [propext, Classical.choice, Quot.sound]
'SharpWasserstein.GaussianSharpness.matrixLaw_probability' depends on axioms: [propext, Classical.choice, Quot.sound]
'SharpWasserstein.GaussianSharpness.matrixLaw_isGaussian' depends on axioms: [propext, Classical.choice, Quot.sound]
'SharpWasserstein.GaussianSharpness.matrix_quadraticForm' depends on axioms: [propext, Classical.choice, Quot.sound]
'SharpWasserstein.GaussianSharpness.matrixLaw_eq_of_covariance' depends on axioms: [propext,
 Classical.choice,
 Quot.sound]
'SharpWasserstein.GaussianSharpness.scalarPositions' depends on axioms: [propext, Classical.choice, Quot.sound]
'SharpWasserstein.GaussianSharpness.scalarPositions_apply' depends on axioms: [propext, Classical.choice, Quot.sound]
'SharpWasserstein.GaussianSharpness.stretchMatrix' depends on axioms: [propext, Classical.choice, Quot.sound]
'SharpWasserstein.GaussianSharpness.diagonal_constant_gram' depends on axioms: [propext, Classical.choice, Quot.sound]
'SharpWasserstein.GaussianSharpness.stretchMatrix_gram' depends on axioms: [propext, Classical.choice, Quot.sound]
'SharpWasserstein.GaussianSharpness.commonNoiseMatrix' depends on axioms: [propext, Classical.choice, Quot.sound]
'SharpWasserstein.GaussianSharpness.commonNoiseMatrix_gram' depends on axioms: [propext, Classical.choice, Quot.sound]
'SharpWasserstein.GaussianSharpness.commonNoiseLaw' depends on axioms: [propext, Classical.choice, Quot.sound]
'SharpWasserstein.GaussianSharpness.commonNoiseLaw_isGaussian' depends on axioms: [propext,
 Classical.choice,
 Quot.sound]
'SharpWasserstein.GaussianSharpness.stretchLabel_eq_matrix' depends on axioms: [propext, Classical.choice, Quot.sound]
'SharpWasserstein.GaussianSharpness.correlatedLaw_eq_matrixLaw' depends on axioms: [propext,
 Classical.choice,
 Quot.sound]
'SharpWasserstein.GaussianSharpness.commonNoiseLaw_eq_correlated' depends on axioms: [propext,
 Classical.choice,
 Quot.sound]
'SharpWasserstein.GaussianSharpness.commonNoiseMatrix_apply' depends on axioms: [propext, Classical.choice, Quot.sound]
'SharpWasserstein.GaussianSharpness.commonNoiseLaw_explicit' depends on axioms: [propext, Classical.choice, Quot.sound]
'SharpWasserstein.GaussianSharpness.correlatedLaw_isGaussian' depends on axioms: [propext, Classical.choice, Quot.sound]
'SharpWasserstein.GaussianSharpness.marginal_matrixLaw' depends on axioms: [propext, Classical.choice, Quot.sound]
'SharpWasserstein.GaussianSharpness.marginal_commonNoiseLaw' depends on axioms: [propext, Classical.choice, Quot.sound]
'SharpWasserstein.GaussianSharpness.commonNoiseLaw_exchangeable' depends on axioms: [propext,
 Classical.choice,
 Quot.sound]
'SharpWasserstein.GaussianSharpness.particleGaussianLaw' depends on axioms: [propext, Classical.choice, Quot.sound]
'SharpWasserstein.GaussianSharpness.particleGaussianLaw_marginal' depends on axioms: [propext,
 Classical.choice,
 Quot.sound]
'SharpWasserstein.GaussianSharpness.particleGaussianLaw_transport_exact' depends on axioms: [propext,
 Classical.choice,
 Quot.sound]
'SharpWasserstein.GaussianSharpness.particleGaussianLaw_initial_allLevels' depends on axioms: [propext,
 Classical.choice,
 Quot.sound]
'SharpWasserstein.GaussianSharpness.particleGaussianLaw_fixed_time_lower' depends on axioms: [propext,
 Classical.choice,
 Quot.sound]
'SharpWasserstein.GaussianSharpness.isGaussian_hasSecondMoment' depends on axioms: [propext,
 Classical.choice,
 Quot.sound]
'SharpWasserstein.GaussianSharpness.commonNoiseLaw_secondMoment' depends on axioms: [propext,
 Classical.choice,
 Quot.sound]
'SharpWasserstein.GaussianSharpness.particleGaussianLaw_probability' depends on axioms: [propext,
 Classical.choice,
 Quot.sound]
'SharpWasserstein.GaussianSharpness.particleGaussianLaw_secondMoment' depends on axioms: [propext,
 Classical.choice,
 Quot.sound]
'SharpWasserstein.GaussianHistory' depends on axioms: [propext, Classical.choice, Quot.sound]
'SharpWasserstein.gaussianHistoryStepEquiv' depends on axioms: [propext, Classical.choice, Quot.sound]
'SharpWasserstein.gaussianHistoryLaw' depends on axioms: [propext, Classical.choice, Quot.sound]
'SharpWasserstein.klDiv_gaussianHistoryLaw_succ' depends on axioms: [propext, Classical.choice, Quot.sound]
'SharpWasserstein.klDiv_gaussianHistoryLaw' depends on axioms: [propext, Classical.choice, Quot.sound]
'SharpWasserstein.klDiv_gaussianHistoryLaw_same_initial' depends on axioms: [propext, Classical.choice, Quot.sound]
'SharpWasserstein.klDiv_gaussianHistory_observation_le_cost' depends on axioms: [propext, Classical.choice, Quot.sound]
'SharpWasserstein.gaussianReal_ac_sameVariance' depends on axioms: [propext, Classical.choice, Quot.sound]
'SharpWasserstein.gaussian_log_density_ratio' depends on axioms: [propext, Classical.choice, Quot.sound]
'SharpWasserstein.llr_gaussianReal_sameVariance' depends on axioms: [propext, Classical.choice, Quot.sound]
'SharpWasserstein.integrable_llr_gaussianReal_sameVariance' depends on axioms: [propext, Classical.choice, Quot.sound]
'SharpWasserstein.integral_llr_gaussianReal_sameVariance' depends on axioms: [propext, Classical.choice, Quot.sound]
'SharpWasserstein.klDiv_gaussianReal_sameVariance' depends on axioms: [propext, Classical.choice, Quot.sound]
'SharpWasserstein.klDiv_gaussianReal_sameVariance_ne_top' depends on axioms: [propext, Classical.choice, Quot.sound]
'SharpWasserstein.toReal_klDiv_gaussianReal_sameVariance' depends on axioms: [propext, Classical.choice, Quot.sound]
'SharpWasserstein.gaussianMeanKernel' depends on axioms: [propext, Classical.choice, Quot.sound]
'SharpWasserstein.klDiv_gaussianMeanKernel_same_base' depends on axioms: [propext, Classical.choice, Quot.sound]
'SharpWasserstein.klDiv_gaussianMeanKernel_compProd' depends on axioms: [propext, Classical.choice, Quot.sound]
'SharpWasserstein.klDiv_gaussianMeanKernel_compProd_of_integrable' depends on axioms: [propext,
 Classical.choice,
 Quot.sound]
'SharpWasserstein.klDiv_scalarEuler_step' depends on axioms: [propext, Classical.choice, Quot.sound]
'SharpWasserstein.BackwardEuler.noise' depends on axioms: [propext, Classical.choice, Quot.sound]
'SharpWasserstein.BackwardEuler.noise_stronglyMeasurable' depends on axioms: [propext, Classical.choice, Quot.sound]
'SharpWasserstein.BackwardEuler.mean' depends on axioms: [propext, Classical.choice, Quot.sound]
'SharpWasserstein.BackwardEuler.step' depends on axioms: [propext, Classical.choice, Quot.sound]
'SharpWasserstein.BackwardEuler.backward' depends on axioms: [propext, Classical.choice, Quot.sound]
'SharpWasserstein.BackwardEuler.step_eq_integral_transitionLaw' depends on axioms: [propext,
 Classical.choice,
 Quot.sound]
'SharpWasserstein.BackwardEuler.norm_step_le' depends on axioms: [propext, Classical.choice, Quot.sound]
'SharpWasserstein.BackwardEuler.norm_backward_le' depends on axioms: [propext, Classical.choice, Quot.sound]
'SharpWasserstein.BackwardEuler.lipschitz_mean' depends on axioms: [propext, Classical.choice, Quot.sound]
'SharpWasserstein.BackwardEuler.lipschitz_step' depends on axioms: [propext, Classical.choice, Quot.sound]
'SharpWasserstein.BackwardEuler.lipschitz_backward' depends on axioms: [propext, Classical.choice, Quot.sound]
'SharpWasserstein.BackwardEuler.hasFDerivAt_step' depends on axioms: [propext, Classical.choice, Quot.sound]
'SharpWasserstein.BackwardEuler.contDiff_one_step' depends on axioms: [propext, Classical.choice, Quot.sound]
'SharpWasserstein.BackwardEuler.contDiff_one_backward' depends on axioms: [propext, Classical.choice, Quot.sound]
'SharpWasserstein.BackwardEuler.fderiv_backward_norm_le' depends on axioms: [propext, Classical.choice, Quot.sound]
'SharpWasserstein.BackwardEuler.fderiv_mean' depends on axioms: [propext, Classical.choice, Quot.sound]
'SharpWasserstein.BackwardEuler.lipschitz_fderiv_mean' depends on axioms: [propext, Classical.choice, Quot.sound]
'SharpWasserstein.BackwardEuler.contDiff_two_step' depends on axioms: [propext, Classical.choice, Quot.sound]
'SharpWasserstein.BackwardEuler.lipschitz_fderiv_step' depends on axioms: [propext, Classical.choice, Quot.sound]
'SharpWasserstein.BackwardEuler.secondBound' depends on axioms: [propext, Classical.choice, Quot.sound]
'SharpWasserstein.BackwardEuler.lipschitz_fderiv_backward' depends on axioms: [propext, Classical.choice, Quot.sound]
'SharpWasserstein.BackwardEuler.contDiff_two_backward' depends on axioms: [propext, Classical.choice, Quot.sound]
'SharpWasserstein.BackwardEuler.secondFDeriv_backward_norm_le' depends on axioms: [propext,
 Classical.choice,
 Quot.sound]
'SharpWasserstein.BackwardEuler.secondBound_le' depends on axioms: [propext, Classical.choice, Quot.sound]
'SharpWasserstein.BackwardEuler.eulerFactor_pow_le_exp' depends on axioms: [propext, Classical.choice, Quot.sound]
'SharpWasserstein.BackwardEuler.secondBound_le_exp' depends on axioms: [propext, Classical.choice, Quot.sound]
'SharpWasserstein.BackwardEuler.allDerivativesBounded_fderiv_mean' depends on axioms: [propext,
 Classical.choice,
 Quot.sound]
'SharpWasserstein.BackwardEuler.smooth_step' depends on axioms: [propext, Classical.choice, Quot.sound]
'SharpWasserstein.BackwardEuler.smooth_backward' depends on axioms: [propext, Classical.choice, Quot.sound]
'SharpWasserstein.BackwardEuler.secondFDeriv_mean' depends on axioms: [propext, Classical.choice, Quot.sound]
'SharpWasserstein.BackwardEuler.lipschitz_secondFDeriv_mean' depends on axioms: [propext, Classical.choice, Quot.sound]
'SharpWasserstein.BackwardEuler.contDiff_three_step' depends on axioms: [propext, Classical.choice, Quot.sound]
'SharpWasserstein.BackwardEuler.lipschitz_secondFDeriv_step' depends on axioms: [propext, Classical.choice, Quot.sound]
'SharpWasserstein.BackwardEuler.thirdBound' depends on axioms: [propext, Classical.choice, Quot.sound]
'SharpWasserstein.BackwardEuler.lipschitz_secondFDeriv_backward' depends on axioms: [propext,
 Classical.choice,
 Quot.sound]
'SharpWasserstein.BackwardEuler.contDiff_three_backward' depends on axioms: [propext, Classical.choice, Quot.sound]
'SharpWasserstein.BackwardEuler.thirdBound_le' depends on axioms: [propext, Classical.choice, Quot.sound]
'SharpWasserstein.BackwardEuler.thirdBound_le_exp' depends on axioms: [propext, Classical.choice, Quot.sound]
'SharpWasserstein.GaussianSharpness.charFunDual_matrixLaw' depends on axioms: [propext, Classical.choice, Quot.sound]
'SharpWasserstein.GaussianSharpness.matrixLaw_conv_eq' depends on axioms: [propext, Classical.choice, Quot.sound]
'SharpWasserstein.GaussianSharpness.diagonalMatrix' depends on axioms: [propext, Classical.choice, Quot.sound]
'SharpWasserstein.GaussianSharpness.diagonalMatrix_gram' depends on axioms: [propext, Classical.choice, Quot.sound]
'SharpWasserstein.GaussianSharpness.independentLaw_eq_diagonalMatrix' depends on axioms: [propext,
 Classical.choice,
 Quot.sound]
'SharpWasserstein.GaussianSharpness.commonNoiseLaw_heat_convolution' depends on axioms: [propext,
 Classical.choice,
 Quot.sound]
'SharpWasserstein.GaussianSharpness.particleGaussianLaw_heat_convolution' depends on axioms: [propext,
 Classical.choice,
 Quot.sound]
'SharpWasserstein.GaussianSharpness.gaussian_initialHierarchy' depends on axioms: [propext,
 Classical.choice,
 Quot.sound]
'SharpWasserstein.GaussianSharpness.insertNth_affine' depends on axioms: [propext, Classical.choice, Quot.sound]
'SharpWasserstein.GaussianSharpness.insertNth_hasDerivAt' depends on axioms: [propext, Classical.choice, Quot.sound]
'SharpWasserstein.GaussianSharpness.scaledGaussianLabel' depends on axioms: [propext, Classical.choice, Quot.sound]
'SharpWasserstein.GaussianSharpness.scaledGaussianLabel_continuous' depends on axioms: [propext,
 Classical.choice,
 Quot.sound]
'SharpWasserstein.GaussianSharpness.scaledGaussianLabel_joint_continuous' depends on axioms: [propext,
 Classical.choice,
 Quot.sound]
'SharpWasserstein.GaussianSharpness.scaledGaussianLabel_hasDerivAt' depends on axioms: [propext,
 Classical.choice,
 Quot.sound]
'SharpWasserstein.GaussianSharpness.scaledGaussianLabel_insert_hasDerivAt' depends on axioms: [propext,
 Classical.choice,
 Quot.sound]
'SharpWasserstein.GaussianSharpness.compact_coordinateDerivative' depends on axioms: [propext,
 Classical.choice,
 Quot.sound]
'SharpWasserstein.GaussianSharpness.compact_laplacian' depends on axioms: [propext, Classical.choice, Quot.sound]
'SharpWasserstein.GaussianSharpness.compact_test_bound' depends on axioms: [propext, Classical.choice, Quot.sound]
'SharpWasserstein.GaussianSharpness.gaussianVelocity_decomposition' depends on axioms: [propext,
 Classical.choice,
 Quot.sound]
'SharpWasserstein.GaussianSharpness.scaledGaussian_test_hasDerivAt' depends on axioms: [propext,
 Classical.choice,
 Quot.sound]
'SharpWasserstein.GaussianSharpness.scaledGaussian_coordinate_test_hasDerivAt' depends on axioms: [propext,
 Classical.choice,
 Quot.sound]
'SharpWasserstein.GaussianSharpness.scaledGaussian_coordinate_stein' depends on axioms: [propext,
 Classical.choice,
 Quot.sound]
'SharpWasserstein.GaussianSharpness.scaledGaussianExpectation' depends on axioms: [propext,
 Classical.choice,
 Quot.sound]
'SharpWasserstein.GaussianSharpness.scaledGaussianExpectation_hasDerivAt' depends on axioms: [propext,
 Classical.choice,
 Quot.sound]
'SharpWasserstein.GaussianSharpness.scaledGaussianExpectation_continuous' depends on axioms: [propext,
 Classical.choice,
 Quot.sound]
'SharpWasserstein.GaussianSharpness.integral_commonNoiseLaw' depends on axioms: [propext, Classical.choice, Quot.sound]
'SharpWasserstein.GaussianSharpness.commonNoiseLaw_expectation_continuous' depends on axioms: [propext,
 Classical.choice,
 Quot.sound]
'SharpWasserstein.GaussianSharpness.commonNoiseLaw_expectation_hasDerivAt' depends on axioms: [propext,
 Classical.choice,
 Quot.sound]
'SharpWasserstein.GaussianSharpness.generator_zero' depends on axioms: [propext, Classical.choice, Quot.sound]
'SharpWasserstein.GaussianSharpness.commonNoiseLaw_weakEvolution' depends on axioms: [propext,
 Classical.choice,
 Quot.sound]
'SharpWasserstein.GaussianSharpness.particleGaussianLaw_isParticleEvolution' depends on axioms: [propext,
 Classical.choice,
 Quot.sound]
'SharpWasserstein.GaussianSharpness.oneParticleGaussian_probability' depends on axioms: [propext,
 Classical.choice,
 Quot.sound]
'SharpWasserstein.GaussianSharpness.singleton_oneParticleGaussian_eq_commonNoiseLaw' depends on axioms: [propext,
 Classical.choice,
 Quot.sound]
'SharpWasserstein.GaussianSharpness.oneParticleGaussian_isLimitEvolution' depends on axioms: [propext,
 Classical.choice,
 Quot.sound]
'SharpWasserstein.GaussianSharpness.zeroKernel_boundedSmooth' depends on axioms: [propext, Classical.choice, Quot.sound]
'SharpWasserstein.GaussianSharpness.zeroKernel_bounds' depends on axioms: [propext, Classical.choice, Quot.sound]
'SharpWasserstein.GaussianSharpness.gaussian_sharpness_hypotheses' depends on axioms: [propext,
 Classical.choice,
 Quot.sound]
'SharpWasserstein.GaussianSharpness.gaussian_sharpness_fixed_time' depends on axioms: [propext,
 Classical.choice,
 Quot.sound]
'SharpWasserstein.gaussianHistoryStepEquiv_symm_label' depends on axioms: [propext, Classical.choice, Quot.sound]
'SharpWasserstein.gaussianHistoryLaw_map_labels' depends on axioms: [propext, Classical.choice, Quot.sound]
'SharpWasserstein.gaussianInitialHistory' depends on axioms: [propext, Classical.choice, Quot.sound]
'SharpWasserstein.gaussianInitialHistory_map_labels' depends on axioms: [propext, Classical.choice, Quot.sound]
'SharpWasserstein.gaussianHistory_label_integrable' depends on axioms: [propext, Classical.choice, Quot.sound]
'SharpWasserstein.gaussianHistory_label_integral' depends on axioms: [propext, Classical.choice, Quot.sound]
'SharpWasserstein.gaussianVectorLaw_translate' depends on axioms: [propext, Classical.choice, Quot.sound]
'SharpWasserstein.gaussianVectorKernel_realization' depends on axioms: [propext, Classical.choice, Quot.sound]
'SharpWasserstein.gaussianInnovationLaw' depends on axioms: [propext, Classical.choice, Quot.sound]
'SharpWasserstein.gaussianInnovationLaw_split' depends on axioms: [propext, Classical.choice, Quot.sound]
'SharpWasserstein.gaussianHistoryAppend' depends on axioms: [propext, Classical.choice, Quot.sound]
'SharpWasserstein.gaussianHistoryAppend_measurable' depends on axioms: [propext, Classical.choice, Quot.sound]
'SharpWasserstein.gaussianHistorySimulator' depends on axioms: [propext, Classical.choice, Quot.sound]
'SharpWasserstein.gaussianHistorySimulator_measurable' depends on axioms: [propext, Classical.choice, Quot.sound]
'SharpWasserstein.gaussianHistorySimulator_hasLaw' depends on axioms: [propext, Classical.choice, Quot.sound]
'SharpWasserstein.GaussianSharpness.covariance_weightedSum' depends on axioms: [propext, Classical.choice, Quot.sound]
'SharpWasserstein.GaussianSharpness.matrixLaw_mean' depends on axioms: [propext, Classical.choice, Quot.sound]
'SharpWasserstein.GaussianSharpness.matrixLaw_covariance' depends on axioms: [propext, Classical.choice, Quot.sound]
'SharpWasserstein.GaussianSharpness.commonNoiseLaw_mean' depends on axioms: [propext, Classical.choice, Quot.sound]
'SharpWasserstein.GaussianSharpness.commonNoiseLaw_covariance' depends on axioms: [propext,
 Classical.choice,
 Quot.sound]
'SharpWasserstein.GaussianSharpness.particleGaussianLaw_marginal_covariance' depends on axioms: [propext,
 Classical.choice,
 Quot.sound]
'SharpWasserstein.GaussianSharpness.commonNoiseLaw_coordinate_memLp' depends on axioms: [propext,
 Classical.choice,
 Quot.sound]
'SharpWasserstein.GaussianSharpness.commonNoiseLaw_coordinate_sq_integral' depends on axioms: [propext,
 Classical.choice,
 Quot.sound]
'SharpWasserstein.GaussianSharpness.commonNoiseLaw_momentIntegral' depends on axioms: [propext,
 Classical.choice,
 Quot.sound]
'SharpWasserstein.GaussianSharpness.commonNoiseLaw_secondMoment_value' depends on axioms: [propext,
 Classical.choice,
 Quot.sound]
'SharpWasserstein.GaussianSharpness.particleGaussianLaw_uniform_momentBound' depends on axioms: [propext,
 Classical.choice,
 Quot.sound]
'SharpWasserstein.GaussianSharpness.standardLabels' depends on axioms: [propext, Classical.choice, Quot.sound]
'SharpWasserstein.GaussianSharpness.standardLabels_probability' depends on axioms: [propext,
 Classical.choice,
 Quot.sound]
'SharpWasserstein.GaussianSharpness.standardVector' depends on axioms: [propext, Classical.choice, Quot.sound]
'SharpWasserstein.GaussianSharpness.standardVector_stronglyMeasurable' depends on axioms: [propext,
 Classical.choice,
 Quot.sound]
'SharpWasserstein.GaussianSharpness.commonDirection' depends on axioms: [propext, Classical.choice, Quot.sound]
'SharpWasserstein.GaussianSharpness.commonDirection_norm' depends on axioms: [propext, Classical.choice, Quot.sound]
'SharpWasserstein.GaussianSharpness.commonMode_formula' depends on axioms: [propext, Classical.choice, Quot.sound]
'SharpWasserstein.GaussianSharpness.coordinate_memLp' depends on axioms: [propext, Classical.choice, Quot.sound]
'SharpWasserstein.GaussianSharpness.sum_memLp' depends on axioms: [propext, Classical.choice, Quot.sound]
'SharpWasserstein.GaussianSharpness.integral_sum' depends on axioms: [propext, Classical.choice, Quot.sound]
'SharpWasserstein.GaussianSharpness.variance_sum' depends on axioms: [propext, Classical.choice, Quot.sound]
'SharpWasserstein.GaussianSharpness.integral_sum_sq' depends on axioms: [propext, Classical.choice, Quot.sound]
'SharpWasserstein.GaussianSharpness.commonMode_eLpNorm' depends on axioms: [propext, Classical.choice, Quot.sound]
'SharpWasserstein.GaussianSharpness.weightedSum_memLp' depends on axioms: [propext, Classical.choice, Quot.sound]
'SharpWasserstein.GaussianSharpness.integral_weightedSum' depends on axioms: [propext, Classical.choice, Quot.sound]
'SharpWasserstein.GaussianSharpness.variance_weightedSum' depends on axioms: [propext, Classical.choice, Quot.sound]
'SharpWasserstein.GaussianSharpness.dual_eq_weightedSum' depends on axioms: [propext, Classical.choice, Quot.sound]
'SharpWasserstein.GaussianSharpness.integral_dual' depends on axioms: [propext, Classical.choice, Quot.sound]
'SharpWasserstein.GaussianSharpness.variance_dual' depends on axioms: [propext, Classical.choice, Quot.sound]
'SharpWasserstein.GaussianSharpness.charFunDual_standardLabels' depends on axioms: [propext,
 Classical.choice,
 Quot.sound]
'SharpWasserstein.GaussianSharpness.standardLabels_isGaussian' depends on axioms: [propext,
 Classical.choice,
 Quot.sound]
'SharpWasserstein.GaussianSharpness.independentLaw' depends on axioms: [propext, Classical.choice, Quot.sound]
'SharpWasserstein.GaussianSharpness.correlatedLaw' depends on axioms: [propext, Classical.choice, Quot.sound]
'SharpWasserstein.GaussianSharpness.oneParticleGaussian' depends on axioms: [propext, Classical.choice, Quot.sound]
'SharpWasserstein.GaussianSharpness.independentLaw_tensor' depends on axioms: [propext, Classical.choice, Quot.sound]
'SharpWasserstein.GaussianSharpness.independentLaw_probability' depends on axioms: [propext,
 Classical.choice,
 Quot.sound]
'SharpWasserstein.GaussianSharpness.correlatedLaw_probability' depends on axioms: [propext,
 Classical.choice,
 Quot.sound]
'SharpWasserstein.GaussianSharpness.gaussian_rankOne_transport' depends on axioms: [propext,
 Classical.choice,
 Quot.sound]
'SharpWasserstein.GaussianSharpness.gaussian_rankOne_transport_rationalized' depends on axioms: [propext,
 Classical.choice,
 Quot.sound]
'SharpWasserstein.GaussianSharpness.gaussian_initial_bound' depends on axioms: [propext, Classical.choice, Quot.sound]
'SharpWasserstein.GaussianSharpness.gaussian_fixed_time_lower' depends on axioms: [propext,
 Classical.choice,
 Quot.sound]
'SharpWasserstein.GaussianSharpness.gaussian_integrable_iff_density' depends on axioms: [propext,
 Classical.choice,
 Quot.sound]
'SharpWasserstein.GaussianSharpness.gaussianPDF_standard_hasDerivAt' depends on axioms: [propext,
 Classical.choice,
 Quot.sound]
'SharpWasserstein.GaussianSharpness.standardGaussian_stein' depends on axioms: [propext, Classical.choice, Quot.sound]
'SharpWasserstein.GaussianSharpness.standardLabels_stein' depends on axioms: [propext, Classical.choice, Quot.sound]
'SharpWasserstein.BackwardEuler.backwardTime' depends on axioms: [propext, Classical.choice, Quot.sound]
'SharpWasserstein.BackwardEuler.norm_backwardTime_le' depends on axioms: [propext, Classical.choice, Quot.sound]
'SharpWasserstein.BackwardEuler.smooth_backwardTime' depends on axioms: [propext, Classical.choice, Quot.sound]
'SharpWasserstein.BackwardEuler.backwardTime_derivative_bounds' depends on axioms: [propext,
 Classical.choice,
 Quot.sound]
'SharpWasserstein.BackwardEuler.uniform_backwardTime_derivative_bounds' depends on axioms: [propext,
 Classical.choice,
 Quot.sound]
'SharpWasserstein.gaussianVectorLaw' depends on axioms: [propext, Classical.choice, Quot.sound]
'SharpWasserstein.splitLastReal' depends on axioms: [propext, Classical.choice, Quot.sound]
'SharpWasserstein.gaussianVectorLaw_split' depends on axioms: [propext, Classical.choice, Quot.sound]
'SharpWasserstein.gaussianMeanKernel_const' depends on axioms: [propext, Classical.choice, Quot.sound]
'SharpWasserstein.klDiv_prod_gaussianReal' depends on axioms: [propext, Classical.choice, Quot.sound]
'SharpWasserstein.klDiv_gaussianVectorLaw' depends on axioms: [propext, Classical.choice, Quot.sound]
'SharpWasserstein.klDiv_gaussianVectorLaw_ne_top' depends on axioms: [propext, Classical.choice, Quot.sound]
'SharpWasserstein.toReal_klDiv_gaussianVectorLaw' depends on axioms: [propext, Classical.choice, Quot.sound]
'SharpWasserstein.measurable_gaussianVectorLaw' depends on axioms: [propext, Classical.choice, Quot.sound]
'SharpWasserstein.gaussianVectorKernel' depends on axioms: [propext, Classical.choice, Quot.sound]
'SharpWasserstein.klDiv_gaussianVectorKernel_same_base' depends on axioms: [propext, Classical.choice, Quot.sound]
'SharpWasserstein.klDiv_gaussianVectorKernel_compProd' depends on axioms: [propext, Classical.choice, Quot.sound]
'SharpWasserstein.klDiv_gaussianVectorKernel_compProd_of_integrable' depends on axioms: [propext,
 Classical.choice,
 Quot.sound]
'SharpWasserstein.klDiv_vectorEuler_step' depends on axioms: [propext, Classical.choice, Quot.sound]
'SharpWasserstein.GeometricEndpointLength.time' depends on axioms: [propext, Classical.choice, Quot.sound]
'SharpWasserstein.GeometricEndpointLength.time_pos' depends on axioms: [propext, Classical.choice, Quot.sound]
'SharpWasserstein.GeometricEndpointLength.time_le' depends on axioms: [propext, Classical.choice, Quot.sound]
'SharpWasserstein.GeometricEndpointLength.time_succ' depends on axioms: [propext, Classical.choice, Quot.sound]
'SharpWasserstein.GeometricEndpointLength.sqrt_time_succ' depends on axioms: [propext, Classical.choice, Quot.sound]
'SharpWasserstein.GeometricEndpointLength.endpoint_of_geometric_action' depends on axioms: [propext,
 Classical.choice,
 Quot.sound]
'SharpWasserstein.GeometricEndpointLength.endpoint_of_local_action' depends on axioms: [propext,
 Classical.choice,
 Quot.sound]
'SharpWasserstein.HierarchyAlgebra.matrixAction' depends on axioms: [propext, Classical.choice, Quot.sound]
'SharpWasserstein.HierarchyAlgebra.frobeniusSq' depends on axioms: [propext, Classical.choice, Quot.sound]
'SharpWasserstein.HierarchyAlgebra.matrixAction_apply' depends on axioms: [propext, Classical.choice, Quot.sound]
'SharpWasserstein.HierarchyAlgebra.symmetric_hessian_pairing' depends on axioms: [propext, Classical.choice, Quot.sound]
'SharpWasserstein.HierarchyAlgebra.external_hessian_cancellation' depends on axioms: [propext,
 Classical.choice,
 Quot.sound]
'SharpWasserstein.HierarchyAlgebra.external_lifted_remainder' depends on axioms: [propext, Classical.choice, Quot.sound]
'SharpWasserstein.HierarchyAlgebra.matrixAction_norm_sq_le' depends on axioms: [propext, Classical.choice, Quot.sound]
'SharpWasserstein.HierarchyAlgebra.frobeniusSq_nonneg' depends on axioms: [propext, Classical.choice, Quot.sound]
'SharpWasserstein.HierarchyAlgebra.matrixAction_norm_sq_le_of_norm_sq_le' depends on axioms: [propext,
 Classical.choice,
 Quot.sound]
'SharpWasserstein.HierarchyAlgebra.hessian_plus_remainder_norm_sq_le' depends on axioms: [propext,
 Classical.choice,
 Quot.sound]
'SharpWasserstein.HierarchyAlgebra.block_norm_sq_le' depends on axioms: [propext, Classical.choice, Quot.sound]
'SharpWasserstein.HierarchyAlgebra.block_norm_le' depends on axioms: [propext, Classical.choice, Quot.sound]
'SharpWasserstein.HierarchyAlgebra.block_pairing_bound' depends on axioms: [propext, Classical.choice, Quot.sound]
'SharpWasserstein.HierarchyAlgebra.block_pairing_sq_bound' depends on axioms: [propext, Classical.choice, Quot.sound]
'SharpWasserstein.InitialSourcePermutation.euclidean_initialCurrent_covariant' depends on axioms: [propext,
 Classical.choice,
 Quot.sound]
'SharpWasserstein.InitialSourcePermutation.current_sourceAt_zero' depends on axioms: [propext,
 Classical.choice,
 Quot.sound]
'SharpWasserstein.InitialSourceMarginal.imageSource_comp' depends on axioms: [propext, Classical.choice, Quot.sound]
'SharpWasserstein.InitialSourceMarginal.map_marginalProjection' depends on axioms: [propext,
 Classical.choice,
 Quot.sound]
'SharpWasserstein.InitialSourceMarginal.configurationMarginalSource' depends on axioms: [propext,
 Classical.choice,
 Quot.sound]
'SharpWasserstein.InitialSourceMarginal.euclideanDistribution_configurationMarginalSource' depends on axioms: [propext,
 Classical.choice,
 Quot.sound]
'SharpWasserstein.InitialSourceMarginal.configurationMarginalSource_finite' depends on axioms: [propext,
 Classical.choice,
 Quot.sound]
'SharpWasserstein.InitialSourceMarginal.initialCurrent_memLp' depends on axioms: [propext, Classical.choice, Quot.sound]
'SharpWasserstein.InitialSourceMarginal.source_eq_configurationFlux' depends on axioms: [propext,
 Classical.choice,
 Quot.sound]
'SharpWasserstein.InitialSourceMarginal.configurationMarginalSource_apply_current' depends on axioms: [propext,
 Classical.choice,
 Quot.sound]
'SharpWasserstein.InitialSourceMarginal.configurationMarginalSource_self' depends on axioms: [propext,
 Classical.choice,
 Quot.sound]
'SharpWasserstein.InitialSourceMarginal.integrable_bounded_mul' depends on axioms: [propext,
 Classical.choice,
 Quot.sound]
'SharpWasserstein.InitialSourceMarginal.reference_coordinate_measurable' depends on axioms: [propext,
 Classical.choice,
 Quot.sound]
'SharpWasserstein.InitialSourceMarginal.reference_coordinate_bound' depends on axioms: [propext,
 Classical.choice,
 Quot.sound]
'SharpWasserstein.InitialSourceMarginal.particle_coordinate_measurable' depends on axioms: [propext,
 Classical.choice,
 Quot.sound]
'SharpWasserstein.InitialSourceMarginal.particle_coordinate_bounded' depends on axioms: [propext,
 Classical.choice,
 Quot.sound]
'SharpWasserstein.InitialSourceMarginal.conditional_coordinate_measurable' depends on axioms: [propext,
 Classical.choice,
 Quot.sound]
'SharpWasserstein.InitialSourceMarginal.conditional_coordinate_bounded' depends on axioms: [propext,
 Classical.choice,
 Quot.sound]
'SharpWasserstein.InitialSourceMarginal.integral_current_eq_conditional' depends on axioms: [propext,
 Classical.choice,
 Quot.sound]
'SharpWasserstein.InitialSourceMarginal.bounded_sub' depends on axioms: [propext, Classical.choice, Quot.sound]
'SharpWasserstein.InitialSourceMarginal.configurationMarginalSource_generator' depends on axioms: [propext,
 Classical.choice,
 Quot.sound]
'SharpWasserstein.InitialSourceMarginal.configurationMarginalSource_eq' depends on axioms: [propext,
 Classical.choice,
 Quot.sound]
'SharpWasserstein.InitialSourceMarginal.representative_bounded_pairing' depends on axioms: [propext,
 Classical.choice,
 Quot.sound]
'SharpWasserstein.InitialSourceMarginal.imageSource' depends on axioms: [propext, Classical.choice, Quot.sound]
'SharpWasserstein.InitialSourceMarginal.imageSource_finite' depends on axioms: [propext, Classical.choice, Quot.sound]
'SharpWasserstein.InitialSourceMarginal.imageSource_apply' depends on axioms: [propext, Classical.choice, Quot.sound]
'SharpWasserstein.InitialSourceMarginal.cylinder_bounds' depends on axioms: [propext, Classical.choice, Quot.sound]
'SharpWasserstein.InitialSourceMarginal.imageSource_eq_flux_pairing' depends on axioms: [propext,
 Classical.choice,
 Quot.sound]
'SharpWasserstein.InitialSourceMarginal.imageSource_prefix_eq' depends on axioms: [propext,
 Classical.choice,
 Quot.sound]
'SharpWasserstein.InitialSourceMarginal.dimensionReindex' depends on axioms: [propext, Classical.choice, Quot.sound]
'SharpWasserstein.InitialSourceMarginal.prefix_comp_dimensionReindex' depends on axioms: [propext,
 Classical.choice,
 Quot.sound]
'SharpWasserstein.InitialSourceMarginal.marginalDistribution_reindexed_eq' depends on axioms: [propext,
 Classical.choice,
 Quot.sound]
'SharpWasserstein.InitialSourceMarginal.marginalLaw_reindexed_eq' depends on axioms: [propext,
 Classical.choice,
 Quot.sound]
'SharpWasserstein.InitialSourceMarginal.marginal_energy_reindexed_eq' depends on axioms: [propext,
 Classical.choice,
 Quot.sound]
'SharpWasserstein.InitialSourceMarginal.exists_regularized_consistent_source' depends on axioms: [propext,
 Classical.choice,
 Quot.sound]
'SharpWasserstein.InitialSourceMarginal.exists_regularized_weighted_marginal_profile' depends on axioms: [propext,
 Classical.choice,
 Quot.sound]
'SharpWasserstein.InitialSourcePermutation.configurationPullTest' depends on axioms: [propext,
 Classical.choice,
 Quot.sound]
'SharpWasserstein.InitialSourcePermutation.initialCurrent' depends on axioms: [propext, Classical.choice, Quot.sound]
'SharpWasserstein.InitialSourcePermutation.initialCurrent_covariant' depends on axioms: [propext,
 Classical.choice,
 Quot.sound]
'SharpWasserstein.InitialSourcePermutation.generator_difference' depends on axioms: [propext,
 Classical.choice,
 Quot.sound]
'SharpWasserstein.InitialSourcePermutation.source_invariant' depends on axioms: [propext, Classical.choice, Quot.sound]
'SharpWasserstein.InitialSourcePermutation.testEuclidean_symm_pull' depends on axioms: [propext,
 Classical.choice,
 Quot.sound]
'SharpWasserstein.InitialSourcePermutation.euclideanSource_invariant' depends on axioms: [propext,
 Classical.choice,
 Quot.sound]
'SharpWasserstein.InitialSourcePermutation.regularizedSource_invariant' depends on axioms: [propext,
 Classical.choice,
 Quot.sound]
'SharpWasserstein.InitialSourcePermutation.initialRepresentative_equivariant' depends on axioms: [propext,
 Classical.choice,
 Quot.sound]
'SharpWasserstein.InitialSourcePermutation.particle_distributionAt_invariant' depends on axioms: [propext,
 Classical.choice,
 Quot.sound]
'SharpWasserstein.InitialSourcePermutation.particle_action_invariant' depends on axioms: [propext,
 Classical.choice,
 Quot.sound]
'SharpWasserstein.ExternalInteractionPeriodic.internalDrift_eq_scaled' depends on axioms: [propext,
 Classical.choice,
 Quot.sound]
'SharpWasserstein.ExternalInteractionPeriodic.internalDrift_allDerivativesBounded' depends on axioms: [propext,
 Classical.choice,
 Quot.sound]
'SharpWasserstein.ExternalInteractionPeriodic.internalDrift_lipschitz' depends on axioms: [propext,
 Classical.choice,
 Quot.sound]
'SharpWasserstein.ExternalInteractionPeriodic.internalDrift_fderiv_bound' depends on axioms: [propext,
 Classical.choice,
 Quot.sound]
'SharpWasserstein.centeredKernel' depends on axioms: [propext, Classical.choice, Quot.sound]
'SharpWasserstein.internalScalarCurrent' depends on axioms: [propext, Classical.choice, Quot.sound]
'SharpWasserstein.measurable_centeredKernel' depends on axioms: [propext, Classical.choice, Quot.sound]
'SharpWasserstein.measurable_internalScalarCurrent' depends on axioms: [propext, Classical.choice, Quot.sound]
'SharpWasserstein.centeredKernel_abs_le' depends on axioms: [propext, Classical.choice, Quot.sound]
'SharpWasserstein.internalScalarCurrent_abs_le' depends on axioms: [propext, Classical.choice, Quot.sound]
'SharpWasserstein.internalScalarCurrent_split' depends on axioms: [propext, Classical.choice, Quot.sound]
'SharpWasserstein.internalScalarCurrent_exp_square_le' depends on axioms: [propext, Classical.choice, Quot.sound]
'SharpWasserstein.internalSourceConstant' depends on axioms: [propext, Classical.choice, Quot.sound]
'SharpWasserstein.internalSourceConstant_nonneg' depends on axioms: [propext, Classical.choice, Quot.sound]
'SharpWasserstein.integrable_internalScalarCurrent_sq' depends on axioms: [propext, Classical.choice, Quot.sound]
'SharpWasserstein.internalScalarCurrent_sq_le_entropy' depends on axioms: [propext, Classical.choice, Quot.sound]
'SharpWasserstein.internalCurrentSquare' depends on axioms: [propext, Classical.choice, Quot.sound]
'SharpWasserstein.integrable_internalCurrentSquare' depends on axioms: [propext, Classical.choice, Quot.sound]
'SharpWasserstein.internal_source_energy_le_entropy' depends on axioms: [propext, Classical.choice, Quot.sound]
'SharpWasserstein.internalSource_convex_exp_mean_le' depends on axioms: [propext, Classical.choice, Quot.sound]
'SharpWasserstein.internalCurrentSquare_exp_le' depends on axioms: [propext, Classical.choice, Quot.sound]
'SharpWasserstein.internal_source_marginal_energy_le_profile' depends on axioms: [propext, Classical.choice, Quot.sound]
'SharpWasserstein.KernelPeriodMultiples.first' depends on axioms: [propext, Classical.choice, Quot.sound]
'SharpWasserstein.KernelPeriodMultiples.second' depends on axioms: [propext, Classical.choice, Quot.sound]
'SharpWasserstein.main_theorem' depends on axioms: [propext, Classical.choice, Quot.sound]
'SharpWasserstein.main_of_uniform_finite_action_transport' depends on axioms: [propext, Classical.choice, Quot.sound]
'SharpWasserstein.hasSecondMoment_iff_integrable' depends on axioms: [propext, Classical.choice, Quot.sound]
'SharpWasserstein.hasSecondMoment_marginal' depends on axioms: [propext, Classical.choice, Quot.sound]
'SharpWasserstein.hasSecondMoment_tensorLaw' depends on axioms: [propext, Classical.choice, Quot.sound]
'SharpWasserstein.particleObservation' depends on axioms: [propext, Classical.choice, Quot.sound]
'SharpWasserstein.measurable_particleObservation' depends on axioms: [propext, Classical.choice, Quot.sound]
'SharpWasserstein.nextParticleJoint_eq_map_observation' depends on axioms: [propext, Classical.choice, Quot.sound]
'SharpWasserstein.map_particleObservation_external' depends on axioms: [propext, Classical.choice, Quot.sound]
'SharpWasserstein.integrable_bounded_scalar' depends on axioms: [propext, Classical.choice, Quot.sound]
'SharpWasserstein.integral_external_particle_eq_conditional' depends on axioms: [propext, Classical.choice, Quot.sound]
'SharpWasserstein.integral_particle_sum_eq_conditional' depends on axioms: [propext, Classical.choice, Quot.sound]
'SharpWasserstein.marginalScalarDrift' depends on axioms: [propext, Classical.choice, Quot.sound]
'SharpWasserstein.integral_particleDrift_eq_marginalScalarDrift' depends on axioms: [propext,
 Classical.choice,
 Quot.sound]
'SharpWasserstein.marginalSourceCurrent' depends on axioms: [propext, Classical.choice, Quot.sound]
'SharpWasserstein.marginalSourceCurrent_decomposition' depends on axioms: [propext, Classical.choice, Quot.sound]
'SharpWasserstein.externalScalarDiscrepancy' depends on axioms: [propext, Classical.choice, Quot.sound]
'SharpWasserstein.marginalSourceSquare' depends on axioms: [propext, Classical.choice, Quot.sound]
'SharpWasserstein.measurable_externalScalarDiscrepancy' depends on axioms: [propext, Classical.choice, Quot.sound]
'SharpWasserstein.measurable_marginalSourceCurrent' depends on axioms: [propext, Classical.choice, Quot.sound]
'SharpWasserstein.marginalSourceSquare_nonneg' depends on axioms: [propext, Classical.choice, Quot.sound]
'SharpWasserstein.marginalSourceSquare_le_parts' depends on axioms: [propext, Classical.choice, Quot.sound]
'SharpWasserstein.marginalSourceSquare_integrable_and_le_profile' depends on axioms: [propext,
 Classical.choice,
 Quot.sound]
'SharpWasserstein.nonlinearDrift_coordinate' depends on axioms: [propext, Classical.choice, Quot.sound]
'SharpWasserstein.fullSourceCurrent_eq_internal' depends on axioms: [propext, Classical.choice, Quot.sound]
'SharpWasserstein.fullSourceSquare_le_profile' depends on axioms: [propext, Classical.choice, Quot.sound]
'SharpWasserstein.marginal_generator_difference' depends on axioms: [propext, Classical.choice, Quot.sound]
'SharpWasserstein.exists_marginalSourceDistribution' depends on axioms: [propext, Classical.choice, Quot.sound]
'SharpWasserstein.exists_fullSourceDistribution' depends on axioms: [propext, Classical.choice, Quot.sound]
'SharpWasserstein.randomProbabilityLaw' depends on axioms: [propext, Classical.choice, Quot.sound]
'SharpWasserstein.randomProbabilityLaw_continuous' depends on axioms: [propext, Classical.choice, Quot.sound]
'SharpWasserstein.ParticleFlow.probabilityCurve' depends on axioms: [propext, Classical.choice, Quot.sound]
'SharpWasserstein.ParticleFlow.probabilityCurve_continuous' depends on axioms: [propext, Classical.choice, Quot.sound]
'SharpWasserstein.NoiseAverage.fderiv_average' depends on axioms: [propext, Classical.choice, Quot.sound]
'SharpWasserstein.NoiseAverage.lipschitz_fderiv_average' depends on axioms: [propext, Classical.choice, Quot.sound]
'SharpWasserstein.NoiseAverage.contDiff_two_average' depends on axioms: [propext, Classical.choice, Quot.sound]
'SharpWasserstein.NoiseAverage.secondFDeriv_average' depends on axioms: [propext, Classical.choice, Quot.sound]
'SharpWasserstein.NoiseAverage.lipschitz_secondFDeriv_average' depends on axioms: [propext,
 Classical.choice,
 Quot.sound]
'SharpWasserstein.NoiseAverage.contDiff_three_average' depends on axioms: [propext, Classical.choice, Quot.sound]
'SharpWasserstein.NoiseAverage.AllDerivativesBounded' depends on axioms: [propext, Classical.choice, Quot.sound]
'SharpWasserstein.NoiseAverage.AllDerivativesBounded.fderiv' depends on axioms: [propext, Classical.choice, Quot.sound]
'SharpWasserstein.NoiseAverage.AllDerivativesBounded.bounded' depends on axioms: [propext, Classical.choice, Quot.sound]
'SharpWasserstein.NoiseAverage.AllDerivativesBounded.lipschitz' depends on axioms: [propext,
 Classical.choice,
 Quot.sound]
'SharpWasserstein.NoiseAverage.contDiff_nat_average_bounded' depends on axioms: [propext, Classical.choice, Quot.sound]
'SharpWasserstein.NoiseAverage.contDiff_infty_average' depends on axioms: [propext, Classical.choice, Quot.sound]
'SharpWasserstein.NoiseAverage.allDerivativesBounded_average' depends on axioms: [propext, Classical.choice, Quot.sound]
'SharpWasserstein.nonlinearDrift_continuous_measure' depends on axioms: [propext, Classical.choice, Quot.sound]
'SharpWasserstein.nonlinearDrift_joint_continuous' depends on axioms: [propext, Classical.choice, Quot.sound]
'SharpWasserstein.nonlinearDrift_continuous_curve' depends on axioms: [propext, Classical.choice, Quot.sound]
'SharpWasserstein.PDEPairings.directionDeriv' depends on axioms: [propext, Classical.choice, Quot.sound]
'SharpWasserstein.PDEPairings.compact_directionDeriv' depends on axioms: [propext, Classical.choice, Quot.sound]
'SharpWasserstein.PDEPairings.continuous_directionDeriv' depends on axioms: [propext, Classical.choice, Quot.sound]
'SharpWasserstein.PDEPairings.contDiff_directionDeriv' depends on axioms: [propext, Classical.choice, Quot.sound]
'SharpWasserstein.PDEPairings.directionTest' depends on axioms: [propext, Classical.choice, Quot.sound]
'SharpWasserstein.PDEPairings.laplacian' depends on axioms: [propext, Classical.choice, Quot.sound]
'SharpWasserstein.PDEPairings.divergence' depends on axioms: [propext, Classical.choice, Quot.sound]
'SharpWasserstein.PDEPairings.directionDeriv_eq_gradient_component' depends on axioms: [propext,
 Classical.choice,
 Quot.sound]
'SharpWasserstein.PDEPairings.continuous_laplacian' depends on axioms: [propext, Classical.choice, Quot.sound]
'SharpWasserstein.PDEPairings.continuous_divergence' depends on axioms: [propext, Classical.choice, Quot.sound]
'SharpWasserstein.PDEPairings.compact_laplacian' depends on axioms: [propext, Classical.choice, Quot.sound]
'SharpWasserstein.PDEPairings.integral_mul_directionDeriv' depends on axioms: [propext, Classical.choice, Quot.sound]
'SharpWasserstein.PDEPairings.integral_directionDeriv_twice' depends on axioms: [propext, Classical.choice, Quot.sound]
'SharpWasserstein.PDEPairings.integral_laplacian_mul' depends on axioms: [propext, Classical.choice, Quot.sound]
'SharpWasserstein.PDEPairings.integral_divergence_mul' depends on axioms: [propext, Classical.choice, Quot.sound]
'SharpWasserstein.PDEPairings.integral_fokkerPlanck_mul' depends on axioms: [propext, Classical.choice, Quot.sound]
'SharpWasserstein.PDEPairings.strong_fokkerPlanck_pairing' depends on axioms: [propext, Classical.choice, Quot.sound]
'SharpWasserstein.PDEPairings.hasDerivAt_density_testPairing' depends on axioms: [propext, Classical.choice, Quot.sound]
'SharpWasserstein.PDEPairings.hasDerivAt_fokkerPlanck_testPairing' depends on axioms: [propext,
 Classical.choice,
 Quot.sound]
'SharpWasserstein.particleDrift_norm_bound' depends on axioms: [propext, Classical.choice, Quot.sound]
'SharpWasserstein.ParticleFlow.solution' depends on axioms: [propext, Classical.choice, Quot.sound]
'SharpWasserstein.ParticleFlow.solution_trajectory' depends on axioms: [propext, Classical.choice, Quot.sound]
'SharpWasserstein.ParticleFlow.solution_continuous' depends on axioms: [propext, Classical.choice, Quot.sound]
'SharpWasserstein.ParticleFlow.solution_measurable' depends on axioms: [propext, Classical.choice, Quot.sound]
'SharpWasserstein.ParticleFlow.solution_unique' depends on axioms: [propext, Classical.choice, Quot.sound]
'SharpWasserstein.ParticleFlow.law' depends on axioms: [propext, Classical.choice, Quot.sound]
'SharpWasserstein.ParticleFlow.law_probability' depends on axioms: [propext, Classical.choice, Quot.sound]
'SharpWasserstein.ParticleFlow.law_secondMoment' depends on axioms: [propext, Classical.choice, Quot.sound]
'SharpWasserstein.ParticleFlow.law_wassersteinSq_le' depends on axioms: [propext, Classical.choice, Quot.sound]
'SharpWasserstein.configurationPermutation' depends on axioms: [propext, Classical.choice, Quot.sound]
'SharpWasserstein.particleDrift_permutation' depends on axioms: [propext, Classical.choice, Quot.sound]
'SharpWasserstein.particleDrift_permutation_conjugate' depends on axioms: [propext, Classical.choice, Quot.sound]
'SharpWasserstein.permutedPath' depends on axioms: [propext, Classical.choice, Quot.sound]
'SharpWasserstein.permutedPath_continuous' depends on axioms: [propext, Classical.choice, Quot.sound]
'SharpWasserstein.ParticleFlow.solution_permutation' depends on axioms: [propext, Classical.choice, Quot.sound]
'SharpWasserstein.ParticleFlow.law_exchangeable' depends on axioms: [propext, Classical.choice, Quot.sound]
'SharpWasserstein.productCost_add_zero_le' depends on axioms: [propext, Classical.choice, Quot.sound]
'SharpWasserstein.HasSecondMoment.integrable_cost' depends on axioms: [propext, Classical.choice, Quot.sound]
'SharpWasserstein.FiniteAdditiveTrajectory.productCost_bound' depends on axioms: [propext, Classical.choice, Quot.sound]
'SharpWasserstein.BrownianNoise.configurationLaw_cost_integrable' depends on axioms: [propext,
 Classical.choice,
 Quot.sound]
'SharpWasserstein.BrownianNoise.configurationLaw_secondMoment_value' depends on axioms: [propext,
 Classical.choice,
 Quot.sound]
'SharpWasserstein.BrownianParticle.randomMap_momentIntegral_le' depends on axioms: [propext,
 Classical.choice,
 Quot.sound]
'SharpWasserstein.BrownianParticle.law_momentIntegral_le' depends on axioms: [propext, Classical.choice, Quot.sound]
'SharpWasserstein.BrownianParticle.law_momentBound' depends on axioms: [propext, Classical.choice, Quot.sound]
'SharpWasserstein.particleDrift_allDerivativesBounded' depends on axioms: [propext, Classical.choice, Quot.sound]
'SharpWasserstein.BrownianParticle.eq_globalLaw_of_weakEvolution' depends on axioms: [propext,
 Classical.choice,
 Quot.sound]
'SharpWasserstein.PeriodicBochner.coordinateEquiv' depends on axioms: [propext, Classical.choice, Quot.sound]
'SharpWasserstein.PeriodicBochner.pullback' depends on axioms: [propext, Classical.choice, Quot.sound]
'SharpWasserstein.PeriodicBochner.gradientSquare' depends on axioms: [propext, Classical.choice, Quot.sound]
'SharpWasserstein.PeriodicBochner.hessianSquare' depends on axioms: [propext, Classical.choice, Quot.sound]
'SharpWasserstein.PeriodicBochner.directionDeriv_pullback' depends on axioms: [propext, Classical.choice, Quot.sound]
'SharpWasserstein.PeriodicBochner.laplacian_pullback' depends on axioms: [propext, Classical.choice, Quot.sound]
'SharpWasserstein.PeriodicBochner.gradientSquare_pullback' depends on axioms: [propext, Classical.choice, Quot.sound]
'SharpWasserstein.PeriodicBochner.hessianSquare_pullback' depends on axioms: [propext, Classical.choice, Quot.sound]
'SharpWasserstein.PeriodicBochner.gradientPairing_pullback' depends on axioms: [propext, Classical.choice, Quot.sound]
'SharpWasserstein.PeriodicBochner.laplacian_gradientSquare' depends on axioms: [propext, Classical.choice, Quot.sound]
'SharpWasserstein.PeriodicBochner.smooth_gradientSquare' depends on axioms: [propext, Classical.choice, Quot.sound]
'SharpWasserstein.PeriodicBochner.continuous_gradientSquare' depends on axioms: [propext, Classical.choice, Quot.sound]
'SharpWasserstein.PeriodicBochner.smooth_hessianSquare' depends on axioms: [propext, Classical.choice, Quot.sound]
'SharpWasserstein.PeriodicBochner.smooth_laplacian' depends on axioms: [propext, Classical.choice, Quot.sound]
'SharpWasserstein.PeriodicBochner.periodic_gradientSquare' depends on axioms: [propext, Classical.choice, Quot.sound]
'SharpWasserstein.PeriodicBochner.hessianSquare_nonneg' depends on axioms: [propext, Classical.choice, Quot.sound]
'SharpWasserstein.PeriodicBochner.gradientSquare_nonneg' depends on axioms: [propext, Classical.choice, Quot.sound]
'SharpWasserstein.PeriodicBochner.integral_weighted_bochner' depends on axioms: [propext, Classical.choice, Quot.sound]
'SharpWasserstein.PeriodicBochner.galerkin_hessian_identity' depends on axioms: [propext, Classical.choice, Quot.sound]
'SharpWasserstein.PeriodicBochner.gradientPairing_le' depends on axioms: [propext, Classical.choice, Quot.sound]
'SharpWasserstein.PeriodicBochner.galerkin_hessian_bound' depends on axioms: [propext, Classical.choice, Quot.sound]
'SharpWasserstein.PeriodicCoefficientBounds.vector_periodic' depends on axioms: [propext, Classical.choice, Quot.sound]
'SharpWasserstein.PeriodicCoefficientBounds.exists_coordinate_bound' depends on axioms: [propext,
 Classical.choice,
 Quot.sound]
'SharpWasserstein.PeriodicCoefficientBounds.coordinateDerivativeField' depends on axioms: [propext,
 Classical.choice,
 Quot.sound]
'SharpWasserstein.PeriodicCoefficientBounds.continuous_coordinateDerivativeField' depends on axioms: [propext,
 Classical.choice,
 Quot.sound]
'SharpWasserstein.PeriodicCoefficientBounds.periodic_coordinateDerivativeField' depends on axioms: [propext,
 Classical.choice,
 Quot.sound]
'SharpWasserstein.PeriodicCoefficientBounds.exists_first_partial_bound' depends on axioms: [propext,
 Classical.choice,
 Quot.sound]
'SharpWasserstein.PeriodicCoefficientBounds.exists_drift_bounds' depends on axioms: [propext,
 Classical.choice,
 Quot.sound]
'SharpWasserstein.PeriodicCoefficientBounds.periodic_laplacian' depends on axioms: [propext,
 Classical.choice,
 Quot.sound]
'SharpWasserstein.PeriodicCoefficientBounds.continuous_laplacian' depends on axioms: [propext,
 Classical.choice,
 Quot.sound]
'SharpWasserstein.PeriodicCoefficientBounds.exists_laplacian_norm_bound' depends on axioms: [propext,
 Classical.choice,
 Quot.sound]
'SharpWasserstein.PeriodicCoefficientBounds.exists_laplacian_upper_bound' depends on axioms: [propext,
 Classical.choice,
 Quot.sound]
'SharpWasserstein.PeriodicCoefficientBounds.residual_tendsto_zero_of_smooth' depends on axioms: [propext,
 Classical.choice,
 Quot.sound]
'SharpWasserstein.PeriodicConvolution.flux_continuous' depends on axioms: [propext, Classical.choice, Quot.sound]
'SharpWasserstein.PeriodicConvolution.commutator_continuous' depends on axioms: [propext, Classical.choice, Quot.sound]
'SharpWasserstein.PeriodicConvolution.commutator_action_integrable' depends on axioms: [propext,
 Classical.choice,
 Quot.sound]
'SharpWasserstein.PeriodicConvolution.differenceSquare_bound' depends on axioms: [propext, Classical.choice, Quot.sound]
'SharpWasserstein.PeriodicConvolution.differenceSquare_joint_integrable' depends on axioms: [propext,
 Classical.choice,
 Quot.sound]
'SharpWasserstein.PeriodicConvolution.integrated_differenceSquare_tendsto' depends on axioms: [propext,
 Classical.choice,
 Quot.sound]
'SharpWasserstein.PeriodicConvolution.commutator_action_tendsto' depends on axioms: [propext,
 Classical.choice,
 Quot.sound]
'SharpWasserstein.PeriodicConvolution.integral_kernel_translate' depends on axioms: [propext,
 Classical.choice,
 Quot.sound]
'SharpWasserstein.PeriodicConvolution.integral_kernel_translate_tendsto' depends on axioms: [propext,
 Classical.choice,
 Quot.sound]
'SharpWasserstein.PeriodicConvolution.weighted_test_integrable' depends on axioms: [propext,
 Classical.choice,
 Quot.sound]
'SharpWasserstein.PeriodicConvolution.norm_weighted_test_integral_le' depends on axioms: [propext,
 Classical.choice,
 Quot.sound]
'SharpWasserstein.PeriodicConvolution.convolution_test_joint_integrable' depends on axioms: [propext,
 Classical.choice,
 Quot.sound]
'SharpWasserstein.PeriodicConvolution.integral_smoothLaw' depends on axioms: [propext, Classical.choice, Quot.sound]
'SharpWasserstein.PeriodicConvolution.integral_smoothLaw_tendsto' depends on axioms: [propext,
 Classical.choice,
 Quot.sound]
'SharpWasserstein.PeriodicConvolution.coordinateLaw' depends on axioms: [propext, Classical.choice, Quot.sound]
'SharpWasserstein.PeriodicConvolution.coordinateLaw_symm_measurePreserving' depends on axioms: [propext,
 Classical.choice,
 Quot.sound]
'SharpWasserstein.PeriodicConvolution.integral_coordinateLaw' depends on axioms: [propext, Classical.choice, Quot.sound]
'SharpWasserstein.PeriodicConvolution.coordinateRepresentative' depends on axioms: [propext,
 Classical.choice,
 Quot.sound]
'SharpWasserstein.PeriodicConvolution.coordinateRepresentative_integrable' depends on axioms: [propext,
 Classical.choice,
 Quot.sound]
'SharpWasserstein.PeriodicConvolution.coordinateRepresentative_sq_integrable' depends on axioms: [propext,
 Classical.choice,
 Quot.sound]
'SharpWasserstein.PeriodicConvolution.coordinateRepresentative_energy' depends on axioms: [propext,
 Classical.choice,
 Quot.sound]
'SharpWasserstein.PeriodicConvolution.convolved_representative_optimizer_energy_le' depends on axioms: [propext,
 Classical.choice,
 Quot.sound]
'SharpWasserstein.PeriodicConvolution.toTorus_sub' depends on axioms: [propext, Classical.choice, Quot.sound]
'SharpWasserstein.PeriodicConvolution.integral_cube_sub' depends on axioms: [propext, Classical.choice, Quot.sound]
'SharpWasserstein.PeriodicConvolution.density' depends on axioms: [propext, Classical.choice, Quot.sound]
'SharpWasserstein.PeriodicConvolution.kernel_translate_integrable' depends on axioms: [propext,
 Classical.choice,
 Quot.sound]
'SharpWasserstein.PeriodicConvolution.density_bounds' depends on axioms: [propext, Classical.choice, Quot.sound]
'SharpWasserstein.PeriodicConvolution.density_pos' depends on axioms: [propext, Classical.choice, Quot.sound]
'SharpWasserstein.PeriodicConvolution.density_periodic' depends on axioms: [propext, Classical.choice, Quot.sound]
'SharpWasserstein.PeriodicConvolution.density_smooth' depends on axioms: [propext, Classical.choice, Quot.sound]
'SharpWasserstein.PeriodicConvolution.density_derivatives_bounded' depends on axioms: [propext,
 Classical.choice,
 Quot.sound]
'SharpWasserstein.PeriodicConvolution.density_integral' depends on axioms: [propext, Classical.choice, Quot.sound]
'SharpWasserstein.PeriodicConvolution.smoothLaw' depends on axioms: [propext, Classical.choice, Quot.sound]
'SharpWasserstein.PeriodicConvolution.smoothLaw_probability' depends on axioms: [propext, Classical.choice, Quot.sound]
'SharpWasserstein.PeriodicConvolution.splitCoordinates' depends on axioms: [propext, Classical.choice, Quot.sound]
'SharpWasserstein.PeriodicConvolution.prefixCoords' depends on axioms: [propext, Classical.choice, Quot.sound]
'SharpWasserstein.PeriodicConvolution.suffix' depends on axioms: [propext, Classical.choice, Quot.sound]
'SharpWasserstein.PeriodicConvolution.splitCoordinates_fst' depends on axioms: [propext, Classical.choice, Quot.sound]
'SharpWasserstein.PeriodicConvolution.splitCoordinates_snd' depends on axioms: [propext, Classical.choice, Quot.sound]
'SharpWasserstein.PeriodicConvolution.prefix_continuous' depends on axioms: [propext, Classical.choice, Quot.sound]
'SharpWasserstein.PeriodicConvolution.suffix_continuous' depends on axioms: [propext, Classical.choice, Quot.sound]
'SharpWasserstein.PeriodicConvolution.splitCoordinates_measurePreserving' depends on axioms: [propext,
 Classical.choice,
 Quot.sound]
'SharpWasserstein.PeriodicConvolution.prefix_splitCoordinates_symm' depends on axioms: [propext,
 Classical.choice,
 Quot.sound]
'SharpWasserstein.PeriodicConvolution.suffix_splitCoordinates_symm' depends on axioms: [propext,
 Classical.choice,
 Quot.sound]
'SharpWasserstein.PeriodicConvolution.prefix_sub' depends on axioms: [propext, Classical.choice, Quot.sound]
'SharpWasserstein.PeriodicConvolution.suffix_sub' depends on axioms: [propext, Classical.choice, Quot.sound]
'SharpWasserstein.PeriodicConvolution.kernel_split' depends on axioms: [propext, Classical.choice, Quot.sound]
'SharpWasserstein.PeriodicConvolution.density_prefix_fiber' depends on axioms: [propext, Classical.choice, Quot.sound]
'SharpWasserstein.PeriodicConvolution.integral_smoothLaw_density' depends on axioms: [propext,
 Classical.choice,
 Quot.sound]
'SharpWasserstein.PeriodicConvolution.smoothLaw_prefix' depends on axioms: [propext, Classical.choice, Quot.sound]
'SharpWasserstein.PeriodicConvolution.marginalFunctional_convolvedRepresentative_periodic' depends on axioms: [propext,
 Classical.choice,
 Quot.sound]
'SharpWasserstein.PeriodicConvolution.marginal_convolved_representative_optimizer_energy_le' depends on axioms: [propext,
 Classical.choice,
 Quot.sound]
'SharpWasserstein.PeriodicConvolution.euclideanGradient_prefix' depends on axioms: [propext,
 Classical.choice,
 Quot.sound]
'SharpWasserstein.PeriodicConvolution.convolvedRepresentative_gradient' depends on axioms: [propext,
 Classical.choice,
 Quot.sound]
'SharpWasserstein.PeriodicConvolution.coordinateLaw_marginal' depends on axioms: [propext, Classical.choice, Quot.sound]
'SharpWasserstein.PeriodicConvolution.marginalFunctional_convolvedRepresentative_gradient' depends on axioms: [propext,
 Classical.choice,
 Quot.sound]
'SharpWasserstein.PeriodicConvolution.marginal_representative_testAverage_pairing' depends on axioms: [propext,
 Classical.choice,
 Quot.sound]
'SharpWasserstein.PeriodicConvolution.flattenedDrift_integrable' depends on axioms: [propext,
 Classical.choice,
 Quot.sound]
'SharpWasserstein.PeriodicConvolution.integral_generator_kernelTest_eq' depends on axioms: [propext,
 Classical.choice,
 Quot.sound]
'SharpWasserstein.PeriodicConvolution.integral_generator_kernelTest_eq_commutator' depends on axioms: [propext,
 Classical.choice,
 Quot.sound]
'SharpWasserstein.PeriodicConvolution.evolutionGeneratorBCF_eq_laplacian_sub_divergence' depends on axioms: [propext,
 Classical.choice,
 Quot.sound]
'SharpWasserstein.PeriodicConvolution.evolutionDensity_hasDerivWithinAt_pde' depends on axioms: [propext,
 Classical.choice,
 Quot.sound]
'SharpWasserstein.PeriodicConvolution.evolutionDensity_hasDerivAt_pde' depends on axioms: [propext,
 Classical.choice,
 Quot.sound]
'SharpWasserstein.PeriodicConvolution.evolutionGeneratorBCF_eq_commutator' depends on axioms: [propext,
 Classical.choice,
 Quot.sound]
'SharpWasserstein.PeriodicConvolution.flattenEquiv' depends on axioms: [propext, Classical.choice, Quot.sound]
'SharpWasserstein.PeriodicConvolution.flattenEquiv_apply' depends on axioms: [propext, Classical.choice, Quot.sound]
'SharpWasserstein.PeriodicConvolution.flattenEquiv_coordinateVector' depends on axioms: [propext,
 Classical.choice,
 Quot.sound]
'SharpWasserstein.PeriodicConvolution.coordinateDerivative_flatten' depends on axioms: [propext,
 Classical.choice,
 Quot.sound]
'SharpWasserstein.PeriodicConvolution.laplacian_flatten' depends on axioms: [propext, Classical.choice, Quot.sound]
'SharpWasserstein.PeriodicConvolution.coordinatePartial_reflect' depends on axioms: [propext,
 Classical.choice,
 Quot.sound]
'SharpWasserstein.PeriodicConvolution.laplacian_reflect' depends on axioms: [propext, Classical.choice, Quot.sound]
'SharpWasserstein.PeriodicConvolution.generator_kernelTest' depends on axioms: [propext, Classical.choice, Quot.sound]
'SharpWasserstein.PeriodicConvolution.flattenEquiv_symm_apply' depends on axioms: [propext,
 Classical.choice,
 Quot.sound]
'SharpWasserstein.PeriodicConvolution.flattenedDrift' depends on axioms: [propext, Classical.choice, Quot.sound]
'SharpWasserstein.PeriodicConvolution.flattenedDrift_continuous' depends on axioms: [propext,
 Classical.choice,
 Quot.sound]
'SharpWasserstein.PeriodicConvolution.flattenedDrift_at_flatten' depends on axioms: [propext,
 Classical.choice,
 Quot.sound]
'SharpWasserstein.PeriodicConvolution.flattenedDrift_contDiff' depends on axioms: [propext,
 Classical.choice,
 Quot.sound]
'SharpWasserstein.PeriodicConvolution.divergence_sub' depends on axioms: [propext, Classical.choice, Quot.sound]
'SharpWasserstein.PeriodicConvolution.divergence_commutator' depends on axioms: [propext, Classical.choice, Quot.sound]
'SharpWasserstein.PeriodicConvolution.coordinatePartial_average' depends on axioms: [propext,
 Classical.choice,
 Quot.sound]
'SharpWasserstein.PeriodicConvolution.laplacian_average' depends on axioms: [propext, Classical.choice, Quot.sound]
'SharpWasserstein.PeriodicConvolution.laplacian_density' depends on axioms: [propext, Classical.choice, Quot.sound]
'SharpWasserstein.PeriodicConvolution.kernelFDeriv_smulRight_integrable' depends on axioms: [propext,
 Classical.choice,
 Quot.sound]
'SharpWasserstein.PeriodicConvolution.coordinatePartial_flux' depends on axioms: [propext, Classical.choice, Quot.sound]
'SharpWasserstein.PeriodicConvolution.fderiv_eq_sum_coordinatePartial' depends on axioms: [propext,
 Classical.choice,
 Quot.sound]
'SharpWasserstein.PeriodicConvolution.divergence_flux' depends on axioms: [propext, Classical.choice, Quot.sound]
'SharpWasserstein.PeriodicConvolution.kernel_drift_integrable' depends on axioms: [propext,
 Classical.choice,
 Quot.sound]
'SharpWasserstein.PeriodicConvolution.kernel_laplacian_integrable' depends on axioms: [propext,
 Classical.choice,
 Quot.sound]
'SharpWasserstein.PeriodicConvolution.integral_kernel_prefix' depends on axioms: [propext, Classical.choice, Quot.sound]
'SharpWasserstein.PeriodicConvolution.integral_kernel_prefixEmbedding' depends on axioms: [propext,
 Classical.choice,
 Quot.sound]
'SharpWasserstein.PeriodicConvolution.integral_inner_flux_prefix' depends on axioms: [propext,
 Classical.choice,
 Quot.sound]
'SharpWasserstein.PeriodicConvolution.testAverage' depends on axioms: [propext, Classical.choice, Quot.sound]
'SharpWasserstein.PeriodicConvolution.testAverage_eq_operatorAverage' depends on axioms: [propext,
 Classical.choice,
 Quot.sound]
'SharpWasserstein.PeriodicConvolution.testAverage_smooth' depends on axioms: [propext, Classical.choice, Quot.sound]
'SharpWasserstein.PeriodicConvolution.testAverage_periodic' depends on axioms: [propext, Classical.choice, Quot.sound]
'SharpWasserstein.PeriodicConvolution.testAverage_fderiv' depends on axioms: [propext, Classical.choice, Quot.sound]
'SharpWasserstein.PeriodicConvolution.testAverage_coordinatePartial' depends on axioms: [propext,
 Classical.choice,
 Quot.sound]
'SharpWasserstein.PeriodicConvolution.testAverage_euclideanGradient' depends on axioms: [propext,
 Classical.choice,
 Quot.sound]
'SharpWasserstein.WeakEvolution.bounded_generatorExpectation_uniformContinuousOn' depends on axioms: [propext,
 Classical.choice,
 Quot.sound]
'SharpWasserstein.WeakEvolution.bounded_generatorExpectation_continuousOn' depends on axioms: [propext,
 Classical.choice,
 Quot.sound]
'SharpWasserstein.WeakEvolution.hasDerivWithinAt_bounded_configuration' depends on axioms: [propext,
 Classical.choice,
 Quot.sound]
'SharpWasserstein.PeriodicConvolution.flattenCLM' depends on axioms: [propext, Classical.choice, Quot.sound]
'SharpWasserstein.PeriodicConvolution.flattenCLM_apply' depends on axioms: [propext, Classical.choice, Quot.sound]
'SharpWasserstein.PeriodicConvolution.kernelTest' depends on axioms: [propext, Classical.choice, Quot.sound]
'SharpWasserstein.PeriodicConvolution.kernelTest_smooth' depends on axioms: [propext, Classical.choice, Quot.sound]
'SharpWasserstein.PeriodicConvolution.kernelTest_derivatives_bounded' depends on axioms: [propext,
 Classical.choice,
 Quot.sound]
'SharpWasserstein.PeriodicConvolution.density_flatten_eq_integral' depends on axioms: [propext,
 Classical.choice,
 Quot.sound]
'SharpWasserstein.PeriodicConvolution.evolutionDensity' depends on axioms: [propext, Classical.choice, Quot.sound]
'SharpWasserstein.PeriodicConvolution.evolutionDensity_equation' depends on axioms: [propext,
 Classical.choice,
 Quot.sound]
'SharpWasserstein.PeriodicConvolution.evolutionDensity_generator_continuousOn' depends on axioms: [propext,
 Classical.choice,
 Quot.sound]
'SharpWasserstein.PeriodicConvolution.evolutionDensity_hasDerivWithinAt' depends on axioms: [propext,
 Classical.choice,
 Quot.sound]
'SharpWasserstein.PeriodicConvolution.evolutionDensity_hasDerivAt' depends on axioms: [propext,
 Classical.choice,
 Quot.sound]
'SharpWasserstein.PeriodicConvolution.evolutionDensity_joint_continuous_nonnegExtension' depends on axioms: [propext,
 Classical.choice,
 Quot.sound]
'SharpWasserstein.PeriodicConvolution.kernelTest_eq_translate' depends on axioms: [propext,
 Classical.choice,
 Quot.sound]
'SharpWasserstein.PeriodicConvolution.lipschitz_translate' depends on axioms: [propext, Classical.choice, Quot.sound]
'SharpWasserstein.PeriodicConvolution.kernelTest_uniform_lipschitz' depends on axioms: [propext,
 Classical.choice,
 Quot.sound]
'SharpWasserstein.PeriodicConvolution.evolutionDensity_uniform_generator' depends on axioms: [propext,
 Classical.choice,
 Quot.sound]
'SharpWasserstein.PeriodicConvolution.evolutionDensity_uniform_remainder' depends on axioms: [propext,
 Classical.choice,
 Quot.sound]
'SharpWasserstein.PeriodicConvolution.evolutionDensity_generator_continuous_space' depends on axioms: [propext,
 Classical.choice,
 Quot.sound]
'SharpWasserstein.PeriodicConvolution.evolutionDensity_generator_bounded' depends on axioms: [propext,
 Classical.choice,
 Quot.sound]
'SharpWasserstein.PeriodicConvolution.evolutionDensityBCF' depends on axioms: [propext, Classical.choice, Quot.sound]
'SharpWasserstein.PeriodicConvolution.evolutionDensityBCF_apply' depends on axioms: [propext,
 Classical.choice,
 Quot.sound]
'SharpWasserstein.PeriodicConvolution.evolutionGeneratorBCF' depends on axioms: [propext, Classical.choice, Quot.sound]
'SharpWasserstein.PeriodicConvolution.evolutionGeneratorBCF_apply' depends on axioms: [propext,
 Classical.choice,
 Quot.sound]
'SharpWasserstein.PeriodicConvolution.evolutionDensityBCF_hasDerivWithinAt' depends on axioms: [propext,
 Classical.choice,
 Quot.sound]
'SharpWasserstein.PeriodicConvolution.evolutionDensityBCF_hasDerivAt' depends on axioms: [propext,
 Classical.choice,
 Quot.sound]
'SharpWasserstein.PeriodicConvolution.evolutionGeneratorBCF_uniformContinuousOn' depends on axioms: [propext,
 Classical.choice,
 Quot.sound]
'SharpWasserstein.PeriodicConvolution.evolutionGeneratorBCF_continuousOn' depends on axioms: [propext,
 Classical.choice,
 Quot.sound]
'SharpWasserstein.PeriodicConvolution.evolutionDensityBCF_continuousOn' depends on axioms: [propext,
 Classical.choice,
 Quot.sound]
'SharpWasserstein.PeriodicConvolution.evolutionDensityBCF_bounds' depends on axioms: [propext,
 Classical.choice,
 Quot.sound]
'SharpWasserstein.PeriodicConvolution.densityBCF' depends on axioms: [propext, Classical.choice, Quot.sound]
'SharpWasserstein.PeriodicConvolution.densityBCF_lower' depends on axioms: [propext, Classical.choice, Quot.sound]
'SharpWasserstein.PeriodicConvolution.convolvedFlux_memLp' depends on axioms: [propext, Classical.choice, Quot.sound]
'SharpWasserstein.PeriodicConvolution.convolvedFluxLp' depends on axioms: [propext, Classical.choice, Quot.sound]
'SharpWasserstein.PeriodicConvolution.convolvedFluxLp_ae' depends on axioms: [propext, Classical.choice, Quot.sound]
'SharpWasserstein.PeriodicConvolution.convolvedFunctional' depends on axioms: [propext, Classical.choice, Quot.sound]
'SharpWasserstein.PeriodicConvolution.convolvedFunctional_gradient' depends on axioms: [propext,
 Classical.choice,
 Quot.sound]
'SharpWasserstein.PeriodicConvolution.convolvedFunctional_trialGradient' depends on axioms: [propext,
 Classical.choice,
 Quot.sound]
'SharpWasserstein.PeriodicConvolution.convolved_optimizer_energy_le' depends on axioms: [propext,
 Classical.choice,
 Quot.sound]
'SharpWasserstein.PeriodicDiffusionEnergy.laplacianTrial' depends on axioms: [propext, Classical.choice, Quot.sound]
'SharpWasserstein.PeriodicDiffusionEnergy.integral_vector_square' depends on axioms: [propext,
 Classical.choice,
 Quot.sound]
'SharpWasserstein.PeriodicDiffusionEnergy.diffusion_identity' depends on axioms: [propext, Classical.choice, Quot.sound]
'SharpWasserstein.PeriodicDiffusionEnergy.hasDerivAt_finiteEnergy_diffusion' depends on axioms: [propext,
 Classical.choice,
 Quot.sound]
'SharpWasserstein.PeriodicDiffusionEnergy.finiteDerivativePairing_eq_diffusion' depends on axioms: [propext,
 Classical.choice,
 Quot.sound]
'SharpWasserstein.PeriodicDiffusionEnergy.diffusionDerivativePairing_le' depends on axioms: [propext,
 Classical.choice,
 Quot.sound]
'SharpWasserstein.PeriodicDiffusionEnergy.deriv_energy_le_forcing' depends on axioms: [propext,
 Classical.choice,
 Quot.sound]
'SharpWasserstein.PeriodicConvolution.flux' depends on axioms: [propext, Classical.choice, Quot.sound]
'SharpWasserstein.PeriodicConvolution.commutator' depends on axioms: [propext, Classical.choice, Quot.sound]
'SharpWasserstein.PeriodicConvolution.kernel_smul_integrable' depends on axioms: [propext, Classical.choice, Quot.sound]
'SharpWasserstein.PeriodicConvolution.commutator_eq_integral' depends on axioms: [propext, Classical.choice, Quot.sound]
'SharpWasserstein.PeriodicConvolution.commutator_action_le' depends on axioms: [propext, Classical.choice, Quot.sound]
'SharpWasserstein.PeriodicDriftEnergy.vectorPullback' depends on axioms: [propext, Classical.choice, Quot.sound]
'SharpWasserstein.PeriodicDriftEnergy.drift' depends on axioms: [propext, Classical.choice, Quot.sound]
'SharpWasserstein.PeriodicDriftEnergy.divergence' depends on axioms: [propext, Classical.choice, Quot.sound]
'SharpWasserstein.PeriodicDriftEnergy.jacobianForm' depends on axioms: [propext, Classical.choice, Quot.sound]
'SharpWasserstein.PeriodicDriftEnergy.inner_vector_gradient_pullback' depends on axioms: [propext,
 Classical.choice,
 Quot.sound]
'SharpWasserstein.PeriodicDriftEnergy.drift_energy_integrand' depends on axioms: [propext, Classical.choice, Quot.sound]
'SharpWasserstein.PeriodicDriftEnergy.smooth_drift' depends on axioms: [propext, Classical.choice, Quot.sound]
'SharpWasserstein.PeriodicDriftEnergy.integral_divergence_mul' depends on axioms: [propext,
 Classical.choice,
 Quot.sound]
'SharpWasserstein.PeriodicDriftEnergy.integral_drift_energy' depends on axioms: [propext, Classical.choice, Quot.sound]
'SharpWasserstein.PeriodicDriftGradientBound.coordinatePartial_sum' depends on axioms: [propext,
 Classical.choice,
 Quot.sound]
'SharpWasserstein.PeriodicDriftGradientBound.coordinatePartial_drift' depends on axioms: [propext,
 Classical.choice,
 Quot.sound]
'SharpWasserstein.PeriodicDriftGradientBound.gradientSquare_drift_le' depends on axioms: [propext,
 Classical.choice,
 Quot.sound]
'SharpWasserstein.PeriodicDriftGradientBound.gradientVector_norm_sq' depends on axioms: [propext,
 Classical.choice,
 Quot.sound]
'SharpWasserstein.PeriodicDriftGradientBound.gradientVector_drift_norm_sq_le' depends on axioms: [propext,
 Classical.choice,
 Quot.sound]
'SharpWasserstein.PeriodicDriftGradientBound.potential_drift_gradient_uniform_bound' depends on axioms: [propext,
 Classical.choice,
 Quot.sound]
'SharpWasserstein.PeriodicDriftResidual.periodic_drift' depends on axioms: [propext, Classical.choice, Quot.sound]
'SharpWasserstein.PeriodicDriftResidual.weightedOperator_gradientVector_inner' depends on axioms: [propext,
 Classical.choice,
 Quot.sound]
'SharpWasserstein.PeriodicDriftResidual.residual' depends on axioms: [propext, Classical.choice, Quot.sound]
'SharpWasserstein.PeriodicDriftResidual.residual_tendsto_zero' depends on axioms: [propext,
 Classical.choice,
 Quot.sound]
'SharpWasserstein.PeriodicDriftResidual.finite_drift_pairing_integral' depends on axioms: [propext,
 Classical.choice,
 Quot.sound]
'SharpWasserstein.PeriodicDriftResidual.finite_drift_pairing' depends on axioms: [propext, Classical.choice, Quot.sound]
'SharpWasserstein.PeriodicEnergyExhaustion.smooth_periodic_objective_le' depends on axioms: [propext,
 Classical.choice,
 Quot.sound]
'SharpWasserstein.PeriodicEnergyExhaustion.full_energy_le_of_periodic_multiples' depends on axioms: [propext,
 Classical.choice,
 Quot.sound]
'SharpWasserstein.PeriodicConvolution.fluxCommutator' depends on axioms: [propext, Classical.choice, Quot.sound]
'SharpWasserstein.PeriodicConvolution.coefficient_apply_integrable' depends on axioms: [propext,
 Classical.choice,
 Quot.sound]
'SharpWasserstein.PeriodicConvolution.coefficient_apply_normsq_integrable' depends on axioms: [propext,
 Classical.choice,
 Quot.sound]
'SharpWasserstein.PeriodicConvolution.fluxCommutator_eq_integral' depends on axioms: [propext,
 Classical.choice,
 Quot.sound]
'SharpWasserstein.PeriodicConvolution.fluxCommutator_continuous' depends on axioms: [propext,
 Classical.choice,
 Quot.sound]
'SharpWasserstein.PeriodicConvolution.fluxCommutator_action_integrable' depends on axioms: [propext,
 Classical.choice,
 Quot.sound]
'SharpWasserstein.PeriodicConvolution.fluxCommutator_action_le' depends on axioms: [propext,
 Classical.choice,
 Quot.sound]
'SharpWasserstein.PeriodicConvolution.coefficient_flux_difference_joint_integrable' depends on axioms: [propext,
 Classical.choice,
 Quot.sound]
'SharpWasserstein.PeriodicConvolution.integrated_coefficient_flux_difference_tendsto' depends on axioms: [propext,
 Classical.choice,
 Quot.sound]
'SharpWasserstein.PeriodicConvolution.fluxCommutator_action_tendsto' depends on axioms: [propext,
 Classical.choice,
 Quot.sound]
'SharpWasserstein.PeriodicConvolution.kernel_smul_integrable_of_integrable' depends on axioms: [propext,
 Classical.choice,
 Quot.sound]
'SharpWasserstein.PeriodicConvolution.flux_continuous_of_integrable' depends on axioms: [propext,
 Classical.choice,
 Quot.sound]
'SharpWasserstein.PeriodicConvolution.flux_periodic' depends on axioms: [propext, Classical.choice, Quot.sound]
'SharpWasserstein.PeriodicConvolution.kernel_mul_integrable_of_integrable' depends on axioms: [propext,
 Classical.choice,
 Quot.sound]
'SharpWasserstein.PeriodicConvolution.flux_action_le_of_integrable' depends on axioms: [propext,
 Classical.choice,
 Quot.sound]
'SharpWasserstein.PeriodicConvolution.kernel_normsq_joint_integrable' depends on axioms: [propext,
 Classical.choice,
 Quot.sound]
'SharpWasserstein.PeriodicConvolution.integral_flux_action_le' depends on axioms: [propext,
 Classical.choice,
 Quot.sound]
'SharpWasserstein.PeriodicConvolution.fluxVelocity' depends on axioms: [propext, Classical.choice, Quot.sound]
'SharpWasserstein.PeriodicConvolution.fluxVelocity_continuous' depends on axioms: [propext,
 Classical.choice,
 Quot.sound]
'SharpWasserstein.PeriodicConvolution.fluxVelocity_periodic' depends on axioms: [propext, Classical.choice, Quot.sound]
'SharpWasserstein.PeriodicConvolution.fluxVelocity_sq_integrable' depends on axioms: [propext,
 Classical.choice,
 Quot.sound]
'SharpWasserstein.PeriodicConvolution.fluxVelocity_memLp' depends on axioms: [propext, Classical.choice, Quot.sound]
'SharpWasserstein.PeriodicConvolution.density_smul_fluxVelocity' depends on axioms: [propext,
 Classical.choice,
 Quot.sound]
'SharpWasserstein.PeriodicConvolution.integral_fluxVelocity_sq_le' depends on axioms: [propext,
 Classical.choice,
 Quot.sound]
'SharpWasserstein.PeriodicConvolution.euclidean_flux_eq' depends on axioms: [propext, Classical.choice, Quot.sound]
'SharpWasserstein.PeriodicConvolution.euclideanGradient' depends on axioms: [propext, Classical.choice, Quot.sound]
'SharpWasserstein.PeriodicConvolution.euclideanGradient_apply' depends on axioms: [propext,
 Classical.choice,
 Quot.sound]
'SharpWasserstein.PeriodicConvolution.euclideanGradient_periodic' depends on axioms: [propext,
 Classical.choice,
 Quot.sound]
'SharpWasserstein.PeriodicConvolution.euclideanGradient_continuous' depends on axioms: [propext,
 Classical.choice,
 Quot.sound]
'SharpWasserstein.PeriodicConvolution.integral_fluxSource_euclidean' depends on axioms: [propext,
 Classical.choice,
 Quot.sound]
'SharpWasserstein.PeriodicConvolution.integral_fluxSource_convolved_test' depends on axioms: [propext,
 Classical.choice,
 Quot.sound]
'SharpWasserstein.PeriodicConvolution.integral_fluxSource_tendsto' depends on axioms: [propext,
 Classical.choice,
 Quot.sound]
'SharpWasserstein.PeriodicConvolution.integral_euclidean_fluxVelocity_sq_le' depends on axioms: [propext,
 Classical.choice,
 Quot.sound]
'SharpWasserstein.PeriodicFluxOptimizer.functional' depends on axioms: [propext, Classical.choice, Quot.sound]
'SharpWasserstein.PeriodicFluxOptimizer.functional_apply' depends on axioms: [propext, Classical.choice, Quot.sound]
'SharpWasserstein.PeriodicFluxOptimizer.integrable_fluxAction' depends on axioms: [propext,
 Classical.choice,
 Quot.sound]
'SharpWasserstein.PeriodicFluxOptimizer.weighted_young' depends on axioms: [propext, Classical.choice, Quot.sound]
'SharpWasserstein.PeriodicFluxOptimizer.optimizer_energy_le_fluxAction' depends on axioms: [propext,
 Classical.choice,
 Quot.sound]
'SharpWasserstein.PeriodicConvolution.flux_pairing_joint_integrable' depends on axioms: [propext,
 Classical.choice,
 Quot.sound]
'SharpWasserstein.PeriodicConvolution.integral_inner_flux' depends on axioms: [propext, Classical.choice, Quot.sound]
'SharpWasserstein.PeriodicConvolution.integral_inner_fluxVelocity' depends on axioms: [propext,
 Classical.choice,
 Quot.sound]
'SharpWasserstein.PeriodicConvolution.integral_inner_flux_tendsto' depends on axioms: [propext,
 Classical.choice,
 Quot.sound]
'SharpWasserstein.PeriodicConvolution.flux_smooth_of_integrable' depends on axioms: [propext,
 Classical.choice,
 Quot.sound]
'SharpWasserstein.PeriodicConvolution.hasFDerivAt_flux_of_integrable' depends on axioms: [propext,
 Classical.choice,
 Quot.sound]
'SharpWasserstein.PeriodicConvolution.fderiv_flux_of_integrable' depends on axioms: [propext,
 Classical.choice,
 Quot.sound]
'SharpWasserstein.PeriodicConvolution.allDerivativesBounded_flux_of_integrable' depends on axioms: [propext,
 Classical.choice,
 Quot.sound]
'SharpWasserstein.PeriodicConvolution.fluxSource' depends on axioms: [propext, Classical.choice, Quot.sound]
'SharpWasserstein.PeriodicConvolution.fluxSource_smooth_of_integrable' depends on axioms: [propext,
 Classical.choice,
 Quot.sound]
'SharpWasserstein.PeriodicConvolution.fluxSource_periodic' depends on axioms: [propext, Classical.choice, Quot.sound]
'SharpWasserstein.PeriodicConvolution.integral_fluxSource_mul' depends on axioms: [propext,
 Classical.choice,
 Quot.sound]
'SharpWasserstein.PeriodicConvolution.integral_fluxSource_eq_zero' depends on axioms: [propext,
 Classical.choice,
 Quot.sound]
'SharpWasserstein.PeriodicConvolution.allDerivativesBounded_fluxSource_of_integrable' depends on axioms: [propext,
 Classical.choice,
 Quot.sound]
'SharpWasserstein.PeriodicConvolution.fluxVelocity_smooth_of_integrable' depends on axioms: [propext,
 Classical.choice,
 Quot.sound]
'SharpWasserstein.PeriodicFourierDensity.series_re_toTorus' depends on axioms: [propext, Classical.choice, Quot.sound]
'SharpWasserstein.PeriodicFourierDensity.integral_polynomial_error_tendsto' depends on axioms: [propext,
 Classical.choice,
 Quot.sound]
'SharpWasserstein.PeriodicFourierDensity.integral_derivative_error_tendsto' depends on axioms: [propext,
 Classical.choice,
 Quot.sound]
'SharpWasserstein.PeriodicFourierDerivative.cosineCoefficient' depends on axioms: [propext,
 Classical.choice,
 Quot.sound]
'SharpWasserstein.PeriodicFourierDerivative.sineCoefficient' depends on axioms: [propext, Classical.choice, Quot.sound]
'SharpWasserstein.PeriodicFourierDerivative.coefficient' depends on axioms: [propext, Classical.choice, Quot.sound]
'SharpWasserstein.PeriodicFourierDerivative.cosineCoefficient_coordinatePartial' depends on axioms: [propext,
 Classical.choice,
 Quot.sound]
'SharpWasserstein.PeriodicFourierDerivative.sineCoefficient_coordinatePartial' depends on axioms: [propext,
 Classical.choice,
 Quot.sound]
'SharpWasserstein.PeriodicFourierDerivative.coefficient_coordinatePartial' depends on axioms: [propext,
 Classical.choice,
 Quot.sound]
'SharpWasserstein.PeriodicFourierDerivative.coefficient_coordinatePartial_zero' depends on axioms: [propext,
 Classical.choice,
 Quot.sound]
'SharpWasserstein.PeriodicFourierPolynomials.frequencySet' depends on axioms: [propext, Classical.choice, Quot.sound]
'SharpWasserstein.PeriodicFourierPolynomials.polynomial' depends on axioms: [propext, Classical.choice, Quot.sound]
'SharpWasserstein.PeriodicFourierPolynomials.polynomial_mem' depends on axioms: [propext, Classical.choice, Quot.sound]
'SharpWasserstein.PeriodicFourierPolynomials.smooth_polynomial' depends on axioms: [propext,
 Classical.choice,
 Quot.sound]
'SharpWasserstein.PeriodicFourierPolynomials.periodic_polynomial' depends on axioms: [propext,
 Classical.choice,
 Quot.sound]
'SharpWasserstein.PeriodicFourierPolynomials.coordinatePartial_polynomial' depends on axioms: [propext,
 Classical.choice,
 Quot.sound]
'SharpWasserstein.PeriodicFourierPolynomials.coordinatePartial_polynomial_eq' depends on axioms: [propext,
 Classical.choice,
 Quot.sound]
'SharpWasserstein.PeriodicFourierPolynomials.polynomial_eq_re' depends on axioms: [propext,
 Classical.choice,
 Quot.sound]
'SharpWasserstein.PeriodicFourierTests.phase' depends on axioms: [propext, Classical.choice, Quot.sound]
'SharpWasserstein.PeriodicFourierTests.phase_apply' depends on axioms: [propext, Classical.choice, Quot.sound]
'SharpWasserstein.PeriodicFourierTests.phase_single' depends on axioms: [propext, Classical.choice, Quot.sound]
'SharpWasserstein.PeriodicFourierTests.cosine' depends on axioms: [propext, Classical.choice, Quot.sound]
'SharpWasserstein.PeriodicFourierTests.sine' depends on axioms: [propext, Classical.choice, Quot.sound]
'SharpWasserstein.PeriodicFourierTests.smooth_cosine' depends on axioms: [propext, Classical.choice, Quot.sound]
'SharpWasserstein.PeriodicFourierTests.smooth_sine' depends on axioms: [propext, Classical.choice, Quot.sound]
'SharpWasserstein.PeriodicFourierTests.periodic_cosine' depends on axioms: [propext, Classical.choice, Quot.sound]
'SharpWasserstein.PeriodicFourierTests.periodic_sine' depends on axioms: [propext, Classical.choice, Quot.sound]
'SharpWasserstein.PeriodicFourierTests.partial_cosine' depends on axioms: [propext, Classical.choice, Quot.sound]
'SharpWasserstein.PeriodicFourierTests.partial_sine' depends on axioms: [propext, Classical.choice, Quot.sound]
'SharpWasserstein.PeriodicFourierTests.coordinatePartial_smul' depends on axioms: [propext,
 Classical.choice,
 Quot.sound]
'SharpWasserstein.PeriodicFourierTests.partial_cosine_twice' depends on axioms: [propext, Classical.choice, Quot.sound]
'SharpWasserstein.PeriodicFourierTests.partial_sine_twice' depends on axioms: [propext, Classical.choice, Quot.sound]
'SharpWasserstein.PeriodicFourierTests.eigenvalue' depends on axioms: [propext, Classical.choice, Quot.sound]
'SharpWasserstein.PeriodicFourierTests.laplacian_cosine' depends on axioms: [propext, Classical.choice, Quot.sound]
'SharpWasserstein.PeriodicFourierTests.laplacian_sine' depends on axioms: [propext, Classical.choice, Quot.sound]
'SharpWasserstein.PeriodicFourierTests.smooth_coordinatePartial' depends on axioms: [propext,
 Classical.choice,
 Quot.sound]
'SharpWasserstein.PeriodicFourierTests.coordinatePartial_add' depends on axioms: [propext, Classical.choice, Quot.sound]
'SharpWasserstein.PeriodicFourierTests.laplacian_add' depends on axioms: [propext, Classical.choice, Quot.sound]
'SharpWasserstein.PeriodicFourierTests.laplacian_smul' depends on axioms: [propext, Classical.choice, Quot.sound]
'SharpWasserstein.PeriodicFourierTests.atom' depends on axioms: [propext, Classical.choice, Quot.sound]
'SharpWasserstein.PeriodicFourierTests.smooth_atom' depends on axioms: [propext, Classical.choice, Quot.sound]
'SharpWasserstein.PeriodicFourierTests.periodic_atom' depends on axioms: [propext, Classical.choice, Quot.sound]
'SharpWasserstein.PeriodicFourierTests.laplacian_atom' depends on axioms: [propext, Classical.choice, Quot.sound]
'SharpWasserstein.PeriodicFourierTests.frequencySpace' depends on axioms: [propext, Classical.choice, Quot.sound]
'SharpWasserstein.PeriodicFourierTests.frequencySpace_properties' depends on axioms: [propext,
 Classical.choice,
 Quot.sound]
'SharpWasserstein.PeriodicGalerkin.cube_norm_lt' depends on axioms: [propext, Classical.choice, Quot.sound]
'SharpWasserstein.PeriodicGalerkin.cutoff_eq_one_near_cube' depends on axioms: [propext, Classical.choice, Quot.sound]
'SharpWasserstein.PeriodicGalerkin.compactify' depends on axioms: [propext, Classical.choice, Quot.sound]
'SharpWasserstein.PeriodicGalerkin.compactify_gradient_on_cube' depends on axioms: [propext,
 Classical.choice,
 Quot.sound]
'SharpWasserstein.PeriodicGalerkin.cubePoint' depends on axioms: [propext, Classical.choice, Quot.sound]
'SharpWasserstein.PeriodicGalerkin.integral_cubePoint' depends on axioms: [propext, Classical.choice, Quot.sound]
'SharpWasserstein.PeriodicGalerkin.trialGradient' depends on axioms: [propext, Classical.choice, Quot.sound]
'SharpWasserstein.PeriodicGalerkin.trialSpace' depends on axioms: [propext, Classical.choice, Quot.sound]
'SharpWasserstein.PeriodicGalerkin.vector' depends on axioms: [propext, Classical.choice, Quot.sound]
'SharpWasserstein.PeriodicGalerkin.potential' depends on axioms: [propext, Classical.choice, Quot.sound]
'SharpWasserstein.PeriodicGalerkin.gradient_potential' depends on axioms: [propext, Classical.choice, Quot.sound]
'SharpWasserstein.PeriodicGalerkin.weightedOperator_trialGradient_inner' depends on axioms: [propext,
 Classical.choice,
 Quot.sound]
'SharpWasserstein.PeriodicGalerkin.potential_equation' depends on axioms: [propext, Classical.choice, Quot.sound]
'SharpWasserstein.PeriodicGalerkin.potential_hessian_bound' depends on axioms: [propext, Classical.choice, Quot.sound]
'SharpWasserstein.PeriodicGalerkin.trialGradient_norm_sq' depends on axioms: [propext, Classical.choice, Quot.sound]
'SharpWasserstein.PeriodicGalerkin.vector_norm_le' depends on axioms: [propext, Classical.choice, Quot.sound]
'SharpWasserstein.PeriodicGalerkin.potential_hessian_bound_uniform' depends on axioms: [propext,
 Classical.choice,
 Quot.sound]
'SharpWasserstein.PeriodicGradientClosure.trialSpace_mono' depends on axioms: [propext, Classical.choice, Quot.sound]
'SharpWasserstein.PeriodicGradientClosure.periodicSpace' depends on axioms: [propext, Classical.choice, Quot.sound]
'SharpWasserstein.PeriodicGradientClosure.trialSpace_le_periodicSpace' depends on axioms: [propext,
 Classical.choice,
 Quot.sound]
'SharpWasserstein.PeriodicGradientClosure.optimizer' depends on axioms: [propext, Classical.choice, Quot.sound]
'SharpWasserstein.PeriodicGradientClosure.optimizer_equation' depends on axioms: [propext, Classical.choice, Quot.sound]
'SharpWasserstein.PeriodicGradientClosure.vector_error_le' depends on axioms: [propext, Classical.choice, Quot.sound]
'SharpWasserstein.PeriodicGradientClosure.vector_tendsto' depends on axioms: [propext, Classical.choice, Quot.sound]
'SharpWasserstein.PeriodicGradientClosure.energy_tendsto' depends on axioms: [propext, Classical.choice, Quot.sound]
'SharpWasserstein.PeriodicGradientClosure.hasDerivAt_energy' depends on axioms: [propext, Classical.choice, Quot.sound]
'SharpWasserstein.PeriodicGradientClosure.hasDerivAt_finiteEnergy' depends on axioms: [propext,
 Classical.choice,
 Quot.sound]
'SharpWasserstein.PeriodicGradientClosure.derivativePairing_tendsto' depends on axioms: [propext,
 Classical.choice,
 Quot.sound]
'SharpWasserstein.PeriodicHessianBounds.compactTest_eq_near_cube' depends on axioms: [propext,
 Classical.choice,
 Quot.sound]
'SharpWasserstein.PeriodicHessianBounds.directionGradient_on_cube' depends on axioms: [propext,
 Classical.choice,
 Quot.sound]
'SharpWasserstein.PeriodicHessianBounds.hessianColumn' depends on axioms: [propext, Classical.choice, Quot.sound]
'SharpWasserstein.PeriodicHessianBounds.hessianColumn_norm_sq' depends on axioms: [propext,
 Classical.choice,
 Quot.sound]
'SharpWasserstein.PeriodicHessianBounds.hessianColumn_norm_sq_le' depends on axioms: [propext,
 Classical.choice,
 Quot.sound]
'SharpWasserstein.PeriodicHessianBounds.potential_hessianColumn_norm_sq_le' depends on axioms: [propext,
 Classical.choice,
 Quot.sound]
'SharpWasserstein.PeriodicHessianConvergence.approximateHessian' depends on axioms: [propext,
 Classical.choice,
 Quot.sound]
'SharpWasserstein.PeriodicHessianConvergence.exists_optimizer_hessianEntry_converges' depends on axioms: [propext,
 Classical.choice,
 Quot.sound]
'SharpWasserstein.PeriodicHessianDissipation.inner_multiplier' depends on axioms: [propext,
 Classical.choice,
 Quot.sound]
'SharpWasserstein.PeriodicHessianDissipation.weighted_product_integrable' depends on axioms: [propext,
 Classical.choice,
 Quot.sound]
'SharpWasserstein.PeriodicHessianDissipation.inner_multiplier_self' depends on axioms: [propext,
 Classical.choice,
 Quot.sound]
'SharpWasserstein.PeriodicHessianDissipation.inner_multiplier_symmetric' depends on axioms: [propext,
 Classical.choice,
 Quot.sound]
'SharpWasserstein.PeriodicHessianDissipation.weighted_square_nonneg' depends on axioms: [propext,
 Classical.choice,
 Quot.sound]
'SharpWasserstein.PeriodicHessianDissipation.weighted_square_support' depends on axioms: [propext,
 Classical.choice,
 Quot.sound]
'SharpWasserstein.PeriodicHessianDissipation.weighted_hessianEntry' depends on axioms: [propext,
 Classical.choice,
 Quot.sound]
'SharpWasserstein.PeriodicHessianDissipation.weighted_hessianMatrix' depends on axioms: [propext,
 Classical.choice,
 Quot.sound]
'SharpWasserstein.PeriodicHessianDissipation.weighted_potential_hessian_bound' depends on axioms: [propext,
 Classical.choice,
 Quot.sound]
'SharpWasserstein.PeriodicHessianDissipation.exists_optimizer_hessian_weighted_liminf' depends on axioms: [propext,
 Classical.choice,
 Quot.sound]
'SharpWasserstein.PeriodicIntegrationByParts.Coordinates' depends on axioms: [propext, Classical.choice, Quot.sound]
'SharpWasserstein.PeriodicIntegrationByParts.unitInterval' depends on axioms: [propext, Classical.choice, Quot.sound]
'SharpWasserstein.PeriodicIntegrationByParts.cube' depends on axioms: [propext, Classical.choice, Quot.sound]
'SharpWasserstein.PeriodicIntegrationByParts.coordinatePartial' depends on axioms: [propext,
 Classical.choice,
 Quot.sound]
'SharpWasserstein.PeriodicIntegrationByParts.Periodic' depends on axioms: [propext, Classical.choice, Quot.sound]
'SharpWasserstein.PeriodicIntegrationByParts.continuous_coordinatePartial' depends on axioms: [propext,
 Classical.choice,
 Quot.sound]
'SharpWasserstein.PeriodicIntegrationByParts.cube_ae_mem' depends on axioms: [propext, Classical.choice, Quot.sound]
'SharpWasserstein.PeriodicIntegrationByParts.continuous_integrable_cube' depends on axioms: [propext,
 Classical.choice,
 Quot.sound]
'SharpWasserstein.PeriodicIntegrationByParts.integral_coordinatePartial_eq_zero' depends on axioms: [propext,
 Classical.choice,
 Quot.sound]
'SharpWasserstein.PeriodicIntegrationByParts.periodic_coordinatePartial' depends on axioms: [propext,
 Classical.choice,
 Quot.sound]
'SharpWasserstein.PeriodicIntegrationByParts.coordinatePartial_mul' depends on axioms: [propext,
 Classical.choice,
 Quot.sound]
'SharpWasserstein.PeriodicIntegrationByParts.integral_mul_coordinatePartial' depends on axioms: [propext,
 Classical.choice,
 Quot.sound]
'SharpWasserstein.PeriodicIntegrationByParts.laplacian' depends on axioms: [propext, Classical.choice, Quot.sound]
'SharpWasserstein.PeriodicIntegrationByParts.contDiff_coordinatePartial' depends on axioms: [propext,
 Classical.choice,
 Quot.sound]
'SharpWasserstein.PeriodicIntegrationByParts.integral_mul_laplacian' depends on axioms: [propext,
 Classical.choice,
 Quot.sound]
'SharpWasserstein.PeriodicIntegrationByParts.integral_mul_laplacian_swap' depends on axioms: [propext,
 Classical.choice,
 Quot.sound]
'SharpWasserstein.PeriodicJacobianLimit.matrix_memLp' depends on axioms: [propext, Classical.choice, Quot.sound]
'SharpWasserstein.PeriodicJacobianLimit.matrixMultiply' depends on axioms: [propext, Classical.choice, Quot.sound]
'SharpWasserstein.PeriodicJacobianLimit.matrixMultiply_ae' depends on axioms: [propext, Classical.choice, Quot.sound]
'SharpWasserstein.PeriodicJacobianLimit.matrixLinear' depends on axioms: [propext, Classical.choice, Quot.sound]
'SharpWasserstein.PeriodicJacobianLimit.matrixMultiply_norm_le' depends on axioms: [propext,
 Classical.choice,
 Quot.sound]
'SharpWasserstein.PeriodicJacobianLimit.matrixOperator' depends on axioms: [propext, Classical.choice, Quot.sound]
'SharpWasserstein.PeriodicJacobianLimit.matrixOperator_ae' depends on axioms: [propext, Classical.choice, Quot.sound]
'SharpWasserstein.PeriodicJacobianLimit.inner_matrixOperator' depends on axioms: [propext, Classical.choice, Quot.sound]
'SharpWasserstein.PeriodicJacobianLimit.integral_quadratic_tendsto' depends on axioms: [propext,
 Classical.choice,
 Quot.sound]
'SharpWasserstein.PeriodicJacobianLimit.integrable_matrix_inner' depends on axioms: [propext,
 Classical.choice,
 Quot.sound]
'SharpWasserstein.PeriodicJacobianLimit.fderiv_vectorPullback' depends on axioms: [propext,
 Classical.choice,
 Quot.sound]
'SharpWasserstein.PeriodicJacobianLimit.exists_jacobian_bound' depends on axioms: [propext,
 Classical.choice,
 Quot.sound]
'SharpWasserstein.PeriodicJacobianLimit.jacobianField' depends on axioms: [propext, Classical.choice, Quot.sound]
'SharpWasserstein.PeriodicJacobianLimit.jacobianField_apply' depends on axioms: [propext, Classical.choice, Quot.sound]
'SharpWasserstein.PeriodicJacobianLimit.jacobianCoefficient' depends on axioms: [propext, Classical.choice, Quot.sound]
'SharpWasserstein.PeriodicJacobianLimit.jacobianCoefficient_apply' depends on axioms: [propext,
 Classical.choice,
 Quot.sound]
'SharpWasserstein.PeriodicJacobianLimit.inner_jacobianCoefficient' depends on axioms: [propext,
 Classical.choice,
 Quot.sound]
'SharpWasserstein.PeriodicJacobianLimit.integrable_jacobian_inner' depends on axioms: [propext,
 Classical.choice,
 Quot.sound]
'SharpWasserstein.PeriodicJacobianLimit.inner_jacobian_gradientVector' depends on axioms: [propext,
 Classical.choice,
 Quot.sound]
'SharpWasserstein.PeriodicJacobianLimit.inner_jacobian_vector' depends on axioms: [propext,
 Classical.choice,
 Quot.sound]
'SharpWasserstein.PeriodicJacobianLimit.potential_jacobianForm_tendsto' depends on axioms: [propext,
 Classical.choice,
 Quot.sound]
'SharpWasserstein.PeriodicJacobianLimit.potential_jacobianForm_cube_tendsto' depends on axioms: [propext,
 Classical.choice,
 Quot.sound]
'SharpWasserstein.PeriodicJacobianLimit.jacobian_integral_le' depends on axioms: [propext, Classical.choice, Quot.sound]
'SharpWasserstein.PeriodicJacobianLimit.optimizer_jacobian_integral_le' depends on axioms: [propext,
 Classical.choice,
 Quot.sound]
'SharpWasserstein.SinePeriodization.latticeVector' depends on axioms: [propext, Classical.choice, Quot.sound]
'SharpWasserstein.SinePeriodization.representative' depends on axioms: [propext, Classical.choice, Quot.sound]
'SharpWasserstein.SinePeriodization.latticeIndex' depends on axioms: [propext, Classical.choice, Quot.sound]
'SharpWasserstein.SinePeriodization.representative_mem' depends on axioms: [propext, Classical.choice, Quot.sound]
'SharpWasserstein.SinePeriodization.representative_add_lattice' depends on axioms: [propext,
 Classical.choice,
 Quot.sound]
'SharpWasserstein.SinePeriodization.coordinates_lattice' depends on axioms: [propext, Classical.choice, Quot.sound]
'SharpWasserstein.SinePeriodization.kernel_lattice_periodic' depends on axioms: [propext, Classical.choice, Quot.sound]
'SharpWasserstein.SinePeriodization.kernel_derivative_lattice_periodic' depends on axioms: [propext,
 Classical.choice,
 Quot.sound]
'SharpWasserstein.SinePeriodization.kernel_boundedSmooth' depends on axioms: [propext, Classical.choice, Quot.sound]
'SharpWasserstein.PeriodicPositiveKernel.peak' depends on axioms: [propext, Classical.choice, Quot.sound]
'SharpWasserstein.PeriodicPositiveKernel.peak_continuous' depends on axioms: [propext, Classical.choice, Quot.sound]
'SharpWasserstein.PeriodicPositiveKernel.peak_periodic' depends on axioms: [propext, Classical.choice, Quot.sound]
'SharpWasserstein.PeriodicPositiveKernel.cos_eq_one_iff_circle_zero' depends on axioms: [propext,
 Classical.choice,
 Quot.sound]
'SharpWasserstein.PeriodicPositiveKernel.peak_lt_at_zero' depends on axioms: [propext, Classical.choice, Quot.sound]
'SharpWasserstein.PeriodicPositiveKernel.peak_pow' depends on axioms: [propext, Classical.choice, Quot.sound]
'SharpWasserstein.PeriodicPositiveKernel.peak_pow_integral' depends on axioms: [propext, Classical.choice, Quot.sound]
'SharpWasserstein.PeriodicPositiveKernel.kernel_eq_peak_normalized' depends on axioms: [propext,
 Classical.choice,
 Quot.sound]
'SharpWasserstein.PeriodicPositiveKernel.integral_kernel_tendsto' depends on axioms: [propext,
 Classical.choice,
 Quot.sound]
'SharpWasserstein.PeriodicL2Multiplier.multiply_memLp' depends on axioms: [propext, Classical.choice, Quot.sound]
'SharpWasserstein.PeriodicL2Multiplier.multiply' depends on axioms: [propext, Classical.choice, Quot.sound]
'SharpWasserstein.PeriodicL2Multiplier.multiply_ae' depends on axioms: [propext, Classical.choice, Quot.sound]
'SharpWasserstein.PeriodicL2Multiplier.multiplyLinear' depends on axioms: [propext, Classical.choice, Quot.sound]
'SharpWasserstein.PeriodicL2Multiplier.multiply_norm_le' depends on axioms: [propext, Classical.choice, Quot.sound]
'SharpWasserstein.PeriodicL2Multiplier.operator' depends on axioms: [propext, Classical.choice, Quot.sound]
'SharpWasserstein.PeriodicL2Multiplier.operator_ae' depends on axioms: [propext, Classical.choice, Quot.sound]
'SharpWasserstein.PeriodicL2Multiplier.productTest' depends on axioms: [propext, Classical.choice, Quot.sound]
'SharpWasserstein.PeriodicL2Multiplier.operator_value' depends on axioms: [propext, Classical.choice, Quot.sound]
'SharpWasserstein.PeriodicL2Multiplier.operator_mem_testClosure' depends on axioms: [propext,
 Classical.choice,
 Quot.sound]
'SharpWasserstein.PeriodicMarginalCoefficientEvolution.splitGenerator_periodic_pairing' depends on axioms: [propext,
 Classical.choice,
 Quot.sound]
'SharpWasserstein.PeriodicMarginalCoefficientEvolution.canonical_splitGenerator_periodic_pairing' depends on axioms: [propext,
 Classical.choice,
 Quot.sound]
'SharpWasserstein.PeriodicMarginalCoefficientEvolution.splitGenerator_terminal' depends on axioms: [propext,
 Classical.choice,
 Quot.sound]
'SharpWasserstein.PeriodicMarginalCoefficientEvolution.splitGenerator' depends on axioms: [propext,
 Classical.choice,
 Quot.sound]
'SharpWasserstein.PeriodicMarginalCoefficientEvolution.splitGenerator_eq' depends on axioms: [propext,
 Classical.choice,
 Quot.sound]
'SharpWasserstein.PeriodicMarginalCoefficientEvolution.brownian_marginal_observable_hasDerivWithinAt' depends on axioms: [propext,
 Classical.choice,
 Quot.sound]
'SharpWasserstein.PeriodicMarginalCoefficientEvolution.brownian_marginal_gramEntry_hasDerivWithinAt' depends on axioms: [propext,
 Classical.choice,
 Quot.sound]
'SharpWasserstein.PeriodicMarginalCoefficientEvolution.brownian_marginal_source_hasDerivWithinAt' depends on axioms: [propext,
 Classical.choice,
 Quot.sound]
'SharpWasserstein.PeriodicMarginalCoefficientEvolution.brownian_marginal_source_pairing_hasDerivWithinAt' depends on axioms: [propext,
 Classical.choice,
 Quot.sound]
'SharpWasserstein.PeriodicMarginalCoefficientEvolution.brownian_marginal_coefficients_hasDerivWithinAt' depends on axioms: [propext,
 Classical.choice,
 Quot.sound]
'SharpWasserstein.PeriodicMarginalCoefficientEvolution.cylinder' depends on axioms: [propext,
 Classical.choice,
 Quot.sound]
'SharpWasserstein.PeriodicMarginalCoefficientEvolution.cylinder_coordinates' depends on axioms: [propext,
 Classical.choice,
 Quot.sound]
'SharpWasserstein.PeriodicMarginalCoefficientEvolution.cylinder_smooth' depends on axioms: [propext,
 Classical.choice,
 Quot.sound]
'SharpWasserstein.PeriodicMarginalCoefficientEvolution.cylinder_allDerivativesBounded' depends on axioms: [propext,
 Classical.choice,
 Quot.sound]
'SharpWasserstein.PeriodicMarginalCoefficientEvolution.marginalProjection_single_left' depends on axioms: [propext,
 Classical.choice,
 Quot.sound]
'SharpWasserstein.PeriodicMarginalCoefficientEvolution.marginalProjection_single_right' depends on axioms: [propext,
 Classical.choice,
 Quot.sound]
'SharpWasserstein.PeriodicMarginalCoefficientEvolution.laplacian_cylinder' depends on axioms: [propext,
 Classical.choice,
 Quot.sound]
'SharpWasserstein.PeriodicMarginalCoefficientEvolution.generator_cylinder' depends on axioms: [propext,
 Classical.choice,
 Quot.sound]
'SharpWasserstein.PeriodicMarginalCoefficientEvolution.sum_prefix_external' depends on axioms: [propext,
 Classical.choice,
 Quot.sound]
'SharpWasserstein.PeriodicMarginalCoefficientEvolution.projected_particleDrift' depends on axioms: [propext,
 Classical.choice,
 Quot.sound]
'SharpWasserstein.PeriodicMarginalCoefficientEvolution.particle_generator_cylinder' depends on axioms: [propext,
 Classical.choice,
 Quot.sound]
'SharpWasserstein.PeriodicMarginalCoefficientEvolution.prefix_comp_observation' depends on axioms: [propext,
 Classical.choice,
 Quot.sound]
'SharpWasserstein.PeriodicMarginalCoefficientEvolution.prefix_observation' depends on axioms: [propext,
 Classical.choice,
 Quot.sound]
'SharpWasserstein.PeriodicMarginalCoefficientEvolution.marginalLaw_observation' depends on axioms: [propext,
 Classical.choice,
 Quot.sound]
'SharpWasserstein.PeriodicMarginalCoefficientEvolution.marginalDistribution_observedSource' depends on axioms: [propext,
 Classical.choice,
 Quot.sound]
'SharpWasserstein.PeriodicMarginalCoefficientEvolution.observedSource_eq_imageSource' depends on axioms: [propext,
 Classical.choice,
 Quot.sound]
'SharpWasserstein.PeriodicMarginalCoefficientEvolution.prefixSource_eq_imageSource' depends on axioms: [propext,
 Classical.choice,
 Quot.sound]
'SharpWasserstein.PeriodicMarginalCoefficientEvolution.periodic_marginalEnergy_observedSource' depends on axioms: [propext,
 Classical.choice,
 Quot.sound]
'SharpWasserstein.PeriodicMarginalCoefficientEvolution.potential_periodic' depends on axioms: [propext,
 Classical.choice,
 Quot.sound]
'SharpWasserstein.PeriodicMarginalCoefficientEvolution.localEnergyTerm' depends on axioms: [propext,
 Classical.choice,
 Quot.sound]
'SharpWasserstein.PeriodicMarginalCoefficientEvolution.externalEnergyTerm' depends on axioms: [propext,
 Classical.choice,
 Quot.sound]
'SharpWasserstein.PeriodicMarginalCoefficientEvolution.splitEnergyDerivative_eq' depends on axioms: [propext,
 Classical.choice,
 Quot.sound]
'SharpWasserstein.PeriodicMarginalCoefficientEvolution.localEnergyTerm_observation' depends on axioms: [propext,
 Classical.choice,
 Quot.sound]
'SharpWasserstein.PeriodicMarginalCoefficientEvolution.periodicPrefixField' depends on axioms: [propext,
 Classical.choice,
 Quot.sound]
'SharpWasserstein.PeriodicMarginalCoefficientEvolution.observed_trialEnergy_eq_prefix' depends on axioms: [propext,
 Classical.choice,
 Quot.sound]
'SharpWasserstein.PeriodicMarginalCoefficientEvolution.brownian_marginal_optimizedEnergy_hasDerivWithinAt' depends on axioms: [propext,
 Classical.choice,
 Quot.sound]
'SharpWasserstein.PeriodicMarginalCoefficientEvolution.brownian_periodic_sourceVector_eq' depends on axioms: [propext,
 Classical.choice,
 Quot.sound]
'SharpWasserstein.PeriodicMarginalCoefficientEvolution.brownian_periodic_trialEnergy_hasDerivWithinAt' depends on axioms: [propext,
 Classical.choice,
 Quot.sound]
'SharpWasserstein.PeriodicMarginalCoefficientEvolution.internalAmplitude' depends on axioms: [propext,
 Classical.choice,
 Quot.sound]
'SharpWasserstein.PeriodicMarginalCoefficientEvolution.internalAmplitude_nonneg' depends on axioms: [propext,
 Classical.choice,
 Quot.sound]
'SharpWasserstein.PeriodicMarginalCoefficientEvolution.internalAmplitude_bound' depends on axioms: [propext,
 Classical.choice,
 Quot.sound]
'SharpWasserstein.PeriodicMarginalCoefficientEvolution.observed_solution_eq_prefix' depends on axioms: [propext,
 Classical.choice,
 Quot.sound]
'SharpWasserstein.PeriodicMarginalCoefficientEvolution.finite_splitHierarchy_le' depends on axioms: [propext,
 Classical.choice,
 Quot.sound]
'SharpWasserstein.PeriodicMarginalCoefficientEvolution.cylinder_potential' depends on axioms: [propext,
 Classical.choice,
 Quot.sound]
'SharpWasserstein.PeriodicMarginalCoefficientEvolution.splitGenerator_potential' depends on axioms: [propext,
 Classical.choice,
 Quot.sound]
'SharpWasserstein.PeriodicMarginalCoefficientEvolution.splitGenerator_gradientSquare' depends on axioms: [propext,
 Classical.choice,
 Quot.sound]
'SharpWasserstein.PeriodicMarginalCoefficientEvolution.splitGenerator_smooth_bounded' depends on axioms: [propext,
 Classical.choice,
 Quot.sound]
'SharpWasserstein.PeriodicMarginalCoefficientEvolution.matrix_splitGenerator_quadratic' depends on axioms: [propext,
 Classical.choice,
 Quot.sound]
'SharpWasserstein.PeriodicMarginalCoefficientEvolution.source_splitGenerator_pairing' depends on axioms: [propext,
 Classical.choice,
 Quot.sound]
'SharpWasserstein.PeriodicMarginalCoefficientEvolution.brownian_periodic_trialEnergy_splitGenerator' depends on axioms: [propext,
 Classical.choice,
 Quot.sound]
'SharpWasserstein.PeriodicMarginalCoefficientEvolution.brownian_periodic_trialEnergy_derivative_le' depends on axioms: [propext,
 Classical.choice,
 Quot.sound]
'SharpWasserstein.PeriodicMarginalCoefficientEvolution.brownian_periodic_trialEnergy_terminal_derivative_le' depends on axioms: [propext,
 Classical.choice,
 Quot.sound]
'SharpWasserstein.PeriodicMarginalCoefficientEvolution.external_integral_eq' depends on axioms: [propext,
 Classical.choice,
 Quot.sound]
'SharpWasserstein.PeriodicMarginalCoefficientEvolution.external_integral_meanField' depends on axioms: [propext,
 Classical.choice,
 Quot.sound]
'SharpWasserstein.PeriodicMarginalCoefficientEvolution.splitGenerator_integral' depends on axioms: [propext,
 Classical.choice,
 Quot.sound]
'SharpWasserstein.PeriodicMarginalCoefficientEvolution.gramTest_periodic' depends on axioms: [propext,
 Classical.choice,
 Quot.sound]
'SharpWasserstein.PeriodicMarginalCoefficientEvolution.brownian_marginal_periodic_gramEntry_hasDerivWithinAt' depends on axioms: [propext,
 Classical.choice,
 Quot.sound]
'SharpWasserstein.PeriodicMarginalCoefficientEvolution.brownian_lawAt_permutation' depends on axioms: [propext,
 Classical.choice,
 Quot.sound]
'SharpWasserstein.PeriodicMarginalCoefficientEvolution.brownian_marginal_periodic_source_pairing' depends on axioms: [propext,
 Classical.choice,
 Quot.sound]
'SharpWasserstein.PeriodicMarginalCoefficientEvolution.brownian_marginal_periodic_source_hasDerivWithinAt' depends on axioms: [propext,
 Classical.choice,
 Quot.sound]
'SharpWasserstein.PeriodicMarginalCoefficientEvolution.physical_allDerivativesBounded' depends on axioms: [propext,
 Classical.choice,
 Quot.sound]
'SharpWasserstein.PeriodicMarginalCoefficientEvolution.directionDeriv_periodic' depends on axioms: [propext,
 Classical.choice,
 Quot.sound]
'SharpWasserstein.PeriodicMarginalCoefficientEvolution.euclidean_laplacian_periodic' depends on axioms: [propext,
 Classical.choice,
 Quot.sound]
'SharpWasserstein.PeriodicMarginalCoefficientEvolution.internalGenerator' depends on axioms: [propext,
 Classical.choice,
 Quot.sound]
'SharpWasserstein.PeriodicMarginalCoefficientEvolution.internalGenerator_smooth' depends on axioms: [propext,
 Classical.choice,
 Quot.sound]
'SharpWasserstein.PeriodicMarginalCoefficientEvolution.internalGenerator_periodic' depends on axioms: [propext,
 Classical.choice,
 Quot.sound]
'SharpWasserstein.PeriodicMarginalCoefficientEvolution.pairing_integrable' depends on axioms: [propext,
 Classical.choice,
 Quot.sound]
'SharpWasserstein.PeriodicMarginalCoefficientEvolution.pairing_add_sum' depends on axioms: [propext,
 Classical.choice,
 Quot.sound]
'SharpWasserstein.PeriodicMarginalCoefficientEvolution.prefixSource' depends on axioms: [propext,
 Classical.choice,
 Quot.sound]
'SharpWasserstein.PeriodicMarginalCoefficientEvolution.prefixSource_finiteEnergy' depends on axioms: [propext,
 Classical.choice,
 Quot.sound]
'SharpWasserstein.PeriodicMarginalCoefficientEvolution.prefixSource_periodic_pairing' depends on axioms: [propext,
 Classical.choice,
 Quot.sound]
'SharpWasserstein.PeriodicMarginalCoefficientEvolution.terminal_splitEnergyDerivative_eq' depends on axioms: [propext,
 Classical.choice,
 Quot.sound]
'SharpWasserstein.PeriodicMarginalCoefficientEvolution.finite_terminal_splitHierarchy_le' depends on axioms: [propext,
 Classical.choice,
 Quot.sound]
'SharpWasserstein.PeriodicMarginalEnergy.integral_densityBCF' depends on axioms: [propext, Classical.choice, Quot.sound]
'SharpWasserstein.PeriodicMarginalEnergy.densityPairing_lift' depends on axioms: [propext, Classical.choice, Quot.sound]
'SharpWasserstein.PeriodicMarginalEnergy.marginalFunctional' depends on axioms: [propext, Classical.choice, Quot.sound]
'SharpWasserstein.PeriodicMarginalEnergy.densityBCF_positive_lower' depends on axioms: [propext,
 Classical.choice,
 Quot.sound]
'SharpWasserstein.PeriodicMarginalEnergy.optimizer_residual_orthogonal' depends on axioms: [propext,
 Classical.choice,
 Quot.sound]
'SharpWasserstein.PeriodicMarginalEnergy.optimizer_energy_increment' depends on axioms: [propext,
 Classical.choice,
 Quot.sound]
'SharpWasserstein.PeriodicMarginalEnergy.optimizer_energy_increment_integral' depends on axioms: [propext,
 Classical.choice,
 Quot.sound]
'SharpWasserstein.PeriodicMarginalLift.prefixCoords_measurePreserving' depends on axioms: [propext,
 Classical.choice,
 Quot.sound]
'SharpWasserstein.PeriodicMarginalLift.coordinate_measurePreserving' depends on axioms: [propext,
 Classical.choice,
 Quot.sound]
'SharpWasserstein.PeriodicMarginalLift.coordinateSymm_measurePreserving' depends on axioms: [propext,
 Classical.choice,
 Quot.sound]
'SharpWasserstein.PeriodicMarginalLift.prefix_measurePreserving' depends on axioms: [propext,
 Classical.choice,
 Quot.sound]
'SharpWasserstein.PeriodicMarginalLift.cubePoint_prefix_map' depends on axioms: [propext, Classical.choice, Quot.sound]
'SharpWasserstein.PeriodicMarginalLift.liftLinear' depends on axioms: [propext, Classical.choice, Quot.sound]
'SharpWasserstein.PeriodicMarginalLift.liftLinear_ae' depends on axioms: [propext, Classical.choice, Quot.sound]
'SharpWasserstein.PeriodicMarginalLift.liftLinear_norm' depends on axioms: [propext, Classical.choice, Quot.sound]
'SharpWasserstein.PeriodicMarginalLift.lift' depends on axioms: [propext, Classical.choice, Quot.sound]
'SharpWasserstein.PeriodicMarginalLift.lift_gradientClosure_mem' depends on axioms: [propext,
 Classical.choice,
 Quot.sound]
'SharpWasserstein.PeriodicMarginalLift.gradientLiftLinear' depends on axioms: [propext, Classical.choice, Quot.sound]
'SharpWasserstein.PeriodicMarginalLift.gradientLift' depends on axioms: [propext, Classical.choice, Quot.sound]
'SharpWasserstein.PeriodicMarginalLift.prefixLinear' depends on axioms: [propext, Classical.choice, Quot.sound]
'SharpWasserstein.PeriodicMarginalLift.prefix_smooth' depends on axioms: [propext, Classical.choice, Quot.sound]
'SharpWasserstein.PeriodicMarginalLift.prefix_periodic' depends on axioms: [propext, Classical.choice, Quot.sound]
'SharpWasserstein.PeriodicMarginalLift.gradientLift_gradientVector' depends on axioms: [propext,
 Classical.choice,
 Quot.sound]
'SharpWasserstein.PeriodicMarginalLift.gradientLift_periodic_mem' depends on axioms: [propext,
 Classical.choice,
 Quot.sound]
'SharpWasserstein.PeriodicMarginalLift.periodicLift' depends on axioms: [propext, Classical.choice, Quot.sound]
'SharpWasserstein.PeriodicGradientClosure.functional_eq_on_periodicSpace_of_smooth' depends on axioms: [propext,
 Classical.choice,
 Quot.sound]
'SharpWasserstein.PeriodicGradientClosure.optimizer_eq_of_functional_eq_on_periodicSpace' depends on axioms: [propext,
 Classical.choice,
 Quot.sound]
'SharpWasserstein.PeriodicGradientClosure.optimizer_energy_eq_of_functional_eq_on_periodicSpace' depends on axioms: [propext,
 Classical.choice,
 Quot.sound]
'SharpWasserstein.PeriodicOptimizerProducts.cubePoint_ae_mem' depends on axioms: [propext, Classical.choice, Quot.sound]
'SharpWasserstein.PeriodicOptimizerProducts.component_gradientVector_eq_value' depends on axioms: [propext,
 Classical.choice,
 Quot.sound]
'SharpWasserstein.PeriodicOptimizerProducts.component_vector_mem_testClosure' depends on axioms: [propext,
 Classical.choice,
 Quot.sound]
'SharpWasserstein.PeriodicOptimizerProducts.component_optimizer_mem_testClosure' depends on axioms: [propext,
 Classical.choice,
 Quot.sound]
'SharpWasserstein.PeriodicOptimizerProducts.multiply_component_optimizer_mem_testClosure' depends on axioms: [propext,
 Classical.choice,
 Quot.sound]
'SharpWasserstein.PeriodicParabolicDissipation.IsWeakHessian' depends on axioms: [propext, Classical.choice, Quot.sound]
'SharpWasserstein.PeriodicParabolicDissipation.dissipation' depends on axioms: [propext, Classical.choice, Quot.sound]
'SharpWasserstein.PeriodicParabolicDissipation.potential_hessian_integral_tendsto' depends on axioms: [propext,
 Classical.choice,
 Quot.sound]
'SharpWasserstein.PeriodicParabolicDissipation.exists_derivativePairing_le_dissipation_jacobian' depends on axioms: [propext,
 Classical.choice,
 Quot.sound]
'SharpWasserstein.PeriodicParabolicDissipation.exists_derivativePairing_le_dissipation' depends on axioms: [propext,
 Classical.choice,
 Quot.sound]
'SharpWasserstein.PeriodicParabolicDissipation.exists_deriv_energy_le_dissipation' depends on axioms: [propext,
 Classical.choice,
 Quot.sound]
'SharpWasserstein.PeriodicParabolicEnergy.finiteDerivativePairing_eq' depends on axioms: [propext,
 Classical.choice,
 Quot.sound]
'SharpWasserstein.PeriodicParabolicEnergy.derivativePairing_le_jacobian' depends on axioms: [propext,
 Classical.choice,
 Quot.sound]
'SharpWasserstein.PeriodicParabolicEnergy.derivativePairing_le' depends on axioms: [propext,
 Classical.choice,
 Quot.sound]
'SharpWasserstein.PeriodicParabolicEnergy.deriv_energy_le' depends on axioms: [propext, Classical.choice, Quot.sound]
'SharpWasserstein.PeriodicParticle.interaction' depends on axioms: [propext, Classical.choice, Quot.sound]
'SharpWasserstein.PeriodicParticle.interaction_smooth' depends on axioms: [propext, Classical.choice, Quot.sound]
'SharpWasserstein.PeriodicParticle.interaction_bounds' depends on axioms: [propext, Classical.choice, Quot.sound]
'SharpWasserstein.PeriodicParticle.particleDrift_kernel_error' depends on axioms: [propext,
 Classical.choice,
 Quot.sound]
'SharpWasserstein.PeriodicParticle.drift_error' depends on axioms: [propext, Classical.choice, Quot.sound]
'SharpWasserstein.PeriodicParticle.drift_uniformOn_ball' depends on axioms: [propext, Classical.choice, Quot.sound]
'SharpWasserstein.PeriodicParticle.drift_locallyUniform' depends on axioms: [propext, Classical.choice, Quot.sound]
'SharpWasserstein.PeriodicParticle.law_wassersteinSq_tendsto' depends on axioms: [propext, Classical.choice, Quot.sound]
'SharpWasserstein.PeriodicParticle.brownianLaw_wassersteinSq_tendsto' depends on axioms: [propext,
 Classical.choice,
 Quot.sound]
'SharpWasserstein.PeriodicParticle.pairProjection' depends on axioms: [propext, Classical.choice, Quot.sound]
'SharpWasserstein.PeriodicParticle.driftDerivative' depends on axioms: [propext, Classical.choice, Quot.sound]
'SharpWasserstein.PeriodicParticle.particleDrift_hasFDerivAt' depends on axioms: [propext, Classical.choice, Quot.sound]
'SharpWasserstein.PeriodicParticle.fderiv_particleDrift' depends on axioms: [propext, Classical.choice, Quot.sound]
'SharpWasserstein.PeriodicParticle.driftDerivative_moving_tendsto' depends on axioms: [propext,
 Classical.choice,
 Quot.sound]
'SharpWasserstein.PeriodicParticle.fderiv_particleDrift_moving_tendsto' depends on axioms: [propext,
 Classical.choice,
 Quot.sound]
'SharpWasserstein.PeriodicParticle.fderiv_linearConjugate' depends on axioms: [propext, Classical.choice, Quot.sound]
'SharpWasserstein.PeriodicParticle.euclidean_fderiv_particleDrift_moving_tendsto' depends on axioms: [propext,
 Classical.choice,
 Quot.sound]
'SharpWasserstein.PeriodicParticleTangentLimit.drift' depends on axioms: [propext, Classical.choice, Quot.sound]
'SharpWasserstein.PeriodicParticleTangentLimit.valueBound' depends on axioms: [propext, Classical.choice, Quot.sound]
'SharpWasserstein.PeriodicParticleTangentLimit.lipBound' depends on axioms: [propext, Classical.choice, Quot.sound]
'SharpWasserstein.PeriodicParticleTangentLimit.drift_norm_le' depends on axioms: [propext, Classical.choice, Quot.sound]
'SharpWasserstein.PeriodicParticleTangentLimit.drift_lipschitz' depends on axioms: [propext,
 Classical.choice,
 Quot.sound]
'SharpWasserstein.PeriodicParticleTangentLimit.drift_smooth' depends on axioms: [propext, Classical.choice, Quot.sound]
'SharpWasserstein.PeriodicParticleTangentLimit.drift_allDerivativesBounded' depends on axioms: [propext,
 Classical.choice,
 Quot.sound]
'SharpWasserstein.PeriodicParticleTangentLimit.drift_locallyUniform' depends on axioms: [propext,
 Classical.choice,
 Quot.sound]
'SharpWasserstein.PeriodicParticleTangentLimit.drift_fderiv_moving_tendsto' depends on axioms: [propext,
 Classical.choice,
 Quot.sound]
'SharpWasserstein.PeriodicParticleTangentLimit.flow' depends on axioms: [propext, Classical.choice, Quot.sound]
'SharpWasserstein.PeriodicParticleTangentLimit.flow_tendsto' depends on axioms: [propext, Classical.choice, Quot.sound]
'SharpWasserstein.PeriodicParticleTangentLimit.flow_fderiv_tendsto' depends on axioms: [propext,
 Classical.choice,
 Quot.sound]
'SharpWasserstein.PeriodicParticleTangentLimit.flow_fderiv_norm_le' depends on axioms: [propext,
 Classical.choice,
 Quot.sound]
'SharpWasserstein.PeriodicParticleTangentLimit.fullSource_eq_brownianSourceAt' depends on axioms: [propext,
 Classical.choice,
 Quot.sound]
'SharpWasserstein.PeriodicParticleTangentLimit.brownianSourceAt_tendsto' depends on axioms: [propext,
 Classical.choice,
 Quot.sound]
'SharpWasserstein.PeriodicParticleTangentLimit.flow_eq_particleSolution' depends on axioms: [propext,
 Classical.choice,
 Quot.sound]
'SharpWasserstein.PeriodicParticleTangentLimit.law_eq_map_particleLaw' depends on axioms: [propext,
 Classical.choice,
 Quot.sound]
'SharpWasserstein.PeriodicParticleTangentLimit.law_eq_map_brownianLaw' depends on axioms: [propext,
 Classical.choice,
 Quot.sound]
'SharpWasserstein.PeriodicParticleTangentLimit.fullLaw_map_symm_eq_particleLaw' depends on axioms: [propext,
 Classical.choice,
 Quot.sound]
'SharpWasserstein.PeriodicParticleTangentLimit.carryingLaw_wassersteinSq_tendsto' depends on axioms: [propext,
 Classical.choice,
 Quot.sound]
'SharpWasserstein.PeriodicParticleTangentLimit.configurationRestriction' depends on axioms: [propext,
 Classical.choice,
 Quot.sound]
'SharpWasserstein.PeriodicParticleTangentLimit.marginalProjection' depends on axioms: [propext,
 Classical.choice,
 Quot.sound]
'SharpWasserstein.PeriodicParticleTangentLimit.marginalProjection_coordinates' depends on axioms: [propext,
 Classical.choice,
 Quot.sound]
'SharpWasserstein.PeriodicParticleTangentLimit.marginalProjection_norm_le_one' depends on axioms: [propext,
 Classical.choice,
 Quot.sound]
'SharpWasserstein.PeriodicParticleTangentLimit.marginalLaw_eq_map_particleMarginal' depends on axioms: [propext,
 Classical.choice,
 Quot.sound]
'SharpWasserstein.PeriodicParticleTangentLimit.marginalLaw_map_symm_eq_particleMarginal' depends on axioms: [propext,
 Classical.choice,
 Quot.sound]
'SharpWasserstein.PeriodicParticleTangentLimit.marginalCarryingLaw_wassersteinSq_tendsto' depends on axioms: [propext,
 Classical.choice,
 Quot.sound]
'SharpWasserstein.PeriodicParticleTangentLimit.marginalSource_tendsto' depends on axioms: [propext,
 Classical.choice,
 Quot.sound]
'SharpWasserstein.PeriodicParticleTangentLimit.marginalEnergy_bound_of_periodic_bounds' depends on axioms: [propext,
 Classical.choice,
 Quot.sound]
'SharpWasserstein.PeriodicParticleTangentLimit.brownianMarginalSource_tendsto' depends on axioms: [propext,
 Classical.choice,
 Quot.sound]
'SharpWasserstein.PeriodicParticleTangentLimit.flux_tendsto' depends on axioms: [propext, Classical.choice, Quot.sound]
'SharpWasserstein.PeriodicParticleTangentLimit.pairing_norm_le' depends on axioms: [propext,
 Classical.choice,
 Quot.sound]
'SharpWasserstein.PeriodicParticleTangentLimit.pairing_tendsto' depends on axioms: [propext,
 Classical.choice,
 Quot.sound]
'SharpWasserstein.PeriodicParticleTangentLimit.source_tendsto' depends on axioms: [propext,
 Classical.choice,
 Quot.sound]
'SharpWasserstein.PeriodicParticleTangentLimit.probabilityLaw_tendsto' depends on axioms: [propext,
 Classical.choice,
 Quot.sound]
'SharpWasserstein.PeriodicParticleTangentLimit.energy_bound_of_periodic_bounds' depends on axioms: [propext,
 Classical.choice,
 Quot.sound]
'SharpWasserstein.PeriodicParticleTangentLimit.endpoint' depends on axioms: [propext, Classical.choice, Quot.sound]
'SharpWasserstein.PeriodicParticleTangentLimit.flux' depends on axioms: [propext, Classical.choice, Quot.sound]
'SharpWasserstein.PeriodicParticleTangentLimit.endpoint_continuous' depends on axioms: [propext,
 Classical.choice,
 Quot.sound]
'SharpWasserstein.PeriodicParticleTangentLimit.flux_memLp' depends on axioms: [propext, Classical.choice, Quot.sound]
'SharpWasserstein.PeriodicParticleTangentLimit.law' depends on axioms: [propext, Classical.choice, Quot.sound]
'SharpWasserstein.PeriodicParticleTangentLimit.law_probability' depends on axioms: [propext,
 Classical.choice,
 Quot.sound]
'SharpWasserstein.PeriodicParticleTangentLimit.probabilityLaw' depends on axioms: [propext,
 Classical.choice,
 Quot.sound]
'SharpWasserstein.PeriodicParticleTangentLimit.source' depends on axioms: [propext, Classical.choice, Quot.sound]
'SharpWasserstein.PeriodicParticleTangentLimit.source_apply' depends on axioms: [propext, Classical.choice, Quot.sound]
'SharpWasserstein.PeriodicParticleTangentLimit.source_finiteEnergy' depends on axioms: [propext,
 Classical.choice,
 Quot.sound]
'SharpWasserstein.PeriodicParticleTangentLimit.pairing_integrable' depends on axioms: [propext,
 Classical.choice,
 Quot.sound]
'SharpWasserstein.PeriodicPositiveKernel.weight' depends on axioms: [propext, Classical.choice, Quot.sound]
'SharpWasserstein.PeriodicPositiveKernel.normalizer' depends on axioms: [propext, Classical.choice, Quot.sound]
'SharpWasserstein.PeriodicPositiveKernel.scalar' depends on axioms: [propext, Classical.choice, Quot.sound]
'SharpWasserstein.PeriodicPositiveKernel.weight_smooth' depends on axioms: [propext, Classical.choice, Quot.sound]
'SharpWasserstein.PeriodicPositiveKernel.weight_pos' depends on axioms: [propext, Classical.choice, Quot.sound]
'SharpWasserstein.PeriodicPositiveKernel.weight_periodic' depends on axioms: [propext, Classical.choice, Quot.sound]
'SharpWasserstein.PeriodicPositiveKernel.weight_bounds' depends on axioms: [propext, Classical.choice, Quot.sound]
'SharpWasserstein.PeriodicPositiveKernel.weight_integrable' depends on axioms: [propext, Classical.choice, Quot.sound]
'SharpWasserstein.PeriodicPositiveKernel.normalizer_bounds' depends on axioms: [propext, Classical.choice, Quot.sound]
'SharpWasserstein.PeriodicPositiveKernel.normalizer_pos' depends on axioms: [propext, Classical.choice, Quot.sound]
'SharpWasserstein.PeriodicPositiveKernel.scalar_pos' depends on axioms: [propext, Classical.choice, Quot.sound]
'SharpWasserstein.PeriodicPositiveKernel.scalar_smooth' depends on axioms: [propext, Classical.choice, Quot.sound]
'SharpWasserstein.PeriodicPositiveKernel.scalar_periodic' depends on axioms: [propext, Classical.choice, Quot.sound]
'SharpWasserstein.PeriodicPositiveKernel.scalar_integrable' depends on axioms: [propext, Classical.choice, Quot.sound]
'SharpWasserstein.PeriodicPositiveKernel.scalar_integral' depends on axioms: [propext, Classical.choice, Quot.sound]
'SharpWasserstein.PeriodicPositiveKernel.scalar_bounds' depends on axioms: [propext, Classical.choice, Quot.sound]
'SharpWasserstein.PeriodicPositiveKernel.kernel' depends on axioms: [propext, Classical.choice, Quot.sound]
'SharpWasserstein.PeriodicPositiveKernel.kernel_smooth' depends on axioms: [propext, Classical.choice, Quot.sound]
'SharpWasserstein.PeriodicPositiveKernel.kernel_pos' depends on axioms: [propext, Classical.choice, Quot.sound]
'SharpWasserstein.PeriodicPositiveKernel.kernel_periodic' depends on axioms: [propext, Classical.choice, Quot.sound]
'SharpWasserstein.PeriodicPositiveKernel.kernel_bounds' depends on axioms: [propext, Classical.choice, Quot.sound]
'SharpWasserstein.PeriodicPositiveKernel.kernel_integrable' depends on axioms: [propext, Classical.choice, Quot.sound]
'SharpWasserstein.PeriodicPositiveKernel.kernel_integral' depends on axioms: [propext, Classical.choice, Quot.sound]
'SharpWasserstein.PeriodicPositiveKernel.kernel_derivatives_bounded' depends on axioms: [propext,
 Classical.choice,
 Quot.sound]
'SharpWasserstein.PeriodicSmoothBounds.norm_bound' depends on axioms: [propext, Classical.choice, Quot.sound]
'SharpWasserstein.PeriodicSmoothBounds.periodic_iteratedFDeriv' depends on axioms: [propext,
 Classical.choice,
 Quot.sound]
'SharpWasserstein.PeriodicSmoothBounds.periodic_fderiv' depends on axioms: [propext, Classical.choice, Quot.sound]
'SharpWasserstein.PeriodicSmoothBounds.iteratedFDeriv_bound' depends on axioms: [propext, Classical.choice, Quot.sound]
'SharpWasserstein.PeriodicSmoothBounds.exists_lipschitz' depends on axioms: [propext, Classical.choice, Quot.sound]
'SharpWasserstein.PeriodicSmoothGradient.compactTest' depends on axioms: [propext, Classical.choice, Quot.sound]
'SharpWasserstein.PeriodicSmoothGradient.compactTest_gradient_on_cube' depends on axioms: [propext,
 Classical.choice,
 Quot.sound]
'SharpWasserstein.PeriodicSmoothGradient.gradientVector' depends on axioms: [propext, Classical.choice, Quot.sound]
'SharpWasserstein.PeriodicSmoothGradient.gradientVector_polynomial_mem' depends on axioms: [propext,
 Classical.choice,
 Quot.sound]
'SharpWasserstein.PeriodicSmoothGradient.gradientVector_norm_sub_sq' depends on axioms: [propext,
 Classical.choice,
 Quot.sound]
'SharpWasserstein.PeriodicSmoothGradient.gradientVector_polynomial_tendsto' depends on axioms: [propext,
 Classical.choice,
 Quot.sound]
'SharpWasserstein.PeriodicSmoothGradient.gradientVector_mem_periodicSpace' depends on axioms: [propext,
 Classical.choice,
 Quot.sound]
'SharpWasserstein.PeriodicSmoothGradient.periodicTestSpace' depends on axioms: [propext, Classical.choice, Quot.sound]
'SharpWasserstein.PeriodicSmoothGradient.SmoothPeriodicTest' depends on axioms: [propext, Classical.choice, Quot.sound]
'SharpWasserstein.PeriodicSmoothGradient.testCompactification' depends on axioms: [propext,
 Classical.choice,
 Quot.sound]
'SharpWasserstein.PeriodicSmoothGradient.periodicGradientMap' depends on axioms: [propext, Classical.choice, Quot.sound]
'SharpWasserstein.PeriodicSmoothGradient.periodicSpace_eq_smoothGradientClosure' depends on axioms: [propext,
 Classical.choice,
 Quot.sound]
'SharpWasserstein.PeriodicSmoothGradient.partialTest' depends on axioms: [propext, Classical.choice, Quot.sound]
'SharpWasserstein.PeriodicSmoothGradient.optimizer_smooth_equation' depends on axioms: [propext,
 Classical.choice,
 Quot.sound]
'SharpWasserstein.PeriodicSourceConvolution.action' depends on axioms: [propext, Classical.choice, Quot.sound]
'SharpWasserstein.PeriodicSourceConvolution.action_of_mem' depends on axioms: [propext, Classical.choice, Quot.sound]
'SharpWasserstein.PeriodicSourceConvolution.action_eq_randomFlux' depends on axioms: [propext,
 Classical.choice,
 Quot.sound]
'SharpWasserstein.PeriodicSourceConvolution.norm_action_le' depends on axioms: [propext, Classical.choice, Quot.sound]
'SharpWasserstein.PeriodicSourceConvolution.action_interval_eq' depends on axioms: [propext,
 Classical.choice,
 Quot.sound]
'SharpWasserstein.PeriodicSourceConvolution.action_sub_norm_le' depends on axioms: [propext,
 Classical.choice,
 Quot.sound]
'SharpWasserstein.PeriodicSourceConvolution.action_clamped' depends on axioms: [propext, Classical.choice, Quot.sound]
'SharpWasserstein.PeriodicSourceConvolution.action_continuous_param_all_time' depends on axioms: [propext,
 Classical.choice,
 Quot.sound]
'SharpWasserstein.PeriodicSourceConvolution.actionBCF' depends on axioms: [propext, Classical.choice, Quot.sound]
'SharpWasserstein.PeriodicSourceConvolution.actionBCF_apply' depends on axioms: [propext, Classical.choice, Quot.sound]
'SharpWasserstein.PeriodicSourceConvolution.actionBCF_hasDerivWithinAt' depends on axioms: [propext,
 Classical.choice,
 Quot.sound]
'SharpWasserstein.PeriodicSourceConvolution.actionBCF_hasDerivAt' depends on axioms: [propext,
 Classical.choice,
 Quot.sound]
'SharpWasserstein.PeriodicSourceConvolution.pointKernelTest' depends on axioms: [propext, Classical.choice, Quot.sound]
'SharpWasserstein.PeriodicSourceConvolution.pointKernelTest_joint_smooth' depends on axioms: [propext,
 Classical.choice,
 Quot.sound]
'SharpWasserstein.PeriodicSourceConvolution.pointKernelTest_uniform' depends on axioms: [propext,
 Classical.choice,
 Quot.sound]
'SharpWasserstein.PeriodicSourceConvolution.convolvedSourceBCF' depends on axioms: [propext,
 Classical.choice,
 Quot.sound]
'SharpWasserstein.PeriodicSourceConvolution.convolvedSourceDerivativeBCF' depends on axioms: [propext,
 Classical.choice,
 Quot.sound]
'SharpWasserstein.PeriodicSourceConvolution.convolvedSourceBCF_apply' depends on axioms: [propext,
 Classical.choice,
 Quot.sound]
'SharpWasserstein.PeriodicSourceConvolution.convolvedSourceBCF_hasDerivWithinAt' depends on axioms: [propext,
 Classical.choice,
 Quot.sound]
'SharpWasserstein.PeriodicSourceConvolution.convolvedSourceBCF_hasDerivAt' depends on axioms: [propext,
 Classical.choice,
 Quot.sound]
'SharpWasserstein.PeriodicSourceConvolution.cubeIntegral' depends on axioms: [propext, Classical.choice, Quot.sound]
'SharpWasserstein.PeriodicSourceConvolution.cubeIntegral_apply' depends on axioms: [propext,
 Classical.choice,
 Quot.sound]
'SharpWasserstein.PeriodicSourceConvolution.convolvedFunctional' depends on axioms: [propext,
 Classical.choice,
 Quot.sound]
'SharpWasserstein.PeriodicSourceConvolution.convolvedFunctionalDerivative' depends on axioms: [propext,
 Classical.choice,
 Quot.sound]
'SharpWasserstein.PeriodicSourceConvolution.convolvedFunctional_periodicGradient' depends on axioms: [propext,
 Classical.choice,
 Quot.sound]
'SharpWasserstein.PeriodicSourceConvolution.convolvedFunctional_hasDerivWithinAt' depends on axioms: [propext,
 Classical.choice,
 Quot.sound]
'SharpWasserstein.PeriodicSourceConvolution.convolvedFunctional_hasDerivAt' depends on axioms: [propext,
 Classical.choice,
 Quot.sound]
'SharpWasserstein.PeriodicSourceConvolution.convolvedSourceDerivativeBCF_integral_eq_zero' depends on axioms: [propext,
 Classical.choice,
 Quot.sound]
'SharpWasserstein.PeriodicSourceConvolution.convolvedFunctionalDerivative_periodicGradient' depends on axioms: [propext,
 Classical.choice,
 Quot.sound]
'SharpWasserstein.PeriodicSourceConvolution.sourceFunctional' depends on axioms: [propext, Classical.choice, Quot.sound]
'SharpWasserstein.PeriodicSourceConvolution.sourceFunctional_apply' depends on axioms: [propext,
 Classical.choice,
 Quot.sound]
'SharpWasserstein.PeriodicSourceConvolution.sourceFunctional_periodicGradient' depends on axioms: [propext,
 Classical.choice,
 Quot.sound]
'SharpWasserstein.PeriodicSourceConvolution.sourceFunctional_periodicGradient_of_mean_zero' depends on axioms: [propext,
 Classical.choice,
 Quot.sound]
'SharpWasserstein.PeriodicSourceConvolution.projectedPotential_norm_le' depends on axioms: [propext,
 Classical.choice,
 Quot.sound]
'SharpWasserstein.PeriodicSourceConvolution.sourceFunctional_norm_le' depends on axioms: [propext,
 Classical.choice,
 Quot.sound]
'SharpWasserstein.PeriodicSourceConvolution.sourceFunctional_hasDerivAt' depends on axioms: [propext,
 Classical.choice,
 Quot.sound]
'SharpWasserstein.PeriodicSourceConvolution.sourceFunctional_hasDerivWithinAt' depends on axioms: [propext,
 Classical.choice,
 Quot.sound]
'SharpWasserstein.NoiseAverage.AllDerivativesBounded.clm_apply' depends on axioms: [propext,
 Classical.choice,
 Quot.sound]
'SharpWasserstein.PeriodicSourceConvolution.coordinateDerivative_smooth' depends on axioms: [propext,
 Classical.choice,
 Quot.sound]
'SharpWasserstein.PeriodicSourceConvolution.coordinateDerivative_bounded' depends on axioms: [propext,
 Classical.choice,
 Quot.sound]
'SharpWasserstein.PeriodicSourceConvolution.generator_smooth' depends on axioms: [propext, Classical.choice, Quot.sound]
'SharpWasserstein.PeriodicSourceConvolution.generator_bounded' depends on axioms: [propext,
 Classical.choice,
 Quot.sound]
'SharpWasserstein.PeriodicSourceConvolution.euclideanGenerator_smooth' depends on axioms: [propext,
 Classical.choice,
 Quot.sound]
'SharpWasserstein.PeriodicSourceConvolution.euclideanGenerator_bounded' depends on axioms: [propext,
 Classical.choice,
 Quot.sound]
'SharpWasserstein.PeriodicSourceConvolution.joint_fderiv_eq' depends on axioms: [propext, Classical.choice, Quot.sound]
'SharpWasserstein.PeriodicSourceConvolution.joint_fderiv_bounded' depends on axioms: [propext,
 Classical.choice,
 Quot.sound]
'SharpWasserstein.PeriodicSourceConvolution.joint_euclideanKernelTest_bounded' depends on axioms: [propext,
 Classical.choice,
 Quot.sound]
'SharpWasserstein.PeriodicSourceConvolution.joint_coordinateDerivative_bounded' depends on axioms: [propext,
 Classical.choice,
 Quot.sound]
'SharpWasserstein.PeriodicSourceConvolution.joint_generator_bounded' depends on axioms: [propext,
 Classical.choice,
 Quot.sound]
'SharpWasserstein.PeriodicSourceConvolution.joint_euclideanGenerator_bounded' depends on axioms: [propext,
 Classical.choice,
 Quot.sound]
'SharpWasserstein.PeriodicSourceConvolution.integral_kernel_fderiv_eq_zero' depends on axioms: [propext,
 Classical.choice,
 Quot.sound]
'SharpWasserstein.PeriodicSourceConvolution.integral_random_kernel_fderiv_eq_zero' depends on axioms: [propext,
 Classical.choice,
 Quot.sound]
'SharpWasserstein.PeriodicSourceConvolution.convolvedSource_integral_eq_zero' depends on axioms: [propext,
 Classical.choice,
 Quot.sound]
'SharpWasserstein.PeriodicSourceConvolution.convolvedSourceBCF_integral_eq_zero' depends on axioms: [propext,
 Classical.choice,
 Quot.sound]
'SharpWasserstein.PeriodicSourceConvolution.uniform_action_bound' depends on axioms: [propext,
 Classical.choice,
 Quot.sound]
'SharpWasserstein.PeriodicSourceConvolution.uniform_action_increment' depends on axioms: [propext,
 Classical.choice,
 Quot.sound]
'SharpWasserstein.PeriodicSourceConvolution.uniform_action_remainder' depends on axioms: [propext,
 Classical.choice,
 Quot.sound]
'SharpWasserstein.PeriodicSourceConvolution.coefficient_hasSum_sq' depends on axioms: [propext,
 Classical.choice,
 Quot.sound]
'SharpWasserstein.PeriodicSourceConvolution.coefficient_zero' depends on axioms: [propext, Classical.choice, Quot.sound]
'SharpWasserstein.PeriodicSourceConvolution.frequency_gap' depends on axioms: [propext, Classical.choice, Quot.sound]
'SharpWasserstein.PeriodicSourceConvolution.periodic_poincare_sq' depends on axioms: [propext,
 Classical.choice,
 Quot.sound]
'SharpWasserstein.PeriodicSourceConvolution.periodic_poincare_centered_sq' depends on axioms: [propext,
 Classical.choice,
 Quot.sound]
'SharpWasserstein.PeriodicSourceConvolution.centerTest' depends on axioms: [propext, Classical.choice, Quot.sound]
'SharpWasserstein.PeriodicSourceConvolution.centeredValue' depends on axioms: [propext, Classical.choice, Quot.sound]
'SharpWasserstein.PeriodicSourceConvolution.gradientToPeriodic' depends on axioms: [propext,
 Classical.choice,
 Quot.sound]
'SharpWasserstein.PeriodicSourceConvolution.gradientToPeriodic_dense' depends on axioms: [propext,
 Classical.choice,
 Quot.sound]
'SharpWasserstein.PeriodicSourceConvolution.value_norm_sq' depends on axioms: [propext, Classical.choice, Quot.sound]
'SharpWasserstein.PeriodicSourceConvolution.gradientToPeriodic_norm_sq' depends on axioms: [propext,
 Classical.choice,
 Quot.sound]
'SharpWasserstein.PeriodicSourceConvolution.centeredValue_norm_le' depends on axioms: [propext,
 Classical.choice,
 Quot.sound]
'SharpWasserstein.PeriodicSourceConvolution.periodicPotential' depends on axioms: [propext,
 Classical.choice,
 Quot.sound]
'SharpWasserstein.PeriodicSourceConvolution.periodicPotential_gradient' depends on axioms: [propext,
 Classical.choice,
 Quot.sound]
'SharpWasserstein.PeriodicSourceConvolution.periodicPotential_norm_le' depends on axioms: [propext,
 Classical.choice,
 Quot.sound]
'SharpWasserstein.PeriodicSourceConvolution.projectedPotential' depends on axioms: [propext,
 Classical.choice,
 Quot.sound]
'SharpWasserstein.PeriodicSourceConvolution.projectedPotential_gradient' depends on axioms: [propext,
 Classical.choice,
 Quot.sound]
'SharpWasserstein.PeriodicSourceConvolution.brownian_primal_bounded' depends on axioms: [propext,
 Classical.choice,
 Quot.sound]
'SharpWasserstein.PeriodicSourceConvolution.euclidean_brownian_primal_bounded' depends on axioms: [propext,
 Classical.choice,
 Quot.sound]
'SharpWasserstein.PeriodicSourceConvolution.action_smooth_param' depends on axioms: [propext,
 Classical.choice,
 Quot.sound]
'SharpWasserstein.PeriodicSourceConvolution.convolvedSource_smooth' depends on axioms: [propext,
 Classical.choice,
 Quot.sound]
'SharpWasserstein.PeriodicSourceConvolution.convolvedSource_periodic' depends on axioms: [propext,
 Classical.choice,
 Quot.sound]
'SharpWasserstein.PeriodicSourceConvolution.convolvedSource_allDerivativesBounded' depends on axioms: [propext,
 Classical.choice,
 Quot.sound]
'SharpWasserstein.PeriodicSourceConvolution.convolvedSourceTimeDerivative' depends on axioms: [propext,
 Classical.choice,
 Quot.sound]
'SharpWasserstein.PeriodicSourceConvolution.convolvedSourceTimeDerivative_smooth' depends on axioms: [propext,
 Classical.choice,
 Quot.sound]
'SharpWasserstein.PeriodicSourceConvolution.convolvedSourceTimeDerivative_periodic' depends on axioms: [propext,
 Classical.choice,
 Quot.sound]
'SharpWasserstein.PeriodicSourceConvolution.convolvedSourceTimeDerivative_allDerivativesBounded' depends on axioms: [propext,
 Classical.choice,
 Quot.sound]
'SharpWasserstein.PeriodicSourceConvolution.convolvedSourceDerivativeBCF_apply' depends on axioms: [propext,
 Classical.choice,
 Quot.sound]
'SharpWasserstein.PeriodicSourceConvolution.joint_fderiv' depends on axioms: [propext, Classical.choice, Quot.sound]
'SharpWasserstein.PeriodicSourceConvolution.joint_coordinateDerivative' depends on axioms: [propext,
 Classical.choice,
 Quot.sound]
'SharpWasserstein.PeriodicSourceConvolution.joint_generator' depends on axioms: [propext, Classical.choice, Quot.sound]
'SharpWasserstein.PeriodicSourceConvolution.joint_euclideanGenerator' depends on axioms: [propext,
 Classical.choice,
 Quot.sound]
'SharpWasserstein.PeriodicSourceConvolution.joint_euclideanKernelTest' depends on axioms: [propext,
 Classical.choice,
 Quot.sound]
'SharpWasserstein.PeriodicSourceConvolution.action_continuous_param' depends on axioms: [propext,
 Classical.choice,
 Quot.sound]
'SharpWasserstein.PeriodicSourceConvolution.euclideanKernelTest' depends on axioms: [propext,
 Classical.choice,
 Quot.sound]
'SharpWasserstein.PeriodicSourceConvolution.euclideanKernelTest_smooth' depends on axioms: [propext,
 Classical.choice,
 Quot.sound]
'SharpWasserstein.PeriodicSourceConvolution.euclideanKernelTest_bounded' depends on axioms: [propext,
 Classical.choice,
 Quot.sound]
'SharpWasserstein.PeriodicSourceConvolution.fderiv_euclideanKernelTest' depends on axioms: [propext,
 Classical.choice,
 Quot.sound]
'SharpWasserstein.PeriodicSourceConvolution.brownian_action_equation' depends on axioms: [propext,
 Classical.choice,
 Quot.sound]
'SharpWasserstein.PeriodicSourceConvolution.brownian_action_lipschitzOn' depends on axioms: [propext,
 Classical.choice,
 Quot.sound]
'SharpWasserstein.PeriodicSourceConvolution.brownian_action_hasDerivWithinAt' depends on axioms: [propext,
 Classical.choice,
 Quot.sound]
'SharpWasserstein.PeriodicSourceConvolution.brownian_action_hasDerivAt' depends on axioms: [propext,
 Classical.choice,
 Quot.sound]
'SharpWasserstein.PeriodicSourceConvolution.convolvedSource' depends on axioms: [propext, Classical.choice, Quot.sound]
'SharpWasserstein.PeriodicSourceConvolution.convolvedSource_eq_randomFlux' depends on axioms: [propext,
 Classical.choice,
 Quot.sound]
'SharpWasserstein.PeriodicSourceConvolution.convolvedSource_hasDerivWithinAt' depends on axioms: [propext,
 Classical.choice,
 Quot.sound]
'SharpWasserstein.PeriodicSourceConvolution.convolvedSource_hasDerivAt' depends on axioms: [propext,
 Classical.choice,
 Quot.sound]
'SharpWasserstein.PeriodicSourceConvolution.UniformDerivatives' depends on axioms: [propext,
 Classical.choice,
 Quot.sound]
'SharpWasserstein.PeriodicSourceConvolution.UniformDerivatives.at' depends on axioms: [propext,
 Classical.choice,
 Quot.sound]
'SharpWasserstein.PeriodicSourceConvolution.UniformDerivatives.bounded' depends on axioms: [propext,
 Classical.choice,
 Quot.sound]
'SharpWasserstein.PeriodicSourceConvolution.UniformDerivatives.fderiv' depends on axioms: [propext,
 Classical.choice,
 Quot.sound]
'SharpWasserstein.PeriodicSourceConvolution.UniformDerivatives.add' depends on axioms: [propext,
 Classical.choice,
 Quot.sound]
'SharpWasserstein.PeriodicSourceConvolution.uniform_const' depends on axioms: [propext, Classical.choice, Quot.sound]
'SharpWasserstein.PeriodicSourceConvolution.UniformDerivatives.sum' depends on axioms: [propext,
 Classical.choice,
 Quot.sound]
'SharpWasserstein.PeriodicSourceConvolution.UniformDerivatives.clm_apply' depends on axioms: [propext,
 Classical.choice,
 Quot.sound]
'SharpWasserstein.PeriodicSourceConvolution.UniformDerivatives.comp_linear' depends on axioms: [propext,
 Classical.choice,
 Quot.sound]
'SharpWasserstein.PeriodicSourceConvolution.euclideanKernelTest_uniform' depends on axioms: [propext,
 Classical.choice,
 Quot.sound]
'SharpWasserstein.PeriodicSourceConvolution.uniform_coordinateDerivative' depends on axioms: [propext,
 Classical.choice,
 Quot.sound]
'SharpWasserstein.PeriodicSourceConvolution.uniform_generator' depends on axioms: [propext,
 Classical.choice,
 Quot.sound]
'SharpWasserstein.PeriodicSourceConvolution.uniform_euclideanGenerator' depends on axioms: [propext,
 Classical.choice,
 Quot.sound]
'SharpWasserstein.PeriodicTestL2.scalarTestLp' depends on axioms: [propext, Classical.choice, Quot.sound]
'SharpWasserstein.PeriodicTestL2.scalarTestLp_ae' depends on axioms: [propext, Classical.choice, Quot.sound]
'SharpWasserstein.PeriodicTestL2.scalarTestLpLinear' depends on axioms: [propext, Classical.choice, Quot.sound]
'SharpWasserstein.PeriodicTestL2.value' depends on axioms: [propext, Classical.choice, Quot.sound]
'SharpWasserstein.PeriodicTestL2.partialLinear' depends on axioms: [propext, Classical.choice, Quot.sound]
'SharpWasserstein.PeriodicTestL2.derivative' depends on axioms: [propext, Classical.choice, Quot.sound]
'SharpWasserstein.PeriodicTestL2.coordinate' depends on axioms: [propext, Classical.choice, Quot.sound]
'SharpWasserstein.PeriodicTestL2.coordinate_apply' depends on axioms: [propext, Classical.choice, Quot.sound]
'SharpWasserstein.PeriodicTestL2.component' depends on axioms: [propext, Classical.choice, Quot.sound]
'SharpWasserstein.PeriodicTestL2.component_ae' depends on axioms: [propext, Classical.choice, Quot.sound]
'SharpWasserstein.PeriodicTestL2.coordinate_norm_le_one' depends on axioms: [propext, Classical.choice, Quot.sound]
'SharpWasserstein.PeriodicTestL2.component_norm_le' depends on axioms: [propext, Classical.choice, Quot.sound]
'SharpWasserstein.PeriodicTestL2.compactTest_value_on_cube' depends on axioms: [propext, Classical.choice, Quot.sound]
'SharpWasserstein.PeriodicTestL2.inner_component_testGradient_scalarTestLp' depends on axioms: [propext,
 Classical.choice,
 Quot.sound]
'SharpWasserstein.PeriodicTestL2.inner_component_gradient_value' depends on axioms: [propext,
 Classical.choice,
 Quot.sound]
'SharpWasserstein.PeriodicTestL2.inner_component_hessian_value' depends on axioms: [propext,
 Classical.choice,
 Quot.sound]
'SharpWasserstein.PeriodicTestL2.hessian_component_weak_equation' depends on axioms: [propext,
 Classical.choice,
 Quot.sound]
'SharpWasserstein.PeriodicTestL2.inner_value' depends on axioms: [propext, Classical.choice, Quot.sound]
'SharpWasserstein.PeriodicTestL2.inner_component_value' depends on axioms: [propext, Classical.choice, Quot.sound]
'SharpWasserstein.PeriodicTorusBridge.toTorus' depends on axioms: [propext, Classical.choice, Quot.sound]
'SharpWasserstein.PeriodicTorusBridge.haar' depends on axioms: [propext, Classical.choice, Quot.sound]
'SharpWasserstein.PeriodicTorusBridge.unitCircle_volume_eq_haar' depends on axioms: [propext,
 Classical.choice,
 Quot.sound]
'SharpWasserstein.PeriodicTorusBridge.torus_volume_eq_haar' depends on axioms: [propext, Classical.choice, Quot.sound]
'SharpWasserstein.PeriodicTorusBridge.toTorus_openQuotient' depends on axioms: [propext, Classical.choice, Quot.sound]
'SharpWasserstein.PeriodicTorusBridge.toTorus_continuous' depends on axioms: [propext, Classical.choice, Quot.sound]
'SharpWasserstein.PeriodicTorusBridge.toTorus_surjective' depends on axioms: [propext, Classical.choice, Quot.sound]
'SharpWasserstein.PeriodicTorusBridge.measurePreserving_toTorus' depends on axioms: [propext,
 Classical.choice,
 Quot.sound]
'SharpWasserstein.PeriodicTorusBridge.integral_toTorus' depends on axioms: [propext, Classical.choice, Quot.sound]
'SharpWasserstein.PeriodicTorusBridge.periodic_integer_shift' depends on axioms: [propext, Classical.choice, Quot.sound]
'SharpWasserstein.PeriodicTorusBridge.periodic_eq_of_toTorus_eq' depends on axioms: [propext,
 Classical.choice,
 Quot.sound]
'SharpWasserstein.PeriodicTorusBridge.lift' depends on axioms: [propext, Classical.choice, Quot.sound]
'SharpWasserstein.PeriodicTorusBridge.lift_toTorus' depends on axioms: [propext, Classical.choice, Quot.sound]
'SharpWasserstein.PeriodicTorusBridge.lift_continuous' depends on axioms: [propext, Classical.choice, Quot.sound]
'SharpWasserstein.PeriodicTorusBridge.continuousLift' depends on axioms: [propext, Classical.choice, Quot.sound]
'SharpWasserstein.PeriodicTorusBridge.complexLift' depends on axioms: [propext, Classical.choice, Quot.sound]
'SharpWasserstein.PeriodicTorusBridge.complexLift_toTorus' depends on axioms: [propext, Classical.choice, Quot.sound]
'SharpWasserstein.PeriodicTorusBridge.integral_lift' depends on axioms: [propext, Classical.choice, Quot.sound]
'SharpWasserstein.PeriodicTorusBridge.mFourier_toTorus' depends on axioms: [propext, Classical.choice, Quot.sound]
'SharpWasserstein.PeriodicTorusBridge.mFourier_toTorus_cosine_sine' depends on axioms: [propext,
 Classical.choice,
 Quot.sound]
'SharpWasserstein.PeriodicTorusBridge.mFourierCoeff_lift' depends on axioms: [propext, Classical.choice, Quot.sound]
'SharpWasserstein.PeriodicTorusBridge.mFourierCoeff_complexLift' depends on axioms: [propext,
 Classical.choice,
 Quot.sound]
'SharpWasserstein.PeriodicWeakHessian.regularityBound' depends on axioms: [propext, Classical.choice, Quot.sound]
'SharpWasserstein.PeriodicWeakHessian.regularityBound_nonneg' depends on axioms: [propext, Classical.choice, Quot.sound]
'SharpWasserstein.PeriodicWeakHessian.exists_optimizer_hessianEntry' depends on axioms: [propext,
 Classical.choice,
 Quot.sound]
'SharpWasserstein.PeriodicWeakHessian.exists_optimizer_hessianEntry_integral' depends on axioms: [propext,
 Classical.choice,
 Quot.sound]
'SharpWasserstein.WeightedPeriodicFourierPhysical.physicalPotential_allDerivativesBounded' depends on axioms: [propext,
 Classical.choice,
 Quot.sound]
'SharpWasserstein.WeightedPeriodicFourierPhysical.physicalAtom_laplacian' depends on axioms: [propext,
 Classical.choice,
 Quot.sound]
'SharpWasserstein.WeightedPeriodicFourierPhysical.physicalAtom_eigenvalue_nonneg' depends on axioms: [propext,
 Classical.choice,
 Quot.sound]
'SharpWasserstein.PhysicalFourierTrialExternal.integral_external_trial_le' depends on axioms: [propext,
 Classical.choice,
 Quot.sound]
'SharpWasserstein.PhysicalFourierTrialHierarchy.finite_hierarchy_le' depends on axioms: [propext,
 Classical.choice,
 Quot.sound]
'SharpWasserstein.PhysicalFourierTrialHierarchy.finite_terminal_le' depends on axioms: [propext,
 Classical.choice,
 Quot.sound]
'SharpWasserstein.PhysicalFourierTrialMarginal.trial_mem_periodic' depends on axioms: [propext,
 Classical.choice,
 Quot.sound]
'SharpWasserstein.PhysicalFourierTrialMarginal.trial_representative_pairing' depends on axioms: [propext,
 Classical.choice,
 Quot.sound]
'SharpWasserstein.PhysicalFourierTrialMarginal.trial_fluctuation_norm_sq' depends on axioms: [propext,
 Classical.choice,
 Quot.sound]
'SharpWasserstein.PhysicalFourierTrialMarginal.trial_fluctuation_integral' depends on axioms: [propext,
 Classical.choice,
 Quot.sound]
'SharpWasserstein.PhysicalGeneratorPeriodicity.directionDeriv_periodic' depends on axioms: [propext,
 Classical.choice,
 Quot.sound]
'SharpWasserstein.PhysicalGeneratorPeriodicity.laplacian_periodic' depends on axioms: [propext,
 Classical.choice,
 Quot.sound]
'SharpWasserstein.PhysicalGeneratorPeriodicity.generator_periodic' depends on axioms: [propext,
 Classical.choice,
 Quot.sound]
'SharpWasserstein.PointwiseTrajectory.norm_toLp_two_eq_sqrt' depends on axioms: [propext, Classical.choice, Quot.sound]
'SharpWasserstein.PointwiseTrajectory.integral_norm_mul_le' depends on axioms: [propext, Classical.choice, Quot.sound]
'SharpWasserstein.PointwiseTrajectory.integrable_inner_of_memLp' depends on axioms: [propext,
 Classical.choice,
 Quot.sound]
'SharpWasserstein.PointwiseTrajectory.integral_norm_inner_le' depends on axioms: [propext, Classical.choice, Quot.sound]
'SharpWasserstein.PointwiseTrajectory.integrable_inner_product' depends on axioms: [propext,
 Classical.choice,
 Quot.sound]
'SharpWasserstein.PointwiseTrajectory.integral_norm_le_l2norm' depends on axioms: [propext,
 Classical.choice,
 Quot.sound]
'SharpWasserstein.PointwiseTrajectory.integrable_product_of_l1_l2' depends on axioms: [propext,
 Classical.choice,
 Quot.sound]
'SharpWasserstein.PointwiseTrajectory.toLp_eq_integral_of_pointwise' depends on axioms: [propext,
 Classical.choice,
 Quot.sound]
'SharpWasserstein.PointwiseTrajectory.toLp_sub_eq_intervalIntegral' depends on axioms: [propext,
 Classical.choice,
 Quot.sound]
'SharpWasserstein.PointwiseTrajectory.continuousOn_toLp_of_pointwise_integrals' depends on axioms: [propext,
 Classical.choice,
 Quot.sound]
'SharpWasserstein.PointwiseTrajectory.pointwise_integral_equation_of_derivative' depends on axioms: [propext,
 Classical.choice,
 Quot.sound]
'SharpWasserstein.wasserstein_length_of_pointwise_integral' depends on axioms: [propext, Classical.choice, Quot.sound]
'SharpWasserstein.wassersteinSq_of_pointwise_integral' depends on axioms: [propext, Classical.choice, Quot.sound]
'SharpWasserstein.wassersteinSq_of_pointwise_derivative' depends on axioms: [propext, Classical.choice, Quot.sound]
'SharpWasserstein.PrescribedDecoupledTransport.coefficient' depends on axioms: [propext, Classical.choice, Quot.sound]
'SharpWasserstein.PrescribedDecoupledTransport.coefficient_nonneg' depends on axioms: [propext,
 Classical.choice,
 Quot.sound]
'SharpWasserstein.PrescribedDecoupledTransport.initial_le_coefficient' depends on axioms: [propext,
 Classical.choice,
 Quot.sound]
'SharpWasserstein.PrescribedDecoupledTransport.marginal_wassersteinSq_le' depends on axioms: [propext,
 Classical.choice,
 Quot.sound]
'SharpWasserstein.PrescribedDecoupledTransport.marginal_profile_uniform' depends on axioms: [propext,
 Classical.choice,
 Quot.sound]
'SharpWasserstein.euclideanDrift_lipschitz_of_sup' depends on axioms: [propext, Classical.choice, Quot.sound]
'SharpWasserstein.PrescribedReference.singleBrownianLaw_eq_supplied' depends on axioms: [propext,
 Classical.choice,
 Quot.sound]
'SharpWasserstein.PrescribedReference.marginal_klDiv_le_initial_profile' depends on axioms: [propext,
 Classical.choice,
 Quot.sound]
'SharpWasserstein.WeakEvolution.congr_nonnegDrift' depends on axioms: [propext, Classical.choice, Quot.sound]
'SharpWasserstein.IsLimitEvolution.probabilityCurve' depends on axioms: [propext, Classical.choice, Quot.sound]
'SharpWasserstein.IsLimitEvolution.continuous_probabilityCurve' depends on axioms: [propext,
 Classical.choice,
 Quot.sound]
'SharpWasserstein.IsLimitEvolution.initial_integrable_positionSq' depends on axioms: [propext,
 Classical.choice,
 Quot.sound]
'SharpWasserstein.PrescribedReference.singleDrift' depends on axioms: [propext, Classical.choice, Quot.sound]
'SharpWasserstein.PrescribedReference.singleDrift_continuous' depends on axioms: [propext, Classical.choice, Quot.sound]
'SharpWasserstein.PrescribedReference.singleDrift_bound' depends on axioms: [propext, Classical.choice, Quot.sound]
'SharpWasserstein.PrescribedReference.singleDrift_lipschitz' depends on axioms: [propext, Classical.choice, Quot.sound]
'SharpWasserstein.PrescribedReference.law' depends on axioms: [propext, Classical.choice, Quot.sound]
'SharpWasserstein.PrescribedReference.law_initial' depends on axioms: [propext, Classical.choice, Quot.sound]
'SharpWasserstein.PrescribedReference.law_weakEvolution' depends on axioms: [propext, Classical.choice, Quot.sound]
'SharpWasserstein.PrescribedReference.tensor_initial_weakEvolution' depends on axioms: [propext,
 Classical.choice,
 Quot.sound]
'SharpWasserstein.PrescribedReference.law_eq_decoupled' depends on axioms: [propext, Classical.choice, Quot.sound]
'SharpWasserstein.PrescribedReference.law_tensor' depends on axioms: [propext, Classical.choice, Quot.sound]
'SharpWasserstein.SwitchSourceDerivative.prescribedBrownianSource_lawAt' depends on axioms: [propext,
 Classical.choice,
 Quot.sound]
'SharpWasserstein.SwitchSourceDerivative.prescribedBrownianSource_finite' depends on axioms: [propext,
 Classical.choice,
 Quot.sound]
'SharpWasserstein.SwitchSourceDerivative.prescribedCurrent_memLp' depends on axioms: [propext,
 Classical.choice,
 Quot.sound]
'SharpWasserstein.SwitchSourceDerivative.prescribedBrownianSource' depends on axioms: [propext,
 Classical.choice,
 Quot.sound]
'SharpWasserstein.SwitchSourceDerivative.prescribedBrownianSource_pairing' depends on axioms: [propext,
 Classical.choice,
 Quot.sound]
'SharpWasserstein.SwitchSourceDerivative.prescribedMarginalCommonLabel' depends on axioms: [propext,
 Classical.choice,
 Quot.sound]
'SharpWasserstein.SwitchSourceDerivative.prescribedEuclideanCurve' depends on axioms: [propext,
 Classical.choice,
 Quot.sound]
'SharpWasserstein.SwitchSourceDerivative.prescribedEuclideanCurve_continuous' depends on axioms: [propext,
 Classical.choice,
 Quot.sound]
'SharpWasserstein.SwitchSourceDerivative.prescribedBrownianSource_clamped_pairing' depends on axioms: [propext,
 Classical.choice,
 Quot.sound]
'SharpWasserstein.SwitchSourceDerivative.prescribedBrownianSource_continuous' depends on axioms: [propext,
 Classical.choice,
 Quot.sound]
'SharpWasserstein.SwitchSourceDerivative.prescribedEuclideanCurve_sub_eq_integral' depends on axioms: [propext,
 Classical.choice,
 Quot.sound]
'SharpWasserstein.SwitchSourceDerivative.prescribed_compactDistributionContinuity' depends on axioms: [propext,
 Classical.choice,
 Quot.sound]
'SharpWasserstein.WassersteinEndpoint.switch_zero_eq_supplied' depends on axioms: [propext,
 Classical.choice,
 Quot.sound]
'SharpWasserstein.WassersteinEndpoint.bound_of_switch_length' depends on axioms: [propext, Classical.choice, Quot.sound]
'SharpWasserstein.WassersteinEndpoint.bound_of_local_switch_length' depends on axioms: [propext,
 Classical.choice,
 Quot.sound]
'SharpWasserstein.WassersteinEndpoint.propagatedHierarchy_of_switch_lengths' depends on axioms: [propext,
 Classical.choice,
 Quot.sound]
'SharpWasserstein.SwitchSourceDerivative.prescribedMarginalSource_finite' depends on axioms: [propext,
 Classical.choice,
 Quot.sound]
'SharpWasserstein.SwitchSourceDerivative.prescribedMarginalCurve_energy_le' depends on axioms: [propext,
 Classical.choice,
 Quot.sound]
'SharpWasserstein.SwitchSourceDerivative.prescribedMarginalCurve_testObjective_le' depends on axioms: [propext,
 Classical.choice,
 Quot.sound]
'SharpWasserstein.SwitchSourceDerivative.prescribedMetricCurve_length_of_finiteAction' depends on axioms: [propext,
 Classical.choice,
 Quot.sound]
'SharpWasserstein.SwitchSourceDerivative.prescribed_switch_length_of_finiteAction' depends on axioms: [propext,
 Classical.choice,
 Quot.sound]
'SharpWasserstein.SwitchSourceDerivative.canonical_pairing_measure_congr' depends on axioms: [propext,
 Classical.choice,
 Quot.sound]
'SharpWasserstein.SwitchSourceDerivative.prescribedSourcePairing_eq_canonical_pairing' depends on axioms: [propext,
 Classical.choice,
 Quot.sound]
'SharpWasserstein.SwitchSourceDerivative.prescribedMarginalSource' depends on axioms: [propext,
 Classical.choice,
 Quot.sound]
'SharpWasserstein.SwitchSourceDerivative.prescribedMarginalSource_eq' depends on axioms: [propext,
 Classical.choice,
 Quot.sound]
'SharpWasserstein.SwitchSourceDerivative.prescribedMarginalSource_pairing' depends on axioms: [propext,
 Classical.choice,
 Quot.sound]
'SharpWasserstein.PropagatedSourceEquation.Brownian.action_configuration_pairing' depends on axioms: [propext,
 Classical.choice,
 Quot.sound]
'SharpWasserstein.SwitchSourceDerivative.prescribedSourcePairing_eq_action' depends on axioms: [propext,
 Classical.choice,
 Quot.sound]
'SharpWasserstein.SwitchSourceDerivative.prescribedMarginalCurve' depends on axioms: [propext,
 Classical.choice,
 Quot.sound]
'SharpWasserstein.SwitchSourceDerivative.prescribedMarginalCurve_continuous' depends on axioms: [propext,
 Classical.choice,
 Quot.sound]
'SharpWasserstein.SwitchSourceDerivative.prescribedMarginalCurve_coe' depends on axioms: [propext,
 Classical.choice,
 Quot.sound]
'SharpWasserstein.SwitchSourceDerivative.marginal_configuration_test_bounds' depends on axioms: [propext,
 Classical.choice,
 Quot.sound]
'SharpWasserstein.SwitchSourceDerivative.prescribedMarginalSource_clamped_pairing' depends on axioms: [propext,
 Classical.choice,
 Quot.sound]
'SharpWasserstein.SwitchSourceDerivative.prescribedMarginalSource_continuous' depends on axioms: [propext,
 Classical.choice,
 Quot.sound]
'SharpWasserstein.SwitchSourceDerivative.prescribedMarginalCurve_integral' depends on axioms: [propext,
 Classical.choice,
 Quot.sound]
'SharpWasserstein.SwitchSourceDerivative.prescribedMarginalCurve_sub_eq_integral' depends on axioms: [propext,
 Classical.choice,
 Quot.sound]
'SharpWasserstein.SwitchSourceDerivative.prescribed_marginal_compactDistributionContinuity' depends on axioms: [propext,
 Classical.choice,
 Quot.sound]
'SharpWasserstein.SwitchSourceDerivative.prescribedMarginalMetricCurve' depends on axioms: [propext,
 Classical.choice,
 Quot.sound]
'SharpWasserstein.SwitchSourceDerivative.prescribedMarginalMetricCurve_continuous' depends on axioms: [propext,
 Classical.choice,
 Quot.sound]
'SharpWasserstein.SwitchSourceDerivative.prescribedMarginalMetricCurve_distance_sq' depends on axioms: [propext,
 Classical.choice,
 Quot.sound]
'SharpWasserstein.SwitchSourceDerivative.prescribedMarginalCurve_eq_metric' depends on axioms: [propext,
 Classical.choice,
 Quot.sound]
'SharpWasserstein.SwitchSourceDerivative.prescribedMarginalCurve_map_configuration' depends on axioms: [propext,
 Classical.choice,
 Quot.sound]
'SharpWasserstein.SwitchSourceDerivative.prescribedMarginalCurve_secondMoment' depends on axioms: [propext,
 Classical.choice,
 Quot.sound]
'SharpWasserstein.integral_nonneg_lipschitz_le_of_levyProkhorovEDist_lt' depends on axioms: [propext,
 Classical.choice,
 Quot.sound]
'SharpWasserstein.integral_lipschitz_sub_le_of_levyProkhorovEDist_lt' depends on axioms: [propext,
 Classical.choice,
 Quot.sound]
'SharpWasserstein.norm_integral_lipschitz_sub_le_of_levyProkhorovEDist_lt' depends on axioms: [propext,
 Classical.choice,
 Quot.sound]
'SharpWasserstein.continuous_integral_parameter_probability' depends on axioms: [propext, Classical.choice, Quot.sound]
'SharpWasserstein.ProbabilityDriftVariation.variation' depends on axioms: [propext, Classical.choice, Quot.sound]
'SharpWasserstein.ProbabilityDriftVariation.continuous_variation' depends on axioms: [propext,
 Classical.choice,
 Quot.sound]
'SharpWasserstein.ProbabilityDriftVariation.uniform_variation' depends on axioms: [propext,
 Classical.choice,
 Quot.sound]
'SharpWasserstein.continuous_probabilityCurve_uniform_lipschitz_tests' depends on axioms: [propext,
 Classical.choice,
 Quot.sound]
'SharpWasserstein.PropagatedFlux.mapPreserving' depends on axioms: [propext, Classical.choice, Quot.sound]
'SharpWasserstein.PropagatedFlux.pullback' depends on axioms: [propext, Classical.choice, Quot.sound]
'SharpWasserstein.PropagatedFlux.tangentFunctional' depends on axioms: [propext, Classical.choice, Quot.sound]
'SharpWasserstein.PropagatedFlux.tangentFunctional_norm_le' depends on axioms: [propext, Classical.choice, Quot.sound]
'SharpWasserstein.PropagatedFlux.source' depends on axioms: [propext, Classical.choice, Quot.sound]
'SharpWasserstein.PropagatedFlux.source_eq_inner' depends on axioms: [propext, Classical.choice, Quot.sound]
'SharpWasserstein.PropagatedFlux.source_apply' depends on axioms: [propext, Classical.choice, Quot.sound]
'SharpWasserstein.PropagatedFlux.testObjective_le' depends on axioms: [propext, Classical.choice, Quot.sound]
'SharpWasserstein.PropagatedFlux.source_finiteEnergy' depends on axioms: [propext, Classical.choice, Quot.sound]
'SharpWasserstein.PropagatedFlux.source_energy_le' depends on axioms: [propext, Classical.choice, Quot.sound]
'SharpWasserstein.PropagatedFlux.Flow.endpoint' depends on axioms: [propext, Classical.choice, Quot.sound]
'SharpWasserstein.PropagatedFlux.Flow.velocity' depends on axioms: [propext, Classical.choice, Quot.sound]
'SharpWasserstein.PropagatedFlux.Flow.endpoint_measurable' depends on axioms: [propext, Classical.choice, Quot.sound]
'SharpWasserstein.PropagatedFlux.Flow.velocity_memLp' depends on axioms: [propext, Classical.choice, Quot.sound]
'SharpWasserstein.PropagatedFlux.Flow.source' depends on axioms: [propext, Classical.choice, Quot.sound]
'SharpWasserstein.PropagatedFlux.Flow.source_apply' depends on axioms: [propext, Classical.choice, Quot.sound]
'SharpWasserstein.PropagatedFlux.Flow.source_eq_semigroup_pairing' depends on axioms: [propext,
 Classical.choice,
 Quot.sound]
'SharpWasserstein.PropagatedFlux.Flow.source_finiteEnergy' depends on axioms: [propext, Classical.choice, Quot.sound]
'SharpWasserstein.PropagatedFlux.Flow.source_energy_le' depends on axioms: [propext, Classical.choice, Quot.sound]
'SharpWasserstein.PropagatedFlux.Flow.distribution' depends on axioms: [propext, Classical.choice, Quot.sound]
'SharpWasserstein.PropagatedFlux.Flow.distribution_apply' depends on axioms: [propext, Classical.choice, Quot.sound]
'SharpWasserstein.PropagatedFlux.Flow.distribution_finiteEnergy_and_energy_le' depends on axioms: [propext,
 Classical.choice,
 Quot.sound]
'SharpWasserstein.PropagatedFlux.Flow.distribution_zero' depends on axioms: [propext, Classical.choice, Quot.sound]
'SharpWasserstein.PropagatedFlux.representative_pairing' depends on axioms: [propext, Classical.choice, Quot.sound]
'SharpWasserstein.PropagatedFlux.representative_bounded_smooth_pairing' depends on axioms: [propext,
 Classical.choice,
 Quot.sound]
'SharpWasserstein.PropagatedSourceEquation.equivDrift_smooth' depends on axioms: [propext, Classical.choice, Quot.sound]
'SharpWasserstein.PropagatedSourceEquation.equivDrift_allDerivativesBounded' depends on axioms: [propext,
 Classical.choice,
 Quot.sound]
'SharpWasserstein.PropagatedSourceEquation.compactTest_bounds' depends on axioms: [propext,
 Classical.choice,
 Quot.sound]
'SharpWasserstein.PropagatedSourceEquation.Brownian.sourceAt' depends on axioms: [propext, Classical.choice, Quot.sound]
'SharpWasserstein.PropagatedSourceEquation.Brownian.sourceAt_apply' depends on axioms: [propext,
 Classical.choice,
 Quot.sound]
'SharpWasserstein.PropagatedSourceEquation.Brownian.sourceAt_intervalIntegrable' depends on axioms: [propext,
 Classical.choice,
 Quot.sound]
'SharpWasserstein.PropagatedSourceEquation.Brownian.sourceAt_equation' depends on axioms: [propext,
 Classical.choice,
 Quot.sound]
'SharpWasserstein.PropagatedSourceEquation.brownianExpectation_eq_globalLaw' depends on axioms: [propext,
 Classical.choice,
 Quot.sound]
'SharpWasserstein.PropagatedSourceEquation.brownian_primal_identity' depends on axioms: [propext,
 Classical.choice,
 Quot.sound]
'SharpWasserstein.PropagatedSourceEquation.euclideanBrownianPathLaw' depends on axioms: [propext,
 Classical.choice,
 Quot.sound]
'SharpWasserstein.PropagatedSourceEquation.euclideanGenerator' depends on axioms: [propext,
 Classical.choice,
 Quot.sound]
'SharpWasserstein.PropagatedSourceEquation.euclideanGenerator_test' depends on axioms: [propext,
 Classical.choice,
 Quot.sound]
'SharpWasserstein.PropagatedSourceEquation.euclideanGeneratorTest' depends on axioms: [propext,
 Classical.choice,
 Quot.sound]
'SharpWasserstein.PropagatedSourceEquation.euclidean_brownian_primal_identity' depends on axioms: [propext,
 Classical.choice,
 Quot.sound]
'SharpWasserstein.PropagatedSourceEquation.equivDrift' depends on axioms: [propext, Classical.choice, Quot.sound]
'SharpWasserstein.PropagatedSourceEquation.equivPath' depends on axioms: [propext, Classical.choice, Quot.sound]
'SharpWasserstein.PropagatedSourceEquation.equivPath_continuous' depends on axioms: [propext,
 Classical.choice,
 Quot.sound]
'SharpWasserstein.PropagatedSourceEquation.flow_equiv' depends on axioms: [propext, Classical.choice, Quot.sound]
'SharpWasserstein.PropagatedSourceEquation.expectation_equiv' depends on axioms: [propext, Classical.choice, Quot.sound]
'SharpWasserstein.PropagatedSourceEquation.hasFDerivAt_timeIntegral' depends on axioms: [propext,
 Classical.choice,
 Quot.sound]
'SharpWasserstein.PropagatedSourceEquation.differentiated_primal_identity' depends on axioms: [propext,
 Classical.choice,
 Quot.sound]
'SharpWasserstein.PropagatedSourceEquation.euclideanBrownianPathLaw_zero_ae' depends on axioms: [propext,
 Classical.choice,
 Quot.sound]
'SharpWasserstein.PropagatedSourceEquation.Brownian.lawAt' depends on axioms: [propext, Classical.choice, Quot.sound]
'SharpWasserstein.PropagatedSourceEquation.Brownian.distributionAt' depends on axioms: [propext,
 Classical.choice,
 Quot.sound]
'SharpWasserstein.PropagatedSourceEquation.Brownian.sourceAt_finiteEnergy_and_energy_le' depends on axioms: [propext,
 Classical.choice,
 Quot.sound]
'SharpWasserstein.PropagatedSourceEquation.Brownian.distributionAt_finiteEnergy_and_energy_le' depends on axioms: [propext,
 Classical.choice,
 Quot.sound]
'SharpWasserstein.PropagatedSourceEquation.Brownian.distributionAt_zero' depends on axioms: [propext,
 Classical.choice,
 Quot.sound]
'SharpWasserstein.PropagatedSourceEquation.Brownian.distributionAt_intervalIntegrable' depends on axioms: [propext,
 Classical.choice,
 Quot.sound]
'SharpWasserstein.PropagatedSourceEquation.Brownian.distributionAt_equation' depends on axioms: [propext,
 Classical.choice,
 Quot.sound]
'SharpWasserstein.PropagatedSourceEquation.integrable_initial_pairing' depends on axioms: [propext,
 Classical.choice,
 Quot.sound]
'SharpWasserstein.PropagatedSourceEquation.integrable_time_initial_pairing' depends on axioms: [propext,
 Classical.choice,
 Quot.sound]
'SharpWasserstein.PropagatedSourceEquation.intervalIntegrable_initial_pairing' depends on axioms: [propext,
 Classical.choice,
 Quot.sound]
'SharpWasserstein.PropagatedSourceEquation.integrated_source_identity' depends on axioms: [propext,
 Classical.choice,
 Quot.sound]
'SharpWasserstein.PropagatedSourceEquation.Brownian.lawAt_eq_map_flowLaw' depends on axioms: [propext,
 Classical.choice,
 Quot.sound]
'SharpWasserstein.PropagatedSourceEquation.Brownian.lawAt_eq_map_globalLaw' depends on axioms: [propext,
 Classical.choice,
 Quot.sound]
'SharpWasserstein.PropagatedSourceEquation.clampedFlow_continuous' depends on axioms: [propext,
 Classical.choice,
 Quot.sound]
'SharpWasserstein.PropagatedSourceEquation.clampedJacobian_measurable' depends on axioms: [propext,
 Classical.choice,
 Quot.sound]
'SharpWasserstein.PropagatedSourceEquation.clampedExpectation' depends on axioms: [propext,
 Classical.choice,
 Quot.sound]
'SharpWasserstein.PropagatedSourceEquation.clampedExpectation_of_mem' depends on axioms: [propext,
 Classical.choice,
 Quot.sound]
'SharpWasserstein.PropagatedSourceEquation.clampedExpectation_continuous' depends on axioms: [propext,
 Classical.choice,
 Quot.sound]
'SharpWasserstein.PropagatedSourceEquation.clampedExpectation_fderiv_measurable' depends on axioms: [propext,
 Classical.choice,
 Quot.sound]
'SharpWasserstein.PropagatedSourceEquation.clampedExpectation_fderiv_norm_le' depends on axioms: [propext,
 Classical.choice,
 Quot.sound]
'SharpWasserstein.PropagatedSourcePermutation.pullTest' depends on axioms: [propext, Classical.choice, Quot.sound]
'SharpWasserstein.PropagatedSourcePermutation.pullTest_gradient_pairing' depends on axioms: [propext,
 Classical.choice,
 Quot.sound]
'SharpWasserstein.PropagatedSourcePermutation.flow_covariant' depends on axioms: [propext, Classical.choice, Quot.sound]
'SharpWasserstein.PropagatedSourcePermutation.flow_fderiv_covariant' depends on axioms: [propext,
 Classical.choice,
 Quot.sound]
'SharpWasserstein.PropagatedSourcePermutation.expectation_covariant' depends on axioms: [propext,
 Classical.choice,
 Quot.sound]
'SharpWasserstein.PropagatedSourcePermutation.expectation_fderiv_covariant' depends on axioms: [propext,
 Classical.choice,
 Quot.sound]
'SharpWasserstein.PropagatedSourcePermutation.source_invariant' depends on axioms: [propext,
 Classical.choice,
 Quot.sound]
'SharpWasserstein.PropagatedSourcePermutation.expectation_covariant_continuous' depends on axioms: [propext,
 Classical.choice,
 Quot.sound]
'SharpWasserstein.PropagatedSourcePermutation.semigroupPairing_invariant' depends on axioms: [propext,
 Classical.choice,
 Quot.sound]
'SharpWasserstein.PropagatedSourcePermutation.action_invariant' depends on axioms: [propext,
 Classical.choice,
 Quot.sound]
'SharpWasserstein.PropagatedSourcePermutation.euclideanPermutation' depends on axioms: [propext,
 Classical.choice,
 Quot.sound]
'SharpWasserstein.PropagatedSourcePermutation.euclideanPermutation_coordinates' depends on axioms: [propext,
 Classical.choice,
 Quot.sound]
'SharpWasserstein.PropagatedSourcePermutation.euclideanPermutation_norm' depends on axioms: [propext,
 Classical.choice,
 Quot.sound]
'SharpWasserstein.PropagatedSourcePermutation.euclideanPermutationIsometry' depends on axioms: [propext,
 Classical.choice,
 Quot.sound]
'SharpWasserstein.PropagatedSourcePermutation.euclideanPermutation_gradient' depends on axioms: [propext,
 Classical.choice,
 Quot.sound]
'SharpWasserstein.PropagatedSourcePermutation.particle_equivDrift_covariant' depends on axioms: [propext,
 Classical.choice,
 Quot.sound]
'SharpWasserstein.PropagatedSourcePermutation.equivPath_permutation' depends on axioms: [propext,
 Classical.choice,
 Quot.sound]
'SharpWasserstein.PropagatedSourcePermutation.euclideanBrownianPathLaw_permutation' depends on axioms: [propext,
 Classical.choice,
 Quot.sound]
'SharpWasserstein.PropagatedSourcePermutation.euclideanLaw_permutation' depends on axioms: [propext,
 Classical.choice,
 Quot.sound]
'SharpWasserstein.PropagatedSourcePermutation.particle_sourceAt_invariant' depends on axioms: [propext,
 Classical.choice,
 Quot.sound]
'SharpWasserstein.coordinateVector_norm_le_one' depends on axioms: [propext, Classical.choice, Quot.sound]
'SharpWasserstein.lipschitz_clm_apply_const_of_norm_le_one' depends on axioms: [propext, Classical.choice, Quot.sound]
'SharpWasserstein.coordinateDerivative_twice_eq_secondFDeriv' depends on axioms: [propext, Classical.choice, Quot.sound]
'SharpWasserstein.coordinateDerivative_lipschitz' depends on axioms: [propext, Classical.choice, Quot.sound]
'SharpWasserstein.coordinateDerivative_twice_lipschitz' depends on axioms: [propext, Classical.choice, Quot.sound]
'SharpWasserstein.laplacian_lipschitz_of_derivatives' depends on axioms: [propext, Classical.choice, Quot.sound]
'SharpWasserstein.laplacian_norm_le_of_derivatives' depends on axioms: [propext, Classical.choice, Quot.sound]
'SharpWasserstein.generator_eq_laplacian_add_fderiv' depends on axioms: [propext, Classical.choice, Quot.sound]
'SharpWasserstein.generator_norm_le_of_derivatives' depends on axioms: [propext, Classical.choice, Quot.sound]
'SharpWasserstein.generator_lipschitz_of_derivatives' depends on axioms: [propext, Classical.choice, Quot.sound]
'SharpWasserstein.randomMapLaw' depends on axioms: [propext, Classical.choice, Quot.sound]
'SharpWasserstein.randomMapLaw_probability' depends on axioms: [propext, Classical.choice, Quot.sound]
'SharpWasserstein.synchronousMap' depends on axioms: [propext, Classical.choice, Quot.sound]
'SharpWasserstein.measurable_synchronousMap' depends on axioms: [propext, Classical.choice, Quot.sound]
'SharpWasserstein.coupling_synchronousMap' depends on axioms: [propext, Classical.choice, Quot.sound]
'SharpWasserstein.transportCost_synchronousMap_le' depends on axioms: [propext, Classical.choice, Quot.sound]
'SharpWasserstein.wassersteinSq_eq_iInf_coupling' depends on axioms: [propext, Classical.choice, Quot.sound]
'SharpWasserstein.wassersteinSq_randomMapLaw_le' depends on axioms: [propext, Classical.choice, Quot.sound]
'SharpWasserstein.RankOneTransport.Vector' depends on axioms: [propext, Classical.choice, Quot.sound]
'SharpWasserstein.RankOneTransport.toEuclidean_ofEuclidean' depends on axioms: [propext, Classical.choice, Quot.sound]
'SharpWasserstein.RankOneTransport.mode' depends on axioms: [propext, Classical.choice, Quot.sound]
'SharpWasserstein.RankOneTransport.continuous_mode' depends on axioms: [propext, Classical.choice, Quot.sound]
'SharpWasserstein.RankOneTransport.mode_sub' depends on axioms: [propext, Classical.choice, Quot.sound]
'SharpWasserstein.RankOneTransport.scaleLabel' depends on axioms: [propext, Classical.choice, Quot.sound]
'SharpWasserstein.RankOneTransport.stretchLabel' depends on axioms: [propext, Classical.choice, Quot.sound]
'SharpWasserstein.RankOneTransport.measurable_scaleLabel' depends on axioms: [propext, Classical.choice, Quot.sound]
'SharpWasserstein.RankOneTransport.measurable_stretchLabel' depends on axioms: [propext, Classical.choice, Quot.sound]
'SharpWasserstein.RankOneTransport.mode_scaleLabel' depends on axioms: [propext, Classical.choice, Quot.sound]
'SharpWasserstein.RankOneTransport.mode_stretchLabel' depends on axioms: [propext, Classical.choice, Quot.sound]
'SharpWasserstein.RankOneTransport.mode_eLpNorm_scaleLaw' depends on axioms: [propext, Classical.choice, Quot.sound]
'SharpWasserstein.RankOneTransport.mode_eLpNorm_stretchLaw' depends on axioms: [propext, Classical.choice, Quot.sound]
'SharpWasserstein.RankOneTransport.coupling_root_cost_lower' depends on axioms: [propext, Classical.choice, Quot.sound]
'SharpWasserstein.RankOneTransport.stretch_scale_displacement' depends on axioms: [propext,
 Classical.choice,
 Quot.sound]
'SharpWasserstein.RankOneTransport.stretch_scale_commonLabel_cost' depends on axioms: [propext,
 Classical.choice,
 Quot.sound]
'SharpWasserstein.RankOneTransport.wassersteinSq_root_stretch_scale' depends on axioms: [propext,
 Classical.choice,
 Quot.sound]
'SharpWasserstein.RankOneTransport.wassersteinSq_stretch_scale' depends on axioms: [propext,
 Classical.choice,
 Quot.sound]
'SharpWasserstein.localRate' depends on axioms: [propext, Classical.choice, Quot.sound]
'SharpWasserstein.localRate_nonneg' depends on axioms: [propext, Classical.choice, Quot.sound]
'SharpWasserstein.triangle_sq_bound' depends on axioms: [propext, Classical.choice, Quot.sound]
'SharpWasserstein.gaussianModeCost' depends on axioms: [propext, Classical.choice, Quot.sound]
'SharpWasserstein.gaussianModeCost_rationalized' depends on axioms: [propext, Classical.choice, Quot.sound]
'SharpWasserstein.gaussianModeCost_initial_upper' depends on axioms: [propext, Classical.choice, Quot.sound]
'SharpWasserstein.gaussianModeCost_lower' depends on axioms: [propext, Classical.choice, Quot.sound]
'SharpWasserstein.nonlinearDrift_smooth' depends on axioms: [propext, Classical.choice, Quot.sound]
'SharpWasserstein.nonlinearDrift_uniformAllDerivativesBounded' depends on axioms: [propext,
 Classical.choice,
 Quot.sound]
'SharpWasserstein.DecoupledFlow.liftDrift_smooth' depends on axioms: [propext, Classical.choice, Quot.sound]
'SharpWasserstein.DecoupledFlow.liftDrift_uniformAllDerivativesBounded' depends on axioms: [propext,
 Classical.choice,
 Quot.sound]
'SharpWasserstein.PrescribedReference.singleDrift_smooth' depends on axioms: [propext, Classical.choice, Quot.sound]
'SharpWasserstein.PrescribedReference.singleDrift_uniformAllDerivativesBounded' depends on axioms: [propext,
 Classical.choice,
 Quot.sound]
'SharpWasserstein.tensorLaw_one_eq_singletonLaw' depends on axioms: [propext, Classical.choice, Quot.sound]
'SharpWasserstein.singletonLaw_map_coordinate' depends on axioms: [propext, Classical.choice, Quot.sound]
'SharpWasserstein.PrescribedReference.law_tensor_eq_supplied' depends on axioms: [propext, Classical.choice, Quot.sound]
'SharpWasserstein.PrescribedReference.supplied_tensor_weakEvolution' depends on axioms: [propext,
 Classical.choice,
 Quot.sound]
'SharpWasserstein.WeakEvolution.eq_of_same_initial_uniform_derivatives' depends on axioms: [propext,
 Classical.choice,
 Quot.sound]
'SharpWasserstein.PrescribedReference.eq_law_of_weakEvolution' depends on axioms: [propext,
 Classical.choice,
 Quot.sound]
'SharpWasserstein.PrescribedReference.singleton_eq_law' depends on axioms: [propext, Classical.choice, Quot.sound]
'SharpWasserstein.RegularizationRates.bridgeRate' depends on axioms: [propext, Classical.choice, Quot.sound]
'SharpWasserstein.RegularizationRates.bridgeCost' depends on axioms: [propext, Classical.choice, Quot.sound]
'SharpWasserstein.RegularizationRates.speedRate' depends on axioms: [propext, Classical.choice, Quot.sound]
'SharpWasserstein.RegularizationRates.integral_affine_square' depends on axioms: [propext, Classical.choice, Quot.sound]
'SharpWasserstein.RegularizationRates.intervalIntegrable_bridgeRate_sq' depends on axioms: [propext,
 Classical.choice,
 Quot.sound]
'SharpWasserstein.RegularizationRates.integral_bridgeRate_sq' depends on axioms: [propext, Classical.choice, Quot.sound]
'SharpWasserstein.RegularizationRates.intervalIntegrable_inv_sqrt' depends on axioms: [propext,
 Classical.choice,
 Quot.sound]
'SharpWasserstein.RegularizationRates.intervalIntegrable_speedRate' depends on axioms: [propext,
 Classical.choice,
 Quot.sound]
'SharpWasserstein.RegularizationRates.integral_inv_sqrt' depends on axioms: [propext, Classical.choice, Quot.sound]
'SharpWasserstein.RegularizationRates.integral_speedRate' depends on axioms: [propext, Classical.choice, Quot.sound]
'SharpWasserstein.RegularizationRates.integral_speedRate_le' depends on axioms: [propext, Classical.choice, Quot.sound]
'SharpWasserstein.RegularizedBrownianSource.propagationConstant' depends on axioms: [propext,
 Classical.choice,
 Quot.sound]
'SharpWasserstein.RegularizedBrownianSource.sourceHorizonConstant_nonneg' depends on axioms: [propext,
 Classical.choice,
 Quot.sound]
'SharpWasserstein.RegularizedBrownianSource.propagationConstant_nonneg' depends on axioms: [propext,
 Classical.choice,
 Quot.sound]
'SharpWasserstein.RegularizedBrownianSource.prefixEnergy_le' depends on axioms: [propext, Classical.choice, Quot.sound]
'SharpWasserstein.RegularizedBrownianSource.energy_measure_congr' depends on axioms: [propext,
 Classical.choice,
 Quot.sound]
'SharpWasserstein.RegularizedBrownianSource.levelEnergy_eq_configurationMarginal' depends on axioms: [propext,
 Classical.choice,
 Quot.sound]
'SharpWasserstein.RegularizedBrownianSource.initialCurrent_distribution_pairing' depends on axioms: [propext,
 Classical.choice,
 Quot.sound]
'SharpWasserstein.RegularizedBrownianSource.law_probability' depends on axioms: [propext, Classical.choice, Quot.sound]
'SharpWasserstein.RegularizedBrownianSource.law_secondMoment' depends on axioms: [propext, Classical.choice, Quot.sound]
'SharpWasserstein.RegularizedBrownianSource.law_exchangeable' depends on axioms: [propext, Classical.choice, Quot.sound]
'SharpWasserstein.RegularizedBrownianSource.current_memLp' depends on axioms: [propext, Classical.choice, Quot.sound]
'SharpWasserstein.RegularizedBrownianSource.current_covariant' depends on axioms: [propext,
 Classical.choice,
 Quot.sound]
'SharpWasserstein.RegularizedBrownianSource.exists_initial_profile' depends on axioms: [propext,
 Classical.choice,
 Quot.sound]
'SharpWasserstein.RegularizedBrownianSource.imageEnergy_measure_congr' depends on axioms: [propext,
 Classical.choice,
 Quot.sound]
'SharpWasserstein.RegularizedBrownianSource.prescribed_marginal_energy_eq_prefix' depends on axioms: [propext,
 Classical.choice,
 Quot.sound]
'SharpWasserstein.RegularizedBrownianSource.prescribed_marginal_energy_le' depends on axioms: [propext,
 Classical.choice,
 Quot.sound]
'SharpWasserstein.DecoupledFlow.brownianLaw' depends on axioms: [propext, Classical.choice, Quot.sound]
'SharpWasserstein.DecoupledFlow.singleBrownianLaw' depends on axioms: [propext, Classical.choice, Quot.sound]
'SharpWasserstein.DecoupledFlow.brownianLaw_tensor' depends on axioms: [propext, Classical.choice, Quot.sound]
'SharpWasserstein.DecoupledFlow.brownianLaw_marginal' depends on axioms: [propext, Classical.choice, Quot.sound]
'SharpWasserstein.DecoupledFlow.brownianLaw_exchangeable' depends on axioms: [propext, Classical.choice, Quot.sound]
'SharpWasserstein.DecoupledFlow.brownianLaw_entropy_le' depends on axioms: [propext, Classical.choice, Quot.sound]
'SharpWasserstein.DecoupledFlow.brownianLaw_entropy_finite' depends on axioms: [propext, Classical.choice, Quot.sound]
'SharpWasserstein.DecoupledFlow.brownianLaw_finiteEntropyConditions' depends on axioms: [propext,
 Classical.choice,
 Quot.sound]
'SharpWasserstein.DecoupledFlow.regularized_marginal_klDiv_le' depends on axioms: [propext,
 Classical.choice,
 Quot.sound]
'SharpWasserstein.DecoupledFlow.regularized_entropy_profile' depends on axioms: [propext, Classical.choice, Quot.sound]
'SharpWasserstein.configurationTestObjective_neg' depends on axioms: [propext, Classical.choice, Quot.sound]
'SharpWasserstein.configurationTestObjective_range_neg' depends on axioms: [propext, Classical.choice, Quot.sound]
'SharpWasserstein.configurationFiniteEnergy_neg_iff' depends on axioms: [propext, Classical.choice, Quot.sound]
'SharpWasserstein.configurationTangentEnergy_neg' depends on axioms: [propext, Classical.choice, Quot.sound]
'SharpWasserstein.DecoupledFlow.exists_regularized_marginal_source' depends on axioms: [propext,
 Classical.choice,
 Quot.sound]
'SharpWasserstein.DecoupledFlow.exists_regularized_full_source' depends on axioms: [propext,
 Classical.choice,
 Quot.sound]
'SharpWasserstein.RegularizationRates.bridgeHorizonFactor' depends on axioms: [propext, Classical.choice, Quot.sound]
'SharpWasserstein.RegularizationRates.bridgeCost_le_horizonFactor_div' depends on axioms: [propext,
 Classical.choice,
 Quot.sound]
'SharpWasserstein.RegularizationRates.affine_bridgeCost_le' depends on axioms: [propext, Classical.choice, Quot.sound]
'SharpWasserstein.RegularizationRates.sourceHorizonConstant' depends on axioms: [propext, Classical.choice, Quot.sound]
'SharpWasserstein.RegularizationRates.source_coefficient_le_singular' depends on axioms: [propext,
 Classical.choice,
 Quot.sound]
'SharpWasserstein.RegularizationRates.full_source_coefficient_le_singular' depends on axioms: [propext,
 Classical.choice,
 Quot.sound]
'SharpWasserstein.RegularizedTrialConvergence.synthesis' depends on axioms: [propext, Classical.choice, Quot.sound]
'SharpWasserstein.RegularizedTrialConvergence.synthesis_apply' depends on axioms: [propext,
 Classical.choice,
 Quot.sound]
'SharpWasserstein.RegularizedTrialConvergence.coefficients' depends on axioms: [propext, Classical.choice, Quot.sound]
'SharpWasserstein.RegularizedTrialConvergence.synthesis_coefficients' depends on axioms: [propext,
 Classical.choice,
 Quot.sound]
'SharpWasserstein.RegularizedTrialConvergence.coefficients_norm_sq' depends on axioms: [propext,
 Classical.choice,
 Quot.sound]
'SharpWasserstein.RegularizedTrialConvergence.exists_finite_recovery' depends on axioms: [propext,
 Classical.choice,
 Quot.sound]
'SharpWasserstein.RegularizedTrialConvergence.energy_tendsto' depends on axioms: [propext, Classical.choice, Quot.sound]
'SharpWasserstein.RegularizedTrialConvergence.energy_error_bounds' depends on axioms: [propext,
 Classical.choice,
 Quot.sound]
'SharpWasserstein.RegularizedTrialConvergenceFourier.Atom' does not depend on any axioms
'SharpWasserstein.RegularizedTrialConvergenceFourier.atomPotential' depends on axioms: [propext,
 Classical.choice,
 Quot.sound]
'SharpWasserstein.RegularizedTrialConvergenceFourier.atomPotential_smooth' depends on axioms: [propext,
 Classical.choice,
 Quot.sound]
'SharpWasserstein.RegularizedTrialConvergenceFourier.atomPotential_gradient_bound' depends on axioms: [propext,
 Classical.choice,
 Quot.sound]
'SharpWasserstein.RegularizedTrialConvergenceFourier.atomVector' depends on axioms: [propext,
 Classical.choice,
 Quot.sound]
'SharpWasserstein.RegularizedTrialConvergenceFourier.frequency_gradient_mem_atomSpan' depends on axioms: [propext,
 Classical.choice,
 Quot.sound]
'SharpWasserstein.RegularizedTrialConvergenceFourier.periodic_mem_atomClosure' depends on axioms: [propext,
 Classical.choice,
 Quot.sound]
'SharpWasserstein.RegularizedTrialConvergenceFourier.trial' depends on axioms: [propext, Classical.choice, Quot.sound]
'SharpWasserstein.RegularizedTrialConvergenceFourier.trial_eq_synthesis' depends on axioms: [propext,
 Classical.choice,
 Quot.sound]
'SharpWasserstein.RegularizedTrialConvergenceFourier.energy_tendsto' depends on axioms: [propext,
 Classical.choice,
 Quot.sound]
'SharpWasserstein.RegularizedTrialConvergencePeriodic.atomTest' depends on axioms: [propext,
 Classical.choice,
 Quot.sound]
'SharpWasserstein.RegularizedTrialConvergencePeriodic.frequency_image_mem_span' depends on axioms: [propext,
 Classical.choice,
 Quot.sound]
'SharpWasserstein.RegularizedTrialConvergencePeriodic.iSup_trialRange_eq_atomSpan' depends on axioms: [propext,
 Classical.choice,
 Quot.sound]
'SharpWasserstein.RegularizedTrialConvergencePeriodic.closed_trialRange_eq_atomClosure' depends on axioms: [propext,
 Classical.choice,
 Quot.sound]
'SharpWasserstein.RegularizedTrialConvergencePhysical.atomVector' depends on axioms: [propext,
 Classical.choice,
 Quot.sound]
'SharpWasserstein.RegularizedTrialConvergencePhysical.periodic_mem_atomClosure' depends on axioms: [propext,
 Classical.choice,
 Quot.sound]
'SharpWasserstein.RegularizedTrialConvergencePhysical.trial' depends on axioms: [propext, Classical.choice, Quot.sound]
'SharpWasserstein.RegularizedTrialConvergencePhysical.trial_eq_synthesis' depends on axioms: [propext,
 Classical.choice,
 Quot.sound]
'SharpWasserstein.RegularizedTrialConvergencePhysical.energy_tendsto' depends on axioms: [propext,
 Classical.choice,
 Quot.sound]
'SharpWasserstein.RegularizedTrialConvergencePhysical.integral_norm_energy_error_tendsto_of_bound' depends on axioms: [propext,
 Classical.choice,
 Quot.sound]
'SharpWasserstein.RegularizedTrialConvergencePhysical.canonical_integral_norm_energy_error_tendsto' depends on axioms: [propext,
 Classical.choice,
 Quot.sound]
'SharpWasserstein.RegularizedTrialConvergence.exhaustion' depends on axioms: [propext, Classical.choice, Quot.sound]
'SharpWasserstein.RegularizedTrialConvergence.mem_exhaustion' depends on axioms: [propext, Classical.choice, Quot.sound]
'SharpWasserstein.RegularizedTrialConvergence.exhaustion_monotone' depends on axioms: [propext,
 Classical.choice,
 Quot.sound]
'SharpWasserstein.RegularizedTrialConvergence.eventually_mem_exhaustion' depends on axioms: [propext,
 Classical.choice,
 Quot.sound]
'SharpWasserstein.RegularizedTrialConvergence.penalty' depends on axioms: [propext, Classical.choice, Quot.sound]
'SharpWasserstein.RegularizedTrialConvergence.penalty_pos' depends on axioms: [propext, Classical.choice, Quot.sound]
'SharpWasserstein.RegularizedTrialConvergence.penalty_tendsto' depends on axioms: [propext,
 Classical.choice,
 Quot.sound]
'SharpWasserstein.RegularizedTrialConvergence.canonical_energy_tendsto' depends on axioms: [propext,
 Classical.choice,
 Quot.sound]
'SharpWasserstein.RegularizedTrialConvergence.energy_aestronglyMeasurable' depends on axioms: [propext,
 Classical.choice,
 Quot.sound]
'SharpWasserstein.RegularizedTrialConvergence.integral_energy_error_tendsto' depends on axioms: [propext,
 Classical.choice,
 Quot.sound]
'SharpWasserstein.RegularizedTrialConvergence.integral_norm_energy_error_tendsto' depends on axioms: [propext,
 Classical.choice,
 Quot.sound]
'SharpWasserstein.RegularizedTrialConvergence.integral_norm_energy_error_tendsto_of_bound' depends on axioms: [propext,
 Classical.choice,
 Quot.sound]
'SharpWasserstein.RegularizedTrialEnergy.gram' depends on axioms: [propext, Classical.choice, Quot.sound]
'SharpWasserstein.RegularizedTrialEnergy.gram_inner' depends on axioms: [propext, Classical.choice, Quot.sound]
'SharpWasserstein.RegularizedTrialEnergy.gram_symmetric' depends on axioms: [propext, Classical.choice, Quot.sound]
'SharpWasserstein.RegularizedTrialEnergy.gram_coercive' depends on axioms: [propext, Classical.choice, Quot.sound]
'SharpWasserstein.RegularizedTrialEnergy.gram_isUnit' depends on axioms: [propext, Classical.choice, Quot.sound]
'SharpWasserstein.RegularizedTrialEnergy.solution' depends on axioms: [propext, Classical.choice, Quot.sound]
'SharpWasserstein.RegularizedTrialEnergy.solution_equation' depends on axioms: [propext, Classical.choice, Quot.sound]
'SharpWasserstein.RegularizedTrialEnergy.energy' depends on axioms: [propext, Classical.choice, Quot.sound]
'SharpWasserstein.RegularizedTrialEnergy.solution_tested' depends on axioms: [propext, Classical.choice, Quot.sound]
'SharpWasserstein.RegularizedTrialEnergy.energy_eq_penalized_norm' depends on axioms: [propext,
 Classical.choice,
 Quot.sound]
'SharpWasserstein.RegularizedTrialEnergy.energy_nonneg' depends on axioms: [propext, Classical.choice, Quot.sound]
'SharpWasserstein.RegularizedTrialEnergy.energy_gap' depends on axioms: [propext, Classical.choice, Quot.sound]
'SharpWasserstein.RegularizedTrialEnergy.energy_le' depends on axioms: [propext, Classical.choice, Quot.sound]
'SharpWasserstein.RegularizedTrialEnergy.energy_gap_le_trial' depends on axioms: [propext, Classical.choice, Quot.sound]
'SharpWasserstein.RegularizedTrialEnergy.lifted_energy_gap' depends on axioms: [propext, Classical.choice, Quot.sound]
'SharpWasserstein.RegularizedTrialEnergy.lifted_energy_gap_le' depends on axioms: [propext,
 Classical.choice,
 Quot.sound]
'SharpWasserstein.RoughEulerianTransport.CommonLabelLift' depends on axioms: [propext, Classical.choice, Quot.sound]
'SharpWasserstein.RoughEulerianTransport.CommonLabelLift.translate' depends on axioms: [propext,
 Classical.choice,
 Quot.sound]
'SharpWasserstein.RoughEulerianTransport.CommonLabelLift.law_euclidean' depends on axioms: [propext,
 Classical.choice,
 Quot.sound]
'SharpWasserstein.RoughEulerianTransport.CommonLabelLift.configurationCompression_pair_cost_le' depends on axioms: [propext,
 Classical.choice,
 Quot.sound]
'SharpWasserstein.RoughEulerianTransport.CommonLabelLift.compress' depends on axioms: [propext,
 Classical.choice,
 Quot.sound]
'SharpWasserstein.RoughEulerianTransport.CommonLabelLift.averagedKernel_wassersteinSq_tendsto' depends on axioms: [propext,
 Classical.choice,
 Quot.sound]
'SharpWasserstein.RoughEulerianTransport.CommonLabelLift.spaceTimeRegularizedLaw_wassersteinSq_tendsto' depends on axioms: [propext,
 Classical.choice,
 Quot.sound]
'SharpWasserstein.RoughEulerianCompression.configurationCompression' depends on axioms: [propext,
 Classical.choice,
 Quot.sound]
'SharpWasserstein.RoughEulerianCompression.configurationCompression_continuous' depends on axioms: [propext,
 Classical.choice,
 Quot.sound]
'SharpWasserstein.RoughEulerianCompression.configurationCompression_cost' depends on axioms: [propext,
 Classical.choice,
 Quot.sound]
'SharpWasserstein.RoughEulerianCompression.configurationCompression_cost_bound' depends on axioms: [propext,
 Classical.choice,
 Quot.sound]
'SharpWasserstein.RoughEulerianCompression.configurationCompression_cost_integrable' depends on axioms: [propext,
 Classical.choice,
 Quot.sound]
'SharpWasserstein.RoughEulerianCompression.configurationCompression_cost_tendsto' depends on axioms: [propext,
 Classical.choice,
 Quot.sound]
'SharpWasserstein.RoughEulerianCompression.configurationCompression_wassersteinSq_tendsto' depends on axioms: [propext,
 Classical.choice,
 Quot.sound]
'SharpWasserstein.RoughEulerianCompression.compression_probability_tendsto' depends on axioms: [propext,
 Classical.choice,
 Quot.sound]
'SharpWasserstein.RoughEulerianCompression.compression_gradient_pairing' depends on axioms: [propext,
 Classical.choice,
 Quot.sound]
'SharpWasserstein.RoughEulerianCompression.compressed_test_bounds' depends on axioms: [propext,
 Classical.choice,
 Quot.sound]
'SharpWasserstein.RoughEulerianCompression.compressedFlux_localized_gradient' depends on axioms: [propext,
 Classical.choice,
 Quot.sound]
'SharpWasserstein.RoughEulerianCompression.compressedCurve' depends on axioms: [propext, Classical.choice, Quot.sound]
'SharpWasserstein.RoughEulerianCompression.compressedCurve_continuous' depends on axioms: [propext,
 Classical.choice,
 Quot.sound]
'SharpWasserstein.RoughEulerianCompression.compressedCurve_jointMeasure' depends on axioms: [propext,
 Classical.choice,
 Quot.sound]
'SharpWasserstein.RoughEulerianCompression.compressed_curve_joint_equation' depends on axioms: [propext,
 Classical.choice,
 Quot.sound]
'SharpWasserstein.RoughEulerianCompression.compressed_curve_pairing_integrable' depends on axioms: [propext,
 Classical.choice,
 Quot.sound]
'SharpWasserstein.RoughEulerianCompression.compressed_curve_continuity_equation' depends on axioms: [propext,
 Classical.choice,
 Quot.sound]
'SharpWasserstein.RoughEulerianCompression.compressed_curve_action_le' depends on axioms: [propext,
 Classical.choice,
 Quot.sound]
'SharpWasserstein.RoughEulerianCompression.compressionMap' depends on axioms: [propext, Classical.choice, Quot.sound]
'SharpWasserstein.RoughEulerianCompression.compressionMap_measurable' depends on axioms: [propext,
 Classical.choice,
 Quot.sound]
'SharpWasserstein.RoughEulerianCompression.compressionVector' depends on axioms: [propext, Classical.choice, Quot.sound]
'SharpWasserstein.RoughEulerianCompression.compressionVector_memLp' depends on axioms: [propext,
 Classical.choice,
 Quot.sound]
'SharpWasserstein.RoughEulerianCompression.compressionVectorLp' depends on axioms: [propext,
 Classical.choice,
 Quot.sound]
'SharpWasserstein.RoughEulerianCompression.compressionVectorLp_ae' depends on axioms: [propext,
 Classical.choice,
 Quot.sound]
'SharpWasserstein.RoughEulerianCompression.compressedFlux' depends on axioms: [propext, Classical.choice, Quot.sound]
'SharpWasserstein.RoughEulerianCompression.compressedFlux_stronglyMeasurable' depends on axioms: [propext,
 Classical.choice,
 Quot.sound]
'SharpWasserstein.RoughEulerianCompression.compressedFlux_energy_le' depends on axioms: [propext,
 Classical.choice,
 Quot.sound]
'SharpWasserstein.RoughEulerianCompression.compressedFlux_pairing' depends on axioms: [propext,
 Classical.choice,
 Quot.sound]
'SharpWasserstein.RoughEulerianCompression.compressionMap_compProd' depends on axioms: [propext,
 Classical.choice,
 Quot.sound]
'SharpWasserstein.RoughEulerianCompression.compressedMeasure_outside_ball' depends on axioms: [propext,
 Classical.choice,
 Quot.sound]
'SharpWasserstein.RoughEulerianCompression.euclideanCoordinates' depends on axioms: [propext,
 Classical.choice,
 Quot.sound]
'SharpWasserstein.RoughEulerianCompression.compression' depends on axioms: [propext, Classical.choice, Quot.sound]
'SharpWasserstein.RoughEulerianCompression.compression_apply' depends on axioms: [propext, Classical.choice, Quot.sound]
'SharpWasserstein.RoughEulerianCompression.compression_zero' depends on axioms: [propext, Classical.choice, Quot.sound]
'SharpWasserstein.RoughEulerianCompression.compression_contDiff' depends on axioms: [propext,
 Classical.choice,
 Quot.sound]
'SharpWasserstein.RoughEulerianCompression.compression_lipschitz' depends on axioms: [propext,
 Classical.choice,
 Quot.sound]
'SharpWasserstein.RoughEulerianCompression.compression_norm_le' depends on axioms: [propext,
 Classical.choice,
 Quot.sound]
'SharpWasserstein.RoughEulerianCompression.compression_range_bound' depends on axioms: [propext,
 Classical.choice,
 Quot.sound]
'SharpWasserstein.RoughEulerianCompression.compression_range_subset' depends on axioms: [propext,
 Classical.choice,
 Quot.sound]
'SharpWasserstein.RoughEulerianCompression.compression_fderiv_norm_le' depends on axioms: [propext,
 Classical.choice,
 Quot.sound]
'SharpWasserstein.RoughEulerianCompression.compression_fderiv_apply_norm_le' depends on axioms: [propext,
 Classical.choice,
 Quot.sound]
'SharpWasserstein.RoughEulerianCompression.compression_tendsto' depends on axioms: [propext,
 Classical.choice,
 Quot.sound]
'SharpWasserstein.RoughEulerianCompression.compression_displacement_bound' depends on axioms: [propext,
 Classical.choice,
 Quot.sound]
'SharpWasserstein.RoughEulerianCompression.fluxPullback' depends on axioms: [propext, Classical.choice, Quot.sound]
'SharpWasserstein.RoughEulerianCompression.pushFunctional' depends on axioms: [propext, Classical.choice, Quot.sound]
'SharpWasserstein.RoughEulerianCompression.pushFunctional_norm_le' depends on axioms: [propext,
 Classical.choice,
 Quot.sound]
'SharpWasserstein.RoughEulerianCompression.pushedFlux' depends on axioms: [propext, Classical.choice, Quot.sound]
'SharpWasserstein.RoughEulerianCompression.pushedFlux_norm_le' depends on axioms: [propext,
 Classical.choice,
 Quot.sound]
'SharpWasserstein.RoughEulerianCompression.pushedFlux_inner' depends on axioms: [propext, Classical.choice, Quot.sound]
'SharpWasserstein.RoughEulerianCompression.pushedFlux_pairing' depends on axioms: [propext,
 Classical.choice,
 Quot.sound]
'SharpWasserstein.RoughEulerianCompression.pushedFlux_energy_le' depends on axioms: [propext,
 Classical.choice,
 Quot.sound]
'SharpWasserstein.RoughEulerianCompression.bounded_gradient_joint_integrable' depends on axioms: [propext,
 Classical.choice,
 Quot.sound]
'SharpWasserstein.RoughEulerianCompression.bounded_gradient_time_integrable' depends on axioms: [propext,
 Classical.choice,
 Quot.sound]
'SharpWasserstein.RoughEulerianCompression.joint_pairing_eq_interval' depends on axioms: [propext,
 Classical.choice,
 Quot.sound]
'SharpWasserstein.RoughEulerianCompression.bounded_smooth_continuity_equation' depends on axioms: [propext,
 Classical.choice,
 Quot.sound]
'SharpWasserstein.RoughEulerianTransport.CompactDistributionContinuity.translate' depends on axioms: [propext,
 Classical.choice,
 Quot.sound]
'SharpWasserstein.RoughEulerianSmoothing.spaceTimeRegularizedLaw_wassersteinSq_le' depends on axioms: [propext,
 Classical.choice,
 Quot.sound]
'SharpWasserstein.RoughEulerianSmoothing.mollifier_mul_integrable' depends on axioms: [propext,
 Classical.choice,
 Quot.sound]
'SharpWasserstein.RoughEulerianSmoothing.mollifier_mul_joint_integrable' depends on axioms: [propext,
 Classical.choice,
 Quot.sound]
'SharpWasserstein.RoughEulerianSmoothing.integral_mollifier_mul' depends on axioms: [propext,
 Classical.choice,
 Quot.sound]
'SharpWasserstein.RoughEulerianSmoothing.density_integrable' depends on axioms: [propext, Classical.choice, Quot.sound]
'SharpWasserstein.RoughEulerianSmoothing.density_integral' depends on axioms: [propext, Classical.choice, Quot.sound]
'SharpWasserstein.RoughEulerianSmoothing.convolved_floor_action_le' depends on axioms: [propext,
 Classical.choice,
 Quot.sound]
'SharpWasserstein.RoughEulerianSmoothing.convolved_floor_action_integrable' depends on axioms: [propext,
 Classical.choice,
 Quot.sound]
'SharpWasserstein.RoughEulerianSmoothing.integral_convolved_floor_action_le' depends on axioms: [propext,
 Classical.choice,
 Quot.sound]
'SharpWasserstein.RoughEulerianSmoothing.mollifierLaw' depends on axioms: [propext, Classical.choice, Quot.sound]
'SharpWasserstein.RoughEulerianSmoothing.convolvedLaw' depends on axioms: [propext, Classical.choice, Quot.sound]
'SharpWasserstein.RoughEulerianSmoothing.mollifierLaw_quadratic_integrable' depends on axioms: [propext,
 Classical.choice,
 Quot.sound]
'SharpWasserstein.RoughEulerianSmoothing.mollifierLaw_quadratic_le' depends on axioms: [propext,
 Classical.choice,
 Quot.sound]
'SharpWasserstein.RoughEulerianSmoothing.convolvedLaw_eq_map_add' depends on axioms: [propext,
 Classical.choice,
 Quot.sound]
'SharpWasserstein.RoughEulerianSmoothing.convolutionCoupling' depends on axioms: [propext, Classical.choice, Quot.sound]
'SharpWasserstein.RoughEulerianSmoothing.convolutionCoupling_isCoupling' depends on axioms: [propext,
 Classical.choice,
 Quot.sound]
'SharpWasserstein.RoughEulerianSmoothing.convolutionCoupling_cost_integrable' depends on axioms: [propext,
 Classical.choice,
 Quot.sound]
'SharpWasserstein.RoughEulerianSmoothing.convolutionCoupling_cost_le' depends on axioms: [propext,
 Classical.choice,
 Quot.sound]
'SharpWasserstein.RoughEulerianSmoothing.labelFlux' depends on axioms: [propext, Classical.choice, Quot.sound]
'SharpWasserstein.RoughEulerianSmoothing.label_mollifier_smul_integrable' depends on axioms: [propext,
 Classical.choice,
 Quot.sound]
'SharpWasserstein.RoughEulerianSmoothing.label_mollifier_mul_joint_integrable' depends on axioms: [propext,
 Classical.choice,
 Quot.sound]
'SharpWasserstein.RoughEulerianSmoothing.label_flux_pairing_joint_integrable' depends on axioms: [propext,
 Classical.choice,
 Quot.sound]
'SharpWasserstein.RoughEulerianSmoothing.labelFlux_test_pairing' depends on axioms: [propext,
 Classical.choice,
 Quot.sound]
'SharpWasserstein.RoughEulerianSmoothing.coupling_map' depends on axioms: [propext, Classical.choice, Quot.sound]
'SharpWasserstein.RoughEulerianSmoothing.wassersteinSq_euclidean_coupling_le' depends on axioms: [propext,
 Classical.choice,
 Quot.sound]
'SharpWasserstein.RoughEulerianSmoothing.regularizedLaw_wassersteinSq_le' depends on axioms: [propext,
 Classical.choice,
 Quot.sound]
'SharpWasserstein.RoughEulerianSmoothing.regularizedLaw_wassersteinSq_tendsto' depends on axioms: [propext,
 Classical.choice,
 Quot.sound]
'SharpWasserstein.RoughEulerianSmoothing.weighted_norm_integral_sq_le_add' depends on axioms: [propext,
 Classical.choice,
 Quot.sound]
'SharpWasserstein.RoughEulerianSmoothing.allDerivativesBounded_of_compact' depends on axioms: [propext,
 Classical.choice,
 Quot.sound]
'SharpWasserstein.RoughEulerianSmoothing.floorDensity' depends on axioms: [propext, Classical.choice, Quot.sound]
'SharpWasserstein.RoughEulerianSmoothing.floorVelocity' depends on axioms: [propext, Classical.choice, Quot.sound]
'SharpWasserstein.RoughEulerianSmoothing.floorDensity_pos' depends on axioms: [propext, Classical.choice, Quot.sound]
'SharpWasserstein.RoughEulerianSmoothing.floorVelocity_flux' depends on axioms: [propext, Classical.choice, Quot.sound]
'SharpWasserstein.RoughEulerianSmoothing.floorVelocity_action' depends on axioms: [propext,
 Classical.choice,
 Quot.sound]
'SharpWasserstein.RoughEulerianSmoothing.floorVelocity_smooth' depends on axioms: [propext,
 Classical.choice,
 Quot.sound]
'SharpWasserstein.RoughEulerianSmoothing.floorVelocity_compact' depends on axioms: [propext,
 Classical.choice,
 Quot.sound]
'SharpWasserstein.RoughEulerianSmoothing.floorVelocity_regular' depends on axioms: [propext,
 Classical.choice,
 Quot.sound]
'SharpWasserstein.RoughEulerianSmoothing.gaussian_exponential_integrable' depends on axioms: [propext,
 Classical.choice,
 Quot.sound]
'SharpWasserstein.RoughEulerianSmoothing.gaussianNormalizer' depends on axioms: [propext, Classical.choice, Quot.sound]
'SharpWasserstein.RoughEulerianSmoothing.gaussianNormalizer_pos' depends on axioms: [propext,
 Classical.choice,
 Quot.sound]
'SharpWasserstein.RoughEulerianSmoothing.gaussianFloor' depends on axioms: [propext, Classical.choice, Quot.sound]
'SharpWasserstein.RoughEulerianSmoothing.gaussianFloor_pos' depends on axioms: [propext, Classical.choice, Quot.sound]
'SharpWasserstein.RoughEulerianSmoothing.gaussianFloor_smooth' depends on axioms: [propext,
 Classical.choice,
 Quot.sound]
'SharpWasserstein.RoughEulerianSmoothing.gaussianFloor_integrable' depends on axioms: [propext,
 Classical.choice,
 Quot.sound]
'SharpWasserstein.RoughEulerianSmoothing.gaussianFloor_integral' depends on axioms: [propext,
 Classical.choice,
 Quot.sound]
'SharpWasserstein.RoughEulerianSmoothing.normsq_mul_gaussian_exponential_le' depends on axioms: [propext,
 Classical.choice,
 Quot.sound]
'SharpWasserstein.RoughEulerianSmoothing.gaussianFloor_quadratic_integrable' depends on axioms: [propext,
 Classical.choice,
 Quot.sound]
'SharpWasserstein.RoughEulerianSmoothing.mollifierBump' depends on axioms: [propext, Classical.choice, Quot.sound]
'SharpWasserstein.RoughEulerianSmoothing.mollifier' depends on axioms: [propext, Classical.choice, Quot.sound]
'SharpWasserstein.RoughEulerianSmoothing.mollifier_nonneg' depends on axioms: [propext, Classical.choice, Quot.sound]
'SharpWasserstein.RoughEulerianSmoothing.mollifier_smooth' depends on axioms: [propext, Classical.choice, Quot.sound]
'SharpWasserstein.RoughEulerianSmoothing.mollifier_compact' depends on axioms: [propext, Classical.choice, Quot.sound]
'SharpWasserstein.RoughEulerianSmoothing.mollifier_allDerivativesBounded' depends on axioms: [propext,
 Classical.choice,
 Quot.sound]
'SharpWasserstein.RoughEulerianSmoothing.mollifier_integrable' depends on axioms: [propext,
 Classical.choice,
 Quot.sound]
'SharpWasserstein.RoughEulerianSmoothing.mollifier_integral' depends on axioms: [propext, Classical.choice, Quot.sound]
'SharpWasserstein.RoughEulerianSmoothing.mollifier_eq_zero' depends on axioms: [propext, Classical.choice, Quot.sound]
'SharpWasserstein.RoughEulerianSmoothing.density' depends on axioms: [propext, Classical.choice, Quot.sound]
'SharpWasserstein.RoughEulerianSmoothing.flux' depends on axioms: [propext, Classical.choice, Quot.sound]
'SharpWasserstein.RoughEulerianSmoothing.density_nonneg' depends on axioms: [propext, Classical.choice, Quot.sound]
'SharpWasserstein.RoughEulerianSmoothing.mollifier_translate_integrable' depends on axioms: [propext,
 Classical.choice,
 Quot.sound]
'SharpWasserstein.RoughEulerianSmoothing.mollifier_smul_integrable' depends on axioms: [propext,
 Classical.choice,
 Quot.sound]
'SharpWasserstein.RoughEulerianSmoothing.density_smooth' depends on axioms: [propext, Classical.choice, Quot.sound]
'SharpWasserstein.RoughEulerianSmoothing.flux_smooth' depends on axioms: [propext, Classical.choice, Quot.sound]
'SharpWasserstein.RoughEulerianSmoothing.flux_eq_zero_of_norm_gt' depends on axioms: [propext,
 Classical.choice,
 Quot.sound]
'SharpWasserstein.RoughEulerianSmoothing.flux_compact' depends on axioms: [propext, Classical.choice, Quot.sound]
'SharpWasserstein.RoughEulerianSmoothing.convolved_floor_regular' depends on axioms: [propext,
 Classical.choice,
 Quot.sound]
'SharpWasserstein.RoughEulerianSmoothing.regularizedDensity' depends on axioms: [propext, Classical.choice, Quot.sound]
'SharpWasserstein.RoughEulerianSmoothing.regularizedVelocity' depends on axioms: [propext, Classical.choice, Quot.sound]
'SharpWasserstein.RoughEulerianSmoothing.regularizedLaw' depends on axioms: [propext, Classical.choice, Quot.sound]
'SharpWasserstein.RoughEulerianSmoothing.regularizedDensity_pos' depends on axioms: [propext,
 Classical.choice,
 Quot.sound]
'SharpWasserstein.RoughEulerianSmoothing.regularizedDensity_smooth' depends on axioms: [propext,
 Classical.choice,
 Quot.sound]
'SharpWasserstein.RoughEulerianSmoothing.regularizedDensity_integrable' depends on axioms: [propext,
 Classical.choice,
 Quot.sound]
'SharpWasserstein.RoughEulerianSmoothing.regularizedDensity_integral' depends on axioms: [propext,
 Classical.choice,
 Quot.sound]
'SharpWasserstein.RoughEulerianSmoothing.regularizedLaw_probability' depends on axioms: [propext,
 Classical.choice,
 Quot.sound]
'SharpWasserstein.RoughEulerianSmoothing.regularizedVelocity_flux' depends on axioms: [propext,
 Classical.choice,
 Quot.sound]
'SharpWasserstein.RoughEulerianSmoothing.regularizedLaw_velocity_energy_le' depends on axioms: [propext,
 Classical.choice,
 Quot.sound]
'SharpWasserstein.RoughEulerianSmoothing.regularizedVelocity_smooth' depends on axioms: [propext,
 Classical.choice,
 Quot.sound]
'SharpWasserstein.RoughEulerianSmoothing.regularizedLaw_velocity_memLp' depends on axioms: [propext,
 Classical.choice,
 Quot.sound]
'SharpWasserstein.RoughEulerianSmoothing.regularizedVelocity_regular' depends on axioms: [propext,
 Classical.choice,
 Quot.sound]
'SharpWasserstein.RoughEulerianSmoothing.density_compact' depends on axioms: [propext, Classical.choice, Quot.sound]
'SharpWasserstein.RoughEulerianSmoothing.regularizedLaw_quadratic_integrable' depends on axioms: [propext,
 Classical.choice,
 Quot.sound]
'SharpWasserstein.RoughEulerianSmoothing.gaussianFloorLaw' depends on axioms: [propext, Classical.choice, Quot.sound]
'SharpWasserstein.RoughEulerianSmoothing.gaussianFloorLaw_quadratic_integrable' depends on axioms: [propext,
 Classical.choice,
 Quot.sound]
'SharpWasserstein.RoughEulerianSmoothing.regularizedLaw_eq_mixture' depends on axioms: [propext,
 Classical.choice,
 Quot.sound]
'SharpWasserstein.RoughEulerianSmoothing.euclidean_displacement_sq_le' depends on axioms: [propext,
 Classical.choice,
 Quot.sound]
'SharpWasserstein.RoughEulerianSmoothing.product_displacement_integrable' depends on axioms: [propext,
 Classical.choice,
 Quot.sound]
'SharpWasserstein.RoughEulerianSmoothing.product_displacement_integral_le' depends on axioms: [propext,
 Classical.choice,
 Quot.sound]
'SharpWasserstein.RoughEulerianSmoothing.regularizationCoupling' depends on axioms: [propext,
 Classical.choice,
 Quot.sound]
'SharpWasserstein.RoughEulerianSmoothing.regularizationCoupling_isCoupling' depends on axioms: [propext,
 Classical.choice,
 Quot.sound]
'SharpWasserstein.RoughEulerianSmoothing.regularizationCoupling_cost_integrable' depends on axioms: [propext,
 Classical.choice,
 Quot.sound]
'SharpWasserstein.RoughEulerianSmoothing.regularizationCoupling_cost_le' depends on axioms: [propext,
 Classical.choice,
 Quot.sound]
'SharpWasserstein.RoughEulerianSmoothing.smoothTestFunction' depends on axioms: [propext, Classical.choice, Quot.sound]
'SharpWasserstein.RoughEulerianSmoothing.smoothTestFunction_integral' depends on axioms: [propext,
 Classical.choice,
 Quot.sound]
'SharpWasserstein.RoughEulerianSmoothing.smoothTestFunction_smooth' depends on axioms: [propext,
 Classical.choice,
 Quot.sound]
'SharpWasserstein.RoughEulerianSmoothing.smoothTestFunction_compact' depends on axioms: [propext,
 Classical.choice,
 Quot.sound]
'SharpWasserstein.RoughEulerianSmoothing.smoothTest' depends on axioms: [propext, Classical.choice, Quot.sound]
'SharpWasserstein.RoughEulerianSmoothing.smoothTest_fderiv' depends on axioms: [propext, Classical.choice, Quot.sound]
'SharpWasserstein.RoughEulerianSmoothing.smoothTest_gradient_pairing' depends on axioms: [propext,
 Classical.choice,
 Quot.sound]
'SharpWasserstein.RoughEulerianSmoothing.convolvedLaw_test_pairing' depends on axioms: [propext,
 Classical.choice,
 Quot.sound]
'SharpWasserstein.RoughEulerianSmoothing.spaceTimeVelocity' depends on axioms: [propext, Classical.choice, Quot.sound]
'SharpWasserstein.RoughEulerianSmoothing.joint_gradient_pairing_integrable' depends on axioms: [propext,
 Classical.choice,
 Quot.sound]
'SharpWasserstein.RoughEulerianSmoothing.spaceTimeRegularizedLaw_flux_continuous' depends on axioms: [propext,
 Classical.choice,
 Quot.sound]
'SharpWasserstein.RoughEulerianSmoothing.spaceTimeRegularizedLaw_hasDerivAt' depends on axioms: [propext,
 Classical.choice,
 Quot.sound]
'SharpWasserstein.RoughEulerianSmoothing.spaceTimeProbabilityCurve_equation' depends on axioms: [propext,
 Classical.choice,
 Quot.sound]
'SharpWasserstein.RoughEulerianSmoothing.spaceTimeFlux_test_pairing' depends on axioms: [propext,
 Classical.choice,
 Quot.sound]
'SharpWasserstein.RoughEulerianSmoothing.regularizedLaw_test_pairing' depends on axioms: [propext,
 Classical.choice,
 Quot.sound]
'SharpWasserstein.RoughEulerianSmoothing.time_weighted_joint_pairing_integrable' depends on axioms: [propext,
 Classical.choice,
 Quot.sound]
'SharpWasserstein.RoughEulerianSmoothing.spaceTimeRegularizedLaw_test_pairing' depends on axioms: [propext,
 Classical.choice,
 Quot.sound]
'SharpWasserstein.RoughEulerianSmoothing.spaceTimeRegularizedLaw_flux_pairing' depends on axioms: [propext,
 Classical.choice,
 Quot.sound]
'SharpWasserstein.RoughEulerianSmoothing.spaceTimeKernel' depends on axioms: [propext, Classical.choice, Quot.sound]
'SharpWasserstein.RoughEulerianSmoothing.spaceTimeKernel_nonneg' depends on axioms: [propext,
 Classical.choice,
 Quot.sound]
'SharpWasserstein.RoughEulerianSmoothing.spaceTimeKernel_smooth' depends on axioms: [propext,
 Classical.choice,
 Quot.sound]
'SharpWasserstein.RoughEulerianSmoothing.spaceTimeKernel_eq_zero' depends on axioms: [propext,
 Classical.choice,
 Quot.sound]
'SharpWasserstein.RoughEulerianSmoothing.spaceTimeKernel_compact' depends on axioms: [propext,
 Classical.choice,
 Quot.sound]
'SharpWasserstein.RoughEulerianSmoothing.spaceTimeKernel_allDerivativesBounded' depends on axioms: [propext,
 Classical.choice,
 Quot.sound]
'SharpWasserstein.RoughEulerianSmoothing.spaceTimeDensity' depends on axioms: [propext, Classical.choice, Quot.sound]
'SharpWasserstein.RoughEulerianSmoothing.spaceTimeFlux' depends on axioms: [propext, Classical.choice, Quot.sound]
'SharpWasserstein.RoughEulerianSmoothing.spaceTimeDensity_nonneg' depends on axioms: [propext,
 Classical.choice,
 Quot.sound]
'SharpWasserstein.RoughEulerianSmoothing.spaceTimeDensity_smooth' depends on axioms: [propext,
 Classical.choice,
 Quot.sound]
'SharpWasserstein.RoughEulerianSmoothing.spaceTimeFlux_smooth' depends on axioms: [propext,
 Classical.choice,
 Quot.sound]
'SharpWasserstein.RoughEulerianSmoothing.spaceTimeFlux_compact' depends on axioms: [propext,
 Classical.choice,
 Quot.sound]
'SharpWasserstein.RoughEulerianSmoothing.spaceTimeFloorVelocity_smooth' depends on axioms: [propext,
 Classical.choice,
 Quot.sound]
'SharpWasserstein.RoughEulerianSmoothing.spaceTimeFloorVelocity_regular' depends on axioms: [propext,
 Classical.choice,
 Quot.sound]
'SharpWasserstein.RoughEulerianTime.kernel_smul_joint_integrable' depends on axioms: [propext,
 Classical.choice,
 Quot.sound]
'SharpWasserstein.RoughEulerianTime.integral_kernel_mul' depends on axioms: [propext, Classical.choice, Quot.sound]
'SharpWasserstein.RoughEulerianTime.kernel_mul_integrable' depends on axioms: [propext, Classical.choice, Quot.sound]
'SharpWasserstein.RoughEulerianTime.kernel_floor_action_le' depends on axioms: [propext, Classical.choice, Quot.sound]
'SharpWasserstein.RoughEulerianTime.kernel_floor_action_integrable_and_le' depends on axioms: [propext,
 Classical.choice,
 Quot.sound]
'SharpWasserstein.RoughEulerianSmoothing.spaceTimeRegularizedLaw_integral_test_continuous' depends on axioms: [propext,
 Classical.choice,
 Quot.sound]
'SharpWasserstein.RoughEulerianSmoothing.averagingTime' depends on axioms: [propext, Classical.choice, Quot.sound]
'SharpWasserstein.RoughEulerianSmoothing.averagingTime_mem' depends on axioms: [propext, Classical.choice, Quot.sound]
'SharpWasserstein.RoughEulerianSmoothing.averagingTime_continuous' depends on axioms: [propext,
 Classical.choice,
 Quot.sound]
'SharpWasserstein.RoughEulerianSmoothing.averagingTime_eq' depends on axioms: [propext, Classical.choice, Quot.sound]
'SharpWasserstein.RoughEulerianSmoothing.spaceTimeProbabilityCurve' depends on axioms: [propext,
 Classical.choice,
 Quot.sound]
'SharpWasserstein.RoughEulerianSmoothing.spaceTimeProbabilityCurve_coe' depends on axioms: [propext,
 Classical.choice,
 Quot.sound]
'SharpWasserstein.RoughEulerianSmoothing.spaceTimeProbabilityCurve_quadratic' depends on axioms: [propext,
 Classical.choice,
 Quot.sound]
'SharpWasserstein.RoughEulerianSmoothing.spaceTimeProbabilityCurve_continuous' depends on axioms: [propext,
 Classical.choice,
 Quot.sound]
'SharpWasserstein.RoughEulerianSmoothing.spaceTimeProbabilityCurve_action' depends on axioms: [propext,
 Classical.choice,
 Quot.sound]
'SharpWasserstein.RoughEulerianSmoothing.compProd_norm_le' depends on axioms: [propext, Classical.choice, Quot.sound]
'SharpWasserstein.RoughEulerianSmoothing.hasSecondMoment_configuration_of_quadratic' depends on axioms: [propext,
 Classical.choice,
 Quot.sound]
'SharpWasserstein.RoughEulerianSmoothing.spaceTimeDensity_eq_averaged' depends on axioms: [propext,
 Classical.choice,
 Quot.sound]
'SharpWasserstein.RoughEulerianSmoothing.spaceTimeFlux_eq_weighted' depends on axioms: [propext,
 Classical.choice,
 Quot.sound]
'SharpWasserstein.RoughEulerianSmoothing.spaceTimeRegularizedLaw' depends on axioms: [propext,
 Classical.choice,
 Quot.sound]
'SharpWasserstein.RoughEulerianSmoothing.spaceTimeRegularizedLaw_eq' depends on axioms: [propext,
 Classical.choice,
 Quot.sound]
'SharpWasserstein.RoughEulerianSmoothing.spaceTimeRegularizedLaw_probability' depends on axioms: [propext,
 Classical.choice,
 Quot.sound]
'SharpWasserstein.RoughEulerianSmoothing.spaceTimeRegularizedLaw_action_eq' depends on axioms: [propext,
 Classical.choice,
 Quot.sound]
'SharpWasserstein.RoughEulerianSmoothing.spaceTimeRegularizedLaw_action_integrable_and_le' depends on axioms: [propext,
 Classical.choice,
 Quot.sound]
'SharpWasserstein.RoughEulerianTime.timeWeight' depends on axioms: [propext, Classical.choice, Quot.sound]
'SharpWasserstein.RoughEulerianTime.timeWeight_measurable' depends on axioms: [propext, Classical.choice, Quot.sound]
'SharpWasserstein.RoughEulerianTime.weightedTimeKernel' depends on axioms: [propext, Classical.choice, Quot.sound]
'SharpWasserstein.RoughEulerianTime.weightedTimeKernel_apply' depends on axioms: [propext, Classical.choice, Quot.sound]
'SharpWasserstein.RoughEulerianTime.averagedKernel' depends on axioms: [propext, Classical.choice, Quot.sound]
'SharpWasserstein.RoughEulerianTime.averagedKernel_apply' depends on axioms: [propext, Classical.choice, Quot.sound]
'SharpWasserstein.RoughEulerianTime.integral_weightedTimeKernel' depends on axioms: [propext,
 Classical.choice,
 Quot.sound]
'SharpWasserstein.RoughEulerianTime.integral_averagedKernel' depends on axioms: [propext, Classical.choice, Quot.sound]
'SharpWasserstein.RoughEulerianTime.averagedKernel_probability' depends on axioms: [propext,
 Classical.choice,
 Quot.sound]
'SharpWasserstein.RoughEulerianTime.averagedKernel_support' depends on axioms: [propext, Classical.choice, Quot.sound]
'SharpWasserstein.RoughEulerianSmoothing.averagedKernel_norm_le' depends on axioms: [propext,
 Classical.choice,
 Quot.sound]
'SharpWasserstein.RoughEulerianSmoothing.density_eq_zero_of_norm_gt' depends on axioms: [propext,
 Classical.choice,
 Quot.sound]
'SharpWasserstein.RoughEulerianSmoothing.regularizedLaw_quadratic_le' depends on axioms: [propext,
 Classical.choice,
 Quot.sound]
'SharpWasserstein.RoughEulerianSmoothing.spaceTimeRegularizedLaw_quadratic' depends on axioms: [propext,
 Classical.choice,
 Quot.sound]
'SharpWasserstein.RoughEulerianSmoothing.spaceTimeKernel_integrable' depends on axioms: [propext,
 Classical.choice,
 Quot.sound]
'SharpWasserstein.RoughEulerianSmoothing.spaceTimeKernel_integral' depends on axioms: [propext,
 Classical.choice,
 Quot.sound]
'SharpWasserstein.RoughEulerianSmoothing.integral_spaceTimeKernel_mul' depends on axioms: [propext,
 Classical.choice,
 Quot.sound]
'SharpWasserstein.RoughEulerianSmoothing.spaceTimeFloor_action_integrable_and_le' depends on axioms: [propext,
 Classical.choice,
 Quot.sound]
'SharpWasserstein.RoughEulerianSmoothing.spaceTimeFloor_action_time_restrict' depends on axioms: [propext,
 Classical.choice,
 Quot.sound]
'SharpWasserstein.RoughEulerianTime.timeBump' depends on axioms: [propext, Classical.choice, Quot.sound]
'SharpWasserstein.RoughEulerianTime.timeKernel' depends on axioms: [propext, Classical.choice, Quot.sound]
'SharpWasserstein.RoughEulerianTime.timeKernel_nonneg' depends on axioms: [propext, Classical.choice, Quot.sound]
'SharpWasserstein.RoughEulerianTime.timeKernel_smooth' depends on axioms: [propext, Classical.choice, Quot.sound]
'SharpWasserstein.RoughEulerianTime.timeKernel_compact' depends on axioms: [propext, Classical.choice, Quot.sound]
'SharpWasserstein.RoughEulerianTime.timeKernel_integrable' depends on axioms: [propext, Classical.choice, Quot.sound]
'SharpWasserstein.RoughEulerianTime.timeKernel_integral' depends on axioms: [propext, Classical.choice, Quot.sound]
'SharpWasserstein.RoughEulerianTime.timeKernel_neg' depends on axioms: [propext, Classical.choice, Quot.sound]
'SharpWasserstein.RoughEulerianTime.timeKernel_eq_zero' depends on axioms: [propext, Classical.choice, Quot.sound]
'SharpWasserstein.RoughEulerianTime.timeKernel_hasDerivAt' depends on axioms: [propext, Classical.choice, Quot.sound]
'SharpWasserstein.RoughEulerianTime.timeKernel_deriv_continuous' depends on axioms: [propext,
 Classical.choice,
 Quot.sound]
'SharpWasserstein.RoughEulerianTime.timeKernel_bounds' depends on axioms: [propext, Classical.choice, Quot.sound]
'SharpWasserstein.RoughEulerianTime.timeKernel_window_normalization' depends on axioms: [propext,
 Classical.choice,
 Quot.sound]
'SharpWasserstein.RoughEulerianTime.timeKernel_hasDerivAt_source' depends on axioms: [propext,
 Classical.choice,
 Quot.sound]
'SharpWasserstein.RoughEulerianTime.integral_primitive_swap' depends on axioms: [propext, Classical.choice, Quot.sound]
'SharpWasserstein.RoughEulerianTime.integral_derivative_mul_primitive' depends on axioms: [propext,
 Classical.choice,
 Quot.sound]
'SharpWasserstein.RoughEulerianTime.integral_derivative_mul_weak_curve' depends on axioms: [propext,
 Classical.choice,
 Quot.sound]
'SharpWasserstein.RoughEulerianTime.timeConvolution' depends on axioms: [propext, Classical.choice, Quot.sound]
'SharpWasserstein.RoughEulerianTime.timeConvolution_hasDerivAt' depends on axioms: [propext,
 Classical.choice,
 Quot.sound]
'SharpWasserstein.RoughEulerianTime.timeConvolution_derivative_eq_source' depends on axioms: [propext,
 Classical.choice,
 Quot.sound]
'SharpWasserstein.RoughEulerianTime.timeConvolution_hasDerivAt_source' depends on axioms: [propext,
 Classical.choice,
 Quot.sound]
'SharpWasserstein.RoughEulerianTime.compactTestBCF' depends on axioms: [propext, Classical.choice, Quot.sound]
'SharpWasserstein.RoughEulerianTime.continuous_compact_test_pairing' depends on axioms: [propext,
 Classical.choice,
 Quot.sound]
'SharpWasserstein.RoughEulerianTime.compact_curve_timeKernel_hasDerivAt' depends on axioms: [propext,
 Classical.choice,
 Quot.sound]
'SharpWasserstein.RoughEulerianTime.compact_curve_timeKernel_hasDerivAt_flux' depends on axioms: [propext,
 Classical.choice,
 Quot.sound]
'SharpWasserstein.RoughEulerianTransport.CompactDistributionContinuity' depends on axioms: [propext,
 Classical.choice,
 Quot.sound]
'SharpWasserstein.RoughEulerianTransport.curveSpaceTimeMeasure' depends on axioms: [propext,
 Classical.choice,
 Quot.sound]
'SharpWasserstein.RoughEulerianTransport.curveFlux' depends on axioms: [propext, Classical.choice, Quot.sound]
'SharpWasserstein.RoughEulerianTransport.curveFlux_stronglyMeasurable' depends on axioms: [propext,
 Classical.choice,
 Quot.sound]
'SharpWasserstein.RoughEulerianTransport.source_integrable_horizon' depends on axioms: [propext,
 Classical.choice,
 Quot.sound]
'SharpWasserstein.RoughEulerianTransport.curveFlux_energy_le' depends on axioms: [propext, Classical.choice, Quot.sound]
'SharpWasserstein.RoughEulerianTransport.curveFlux_pairing_integrable' depends on axioms: [propext,
 Classical.choice,
 Quot.sound]
'SharpWasserstein.RoughEulerianTransport.curveFlux_continuity_equation' depends on axioms: [propext,
 Classical.choice,
 Quot.sound]
'SharpWasserstein.RoughEulerianTransport.exists_measurable_finiteAction_flux' depends on axioms: [propext,
 Classical.choice,
 Quot.sound]
'SharpWasserstein.RoughEulerianTransport.exists_flux_of_finite_tangent_energy' depends on axioms: [propext,
 Classical.choice,
 Quot.sound]
'SharpWasserstein.RoughEulerianTransport.lowerSemicontinuous_extendedEnergy' depends on axioms: [propext,
 Classical.choice,
 Quot.sound]
'SharpWasserstein.RoughEulerianTransport.measurable_extendedEnergy' depends on axioms: [propext,
 Classical.choice,
 Quot.sound]
'SharpWasserstein.RoughEulerianTransport.measurable_finite_energy' depends on axioms: [propext,
 Classical.choice,
 Quot.sound]
'SharpWasserstein.RoughEulerianTransport.spatial_inclusion_hasFDerivAt' depends on axioms: [propext,
 Classical.choice,
 Quot.sound]
'SharpWasserstein.RoughEulerianTransport.spatial_fderiv' depends on axioms: [propext, Classical.choice, Quot.sound]
'SharpWasserstein.RoughEulerianTransport.spatial_allDerivativesBounded' depends on axioms: [propext,
 Classical.choice,
 Quot.sound]
'SharpWasserstein.RoughEulerianTransport.joint_spatial_regular' depends on axioms: [propext,
 Classical.choice,
 Quot.sound]
'SharpWasserstein.RoughEulerianTransport.EuclideanCompactWeakContinuity.wassersteinSq_le_finiteAction_of_joint_smooth' depends on axioms: [propext,
 Classical.choice,
 Quot.sound]
'SharpWasserstein.RoughEulerianTransport.spaceTimeFloorVelocity_spatial_regular' depends on axioms: [propext,
 Classical.choice,
 Quot.sound]
'SharpWasserstein.RoughEulerianTransport.measurable_measure_of_continuous_probability' depends on axioms: [propext,
 Classical.choice,
 Quot.sound]
'SharpWasserstein.RoughEulerianTransport.probabilityCurveKernel' depends on axioms: [propext,
 Classical.choice,
 Quot.sound]
'SharpWasserstein.RoughEulerianTransport.probabilityCurveKernel_apply' depends on axioms: [propext,
 Classical.choice,
 Quot.sound]
'SharpWasserstein.RoughEulerianTransport.quadraticLaw_tendsto_of_wassersteinSq' depends on axioms: [propext,
 Classical.choice,
 Quot.sound]
'SharpWasserstein.RoughEulerianTransport.wassersteinSq_tendsto_of_endpoints' depends on axioms: [propext,
 Classical.choice,
 Quot.sound]
'SharpWasserstein.RoughEulerianTransport.wassersteinSq_le_of_regularized_endpoints' depends on axioms: [propext,
 Classical.choice,
 Quot.sound]
'SharpWasserstein.RoughEulerianTransport.wassersteinSq_le_of_regularized_action_limit' depends on axioms: [propext,
 Classical.choice,
 Quot.sound]
'SharpWasserstein.RoughEulerianTransport.localizedTest' depends on axioms: [propext, Classical.choice, Quot.sound]
'SharpWasserstein.RoughEulerianTransport.fieldGradient_localizedTest' depends on axioms: [propext,
 Classical.choice,
 Quot.sound]
'SharpWasserstein.RoughEulerianTransport.localizedField' depends on axioms: [propext, Classical.choice, Quot.sound]
'SharpWasserstein.RoughEulerianTransport.spaceTimeFlux_localized_pairing' depends on axioms: [propext,
 Classical.choice,
 Quot.sound]
'SharpWasserstein.RoughEulerianTransport.spaceTimeFlux_test_integrable' depends on axioms: [propext,
 Classical.choice,
 Quot.sound]
'SharpWasserstein.RoughEulerianTransport.spaceTimeFlux_set_pairing' depends on axioms: [propext,
 Classical.choice,
 Quot.sound]
'SharpWasserstein.RoughEulerianTransport.objective_le_energy_of_finite' depends on axioms: [propext,
 Classical.choice,
 Quot.sound]
'SharpWasserstein.RoughEulerianTransport.integral_sqrt_sq_le_time_mul' depends on axioms: [propext,
 Classical.choice,
 Quot.sound]
'SharpWasserstein.RoughEulerianTransport.regular_wassersteinSq_le_finiteAction' depends on axioms: [propext,
 Classical.choice,
 Quot.sound]
'SharpWasserstein.RoughEulerianTransport.equivDrift_fderiv' depends on axioms: [propext, Classical.choice, Quot.sound]
'SharpWasserstein.RoughEulerianTransport.equivDrift_fderiv_lipschitz' depends on axioms: [propext,
 Classical.choice,
 Quot.sound]
'SharpWasserstein.RoughEulerianTransport.EuclideanCompactWeakContinuity' depends on axioms: [propext,
 Classical.choice,
 Quot.sound]
'SharpWasserstein.RoughEulerianTransport.configurationVelocity' depends on axioms: [propext,
 Classical.choice,
 Quot.sound]
'SharpWasserstein.RoughEulerianTransport.configurationCurve' depends on axioms: [propext, Classical.choice, Quot.sound]
'SharpWasserstein.RoughEulerianTransport.EuclideanCompactWeakContinuity.toConfiguration' depends on axioms: [propext,
 Classical.choice,
 Quot.sound]
'SharpWasserstein.RoughEulerianTransport.configuration_action_eq' depends on axioms: [propext,
 Classical.choice,
 Quot.sound]
'SharpWasserstein.RoughEulerianTransport.EuclideanCompactWeakContinuity.wassersteinSq_le_finiteAction' depends on axioms: [propext,
 Classical.choice,
 Quot.sound]
'SharpWasserstein.RoughEulerianTransport.fieldGradient' depends on axioms: [propext, Classical.choice, Quot.sound]
'SharpWasserstein.RoughEulerianTransport.fieldGradient_add' depends on axioms: [propext, Classical.choice, Quot.sound]
'SharpWasserstein.RoughEulerianTransport.fieldGradient_smul' depends on axioms: [propext, Classical.choice, Quot.sound]
'SharpWasserstein.RoughEulerianTransport.fieldGradient_zero' depends on axioms: [propext, Classical.choice, Quot.sound]
'SharpWasserstein.RoughEulerianTransport.fieldSpace' depends on axioms: [propext, Classical.choice, Quot.sound]
'SharpWasserstein.RoughEulerianTransport.Field' depends on axioms: [propext, Classical.choice, Quot.sound]
'SharpWasserstein.RoughEulerianTransport.fieldAction' depends on axioms: [propext, Classical.choice, Quot.sound]
'SharpWasserstein.RoughEulerianTransport.fieldGradientLp' depends on axioms: [propext, Classical.choice, Quot.sound]
'SharpWasserstein.RoughEulerianTransport.fieldGradientLp_ae' depends on axioms: [propext, Classical.choice, Quot.sound]
'SharpWasserstein.RoughEulerianTransport.fieldGradientLinear' depends on axioms: [propext, Classical.choice, Quot.sound]
'SharpWasserstein.RoughEulerianTransport.fieldClosure' depends on axioms: [propext, Classical.choice, Quot.sound]
'SharpWasserstein.RoughEulerianTransport.fieldIntoClosure' depends on axioms: [propext, Classical.choice, Quot.sound]
'SharpWasserstein.RoughEulerianTransport.dense_fieldIntoClosure' depends on axioms: [propext,
 Classical.choice,
 Quot.sound]
'SharpWasserstein.RoughEulerianTransport.fieldGradientLp_norm_sq' depends on axioms: [propext,
 Classical.choice,
 Quot.sound]
'SharpWasserstein.RoughEulerianTransport.field_objective_le_integral' depends on axioms: [propext,
 Classical.choice,
 Quot.sound]
'SharpWasserstein.RoughEulerianTransport.spaceTimeRepresentative' depends on axioms: [propext,
 Classical.choice,
 Quot.sound]
'SharpWasserstein.RoughEulerianTransport.spaceTimeFlux' depends on axioms: [propext, Classical.choice, Quot.sound]
'SharpWasserstein.RoughEulerianTransport.spaceTimeFlux_pairing' depends on axioms: [propext,
 Classical.choice,
 Quot.sound]
'SharpWasserstein.RoughEulerianTransport.spaceTimeFlux_energy_le' depends on axioms: [propext,
 Classical.choice,
 Quot.sound]
'SharpWasserstein.RoughEulerianTransport.wassersteinSq_tendsto_zero_triangle' depends on axioms: [propext,
 Classical.choice,
 Quot.sound]
'SharpWasserstein.RoughEulerianTransport.regularizedLaw_moving_wassersteinSq_tendsto' depends on axioms: [propext,
 Classical.choice,
 Quot.sound]
'SharpWasserstein.RoughEulerianTransport.spaceTimeRegularizedLaw_wassersteinSq_tendsto_commonLabel' depends on axioms: [propext,
 Classical.choice,
 Quot.sound]
'SharpWasserstein.RoughEulerianTransport.timeSampling' depends on axioms: [propext, Classical.choice, Quot.sound]
'SharpWasserstein.RoughEulerianTransport.timeSampling_probability' depends on axioms: [propext,
 Classical.choice,
 Quot.sound]
'SharpWasserstein.RoughEulerianTransport.timeSampling_support' depends on axioms: [propext,
 Classical.choice,
 Quot.sound]
'SharpWasserstein.RoughEulerianTransport.timeSampling_lintegral_tendsto_zero' depends on axioms: [propext,
 Classical.choice,
 Quot.sound]
'SharpWasserstein.RoughEulerianTransport.averagedKernel_eq_commonLabel' depends on axioms: [propext,
 Classical.choice,
 Quot.sound]
'SharpWasserstein.RoughEulerianTransport.averagedKernel_configuration_eq_commonLabel' depends on axioms: [propext,
 Classical.choice,
 Quot.sound]
'SharpWasserstein.RoughEulerianTransport.averagedKernel_wassersteinSq_le_commonLabel' depends on axioms: [propext,
 Classical.choice,
 Quot.sound]
'SharpWasserstein.RoughEulerianTransport.averagedKernel_wassersteinSq_tendsto_commonLabel' depends on axioms: [propext,
 Classical.choice,
 Quot.sound]
'SharpWasserstein.RoughEulerianTransport.compressed_wassersteinSq_le_uniform_action' depends on axioms: [propext,
 Classical.choice,
 Quot.sound]
'SharpWasserstein.RoughEulerianTransport.wassersteinSq_le_uniform_action' depends on axioms: [propext,
 Classical.choice,
 Quot.sound]
'SharpWasserstein.RoughEulerianTransport.uniform_finite_action_transport' depends on axioms: [propext,
 Classical.choice,
 Quot.sound]
'SharpWasserstein.RoughEulerianTransport.actionUnitScale' depends on axioms: [propext, Classical.choice, Quot.sound]
'SharpWasserstein.RoughEulerianTransport.actionUnitScale_pos' depends on axioms: [propext, Classical.choice, Quot.sound]
'SharpWasserstein.RoughEulerianTransport.actionUnitScale_le_one' depends on axioms: [propext,
 Classical.choice,
 Quot.sound]
'SharpWasserstein.RoughEulerianTransport.actionUnitScale_tendsto' depends on axioms: [propext,
 Classical.choice,
 Quot.sound]
'SharpWasserstein.RoughEulerianTransport.actionTimeScale' depends on axioms: [propext, Classical.choice, Quot.sound]
'SharpWasserstein.RoughEulerianTransport.actionTimeScale_pos' depends on axioms: [propext, Classical.choice, Quot.sound]
'SharpWasserstein.RoughEulerianTransport.actionTimeScale_le' depends on axioms: [propext, Classical.choice, Quot.sound]
'SharpWasserstein.RoughEulerianTransport.actionTimeScale_tendsto' depends on axioms: [propext,
 Classical.choice,
 Quot.sound]
'SharpWasserstein.RoughEulerianTransport.actionTimeScale_interior' depends on axioms: [propext,
 Classical.choice,
 Quot.sound]
'SharpWasserstein.RoughEulerianTransport.euclideanQuadraticLaw' depends on axioms: [propext,
 Classical.choice,
 Quot.sound]
'SharpWasserstein.RoughEulerianTransport.compressedMeasure_quadratic' depends on axioms: [propext,
 Classical.choice,
 Quot.sound]
'SharpWasserstein.RoughEulerianTransport.compressedMeasure_configuration' depends on axioms: [propext,
 Classical.choice,
 Quot.sound]
'SharpWasserstein.RoughEulerianTransport.compressedMeasure_wassersteinSq_tendsto' depends on axioms: [propext,
 Classical.choice,
 Quot.sound]
'SharpWasserstein.RoughEulerianTransport.spaceTimeQuadraticLaw' depends on axioms: [propext,
 Classical.choice,
 Quot.sound]
'SharpWasserstein.RoughEulerianTransport.UniformFiniteActionTransport' depends on axioms: [propext,
 Classical.choice,
 Quot.sound]
'SharpWasserstein.RoughUniformAction.compressedJoint' depends on axioms: [propext, Classical.choice, Quot.sound]
'SharpWasserstein.RoughUniformAction.compressedField' depends on axioms: [propext, Classical.choice, Quot.sound]
'SharpWasserstein.RoughUniformAction.compressedJoint_eq' depends on axioms: [propext, Classical.choice, Quot.sound]
'SharpWasserstein.RoughUniformAction.compressedField_integrable' depends on axioms: [propext,
 Classical.choice,
 Quot.sound]
'SharpWasserstein.RoughUniformAction.compressedField_sq_integrable' depends on axioms: [propext,
 Classical.choice,
 Quot.sound]
'SharpWasserstein.RoughUniformAction.compressedJoint_support' depends on axioms: [propext, Classical.choice, Quot.sound]
'SharpWasserstein.RoughUniformAction.integral_constant_horizon' depends on axioms: [propext,
 Classical.choice,
 Quot.sound]
'SharpWasserstein.RoughUniformAction.compressedField_action_le' depends on axioms: [propext,
 Classical.choice,
 Quot.sound]
'SharpWasserstein.RoughUniformAction.compressedField_restricted_action_le' depends on axioms: [propext,
 Classical.choice,
 Quot.sound]
'SharpWasserstein.RoughUniformAction.compressedField_equation' depends on axioms: [propext,
 Classical.choice,
 Quot.sound]
'SharpWasserstein.RoughUniformAction.compressed_regularized_wassersteinSq_le' depends on axioms: [propext,
 Classical.choice,
 Quot.sound]
'SharpWasserstein.SinePeriodization.scalar' depends on axioms: [propext, Classical.choice, Quot.sound]
'SharpWasserstein.SinePeriodization.coordinates' depends on axioms: [propext, Classical.choice, Quot.sound]
'SharpWasserstein.SinePeriodization.kernel' depends on axioms: [propext, Classical.choice, Quot.sound]
'SharpWasserstein.SinePeriodization.scalar_contDiff' depends on axioms: [propext, Classical.choice, Quot.sound]
'SharpWasserstein.SinePeriodization.coordinates_contDiff' depends on axioms: [propext, Classical.choice, Quot.sound]
'SharpWasserstein.SinePeriodization.kernel_contDiff' depends on axioms: [propext, Classical.choice, Quot.sound]
'SharpWasserstein.SinePeriodization.scalar_periodic' depends on axioms: [propext, Classical.choice, Quot.sound]
'SharpWasserstein.SinePeriodization.scalar_lipschitz' depends on axioms: [propext, Classical.choice, Quot.sound]
'SharpWasserstein.SinePeriodization.coordinates_lipschitz' depends on axioms: [propext, Classical.choice, Quot.sound]
'SharpWasserstein.SinePeriodization.scalar_error' depends on axioms: [propext, Classical.choice, Quot.sound]
'SharpWasserstein.SinePeriodization.coordinates_error' depends on axioms: [propext, Classical.choice, Quot.sound]
'SharpWasserstein.SinePeriodization.kernel_value_bound' depends on axioms: [propext, Classical.choice, Quot.sound]
'SharpWasserstein.SinePeriodization.kernel_first_lipschitz' depends on axioms: [propext, Classical.choice, Quot.sound]
'SharpWasserstein.SinePeriodization.kernel_second_lipschitz' depends on axioms: [propext, Classical.choice, Quot.sound]
'SharpWasserstein.SinePeriodization.coordinates_periodic' depends on axioms: [propext, Classical.choice, Quot.sound]
'SharpWasserstein.SinePeriodization.kernel_periodic_first' depends on axioms: [propext, Classical.choice, Quot.sound]
'SharpWasserstein.SinePeriodization.kernel_periodic_second' depends on axioms: [propext, Classical.choice, Quot.sound]
'SharpWasserstein.SinePeriodization.kernel_bounds' depends on axioms: [propext, Classical.choice, Quot.sound]
'SharpWasserstein.SinePeriodization.kernel_error' depends on axioms: [propext, Classical.choice, Quot.sound]
'SharpWasserstein.SinePeriodization.kernel_uniformOn_ball' depends on axioms: [propext, Classical.choice, Quot.sound]
'SharpWasserstein.SinePeriodization.kernel_locallyUniform' depends on axioms: [propext, Classical.choice, Quot.sound]
'SharpWasserstein.SinePeriodization.scalar_hasDerivAt' depends on axioms: [propext, Classical.choice, Quot.sound]
'SharpWasserstein.SinePeriodization.coordinateProjection' depends on axioms: [propext, Classical.choice, Quot.sound]
'SharpWasserstein.SinePeriodization.coordinateDerivative' depends on axioms: [propext, Classical.choice, Quot.sound]
'SharpWasserstein.SinePeriodization.coordinateDerivative_apply' depends on axioms: [propext,
 Classical.choice,
 Quot.sound]
'SharpWasserstein.SinePeriodization.coordinateProjection_sum' depends on axioms: [propext, Classical.choice, Quot.sound]
'SharpWasserstein.SinePeriodization.coordinates_hasFDerivAt' depends on axioms: [propext, Classical.choice, Quot.sound]
'SharpWasserstein.SinePeriodization.fderiv_coordinates' depends on axioms: [propext, Classical.choice, Quot.sound]
'SharpWasserstein.SinePeriodization.coordinateDerivative_tendsto' depends on axioms: [propext,
 Classical.choice,
 Quot.sound]
'SharpWasserstein.SinePeriodization.coordinates_tendsto' depends on axioms: [propext, Classical.choice, Quot.sound]
'SharpWasserstein.SinePeriodization.coordinates_moving_tendsto' depends on axioms: [propext,
 Classical.choice,
 Quot.sound]
'SharpWasserstein.SinePeriodization.fderiv_kernel' depends on axioms: [propext, Classical.choice, Quot.sound]
'SharpWasserstein.SinePeriodization.fderiv_kernel_moving_tendsto' depends on axioms: [propext,
 Classical.choice,
 Quot.sound]
'SharpWasserstein.NoiseAverage.allDerivativesBounded_cos' depends on axioms: [propext, Classical.choice, Quot.sound]
'SharpWasserstein.NoiseAverage.allDerivativesBounded_sin' depends on axioms: [propext, Classical.choice, Quot.sound]
'SharpWasserstein.NoiseAverage.allDerivativesBounded_comp_linear' depends on axioms: [propext,
 Classical.choice,
 Quot.sound]
'SharpWasserstein.NoiseAverage.measure_eq_of_integral_smooth_bounded_eq' depends on axioms: [propext,
 Classical.choice,
 Quot.sound]
'SharpWasserstein.SmoothCutoff.baseBump' depends on axioms: [propext, Classical.choice, Quot.sound]
'SharpWasserstein.SmoothCutoff.base_lipschitz_exists' depends on axioms: [propext, Classical.choice, Quot.sound]
'SharpWasserstein.SmoothCutoff.baseLipschitzConstant' depends on axioms: [propext, Classical.choice, Quot.sound]
'SharpWasserstein.SmoothCutoff.base_lipschitz' depends on axioms: [propext, Classical.choice, Quot.sound]
'SharpWasserstein.SmoothCutoff.cutoff' depends on axioms: [propext, Classical.choice, Quot.sound]
'SharpWasserstein.SmoothCutoff.cutoff_contDiff' depends on axioms: [propext, Classical.choice, Quot.sound]
'SharpWasserstein.SmoothCutoff.cutoff_compact' depends on axioms: [propext, Classical.choice, Quot.sound]
'SharpWasserstein.SmoothCutoff.cutoff_nonneg' depends on axioms: [propext, Classical.choice, Quot.sound]
'SharpWasserstein.SmoothCutoff.cutoff_abs_le_one' depends on axioms: [propext, Classical.choice, Quot.sound]
'SharpWasserstein.SmoothCutoff.norm_gradient_eq_fderiv' depends on axioms: [propext, Classical.choice, Quot.sound]
'SharpWasserstein.SmoothCutoff.cutoff_gradient_bound_scaled' depends on axioms: [propext, Classical.choice, Quot.sound]
'SharpWasserstein.SmoothCutoff.cutoff_gradient_bound' depends on axioms: [propext, Classical.choice, Quot.sound]
'SharpWasserstein.SmoothCutoff.cutoff_eventuallyEq_one' depends on axioms: [propext, Classical.choice, Quot.sound]
'SharpWasserstein.SmoothCutoff.approximate' depends on axioms: [propext, Classical.choice, Quot.sound]
'SharpWasserstein.SmoothCutoff.approximate_gradient_bound' depends on axioms: [propext, Classical.choice, Quot.sound]
'SharpWasserstein.SmoothCutoff.approximate_gradient_eventuallyEq' depends on axioms: [propext,
 Classical.choice,
 Quot.sound]
'SharpWasserstein.SmoothCutoff.exists_test_approximation' depends on axioms: [propext, Classical.choice, Quot.sound]
'SharpWasserstein.SmoothCutoff.base_derivative_lipschitz_exists' depends on axioms: [propext,
 Classical.choice,
 Quot.sound]
'SharpWasserstein.SmoothCutoff.baseHessianConstant' depends on axioms: [propext, Classical.choice, Quot.sound]
'SharpWasserstein.SmoothCutoff.base_derivative_lipschitz' depends on axioms: [propext, Classical.choice, Quot.sound]
'SharpWasserstein.SmoothCutoff.base_second_derivative_bound' depends on axioms: [propext, Classical.choice, Quot.sound]
'SharpWasserstein.SmoothCutoff.second_derivative_comp_smul' depends on axioms: [propext, Classical.choice, Quot.sound]
'SharpWasserstein.SmoothCutoff.cutoff_second_derivative_bound_scaled' depends on axioms: [propext,
 Classical.choice,
 Quot.sound]
'SharpWasserstein.SmoothCutoff.hessian_entry_le_second_derivative' depends on axioms: [propext,
 Classical.choice,
 Quot.sound]
'SharpWasserstein.SmoothCutoff.cutoff_hessian_entry_bound_scaled' depends on axioms: [propext,
 Classical.choice,
 Quot.sound]
'SharpWasserstein.SmoothCutoff.cutoff_laplacian_bound_scaled' depends on axioms: [propext, Classical.choice, Quot.sound]
'SharpWasserstein.SmoothCutoff.cutoff_laplacian_bound' depends on axioms: [propext, Classical.choice, Quot.sound]
'SharpWasserstein.SmoothCutoff.directionDeriv_add' depends on axioms: [propext, Classical.choice, Quot.sound]
'SharpWasserstein.SmoothCutoff.directionDeriv_mul_twice' depends on axioms: [propext, Classical.choice, Quot.sound]
'SharpWasserstein.SmoothCutoff.laplacian_mul' depends on axioms: [propext, Classical.choice, Quot.sound]
'SharpWasserstein.SmoothCutoff.approximate_abs_bound' depends on axioms: [propext, Classical.choice, Quot.sound]
'SharpWasserstein.SmoothCutoff.approximate_laplacian_bound' depends on axioms: [propext, Classical.choice, Quot.sound]
'SharpWasserstein.SmoothCutoff.laplacian_eq_of_eventuallyEq' depends on axioms: [propext, Classical.choice, Quot.sound]
'SharpWasserstein.SmoothCutoff.approximate_laplacian_eventuallyEq' depends on axioms: [propext,
 Classical.choice,
 Quot.sound]
'SharpWasserstein.squareExponentialConstant' depends on axioms: [propext, Classical.choice, Quot.sound]
'SharpWasserstein.subGaussianSquare_gaussian_density_identity' depends on axioms: [propext,
 Classical.choice,
 Quot.sound]
'SharpWasserstein.integrable_exp_square_standardGaussian' depends on axioms: [propext, Classical.choice, Quot.sound]
'SharpWasserstein.integral_exp_square_standardGaussian' depends on axioms: [propext, Classical.choice, Quot.sound]
'SharpWasserstein.integral_exp_square_le_of_subGaussian' depends on axioms: [propext, Classical.choice, Quot.sound]
'SharpWasserstein.BrownianParticle.law_time_wassersteinSq_le' depends on axioms: [propext, Classical.choice, Quot.sound]
'SharpWasserstein.SwitchCurve.law' depends on axioms: [propext, Classical.choice, Quot.sound]
'SharpWasserstein.SwitchCurve.law_probability' depends on axioms: [propext, Classical.choice, Quot.sound]
'SharpWasserstein.SwitchCurve.law_secondMoment' depends on axioms: [propext, Classical.choice, Quot.sound]
'SharpWasserstein.SwitchCurve.law_zero' depends on axioms: [propext, Classical.choice, Quot.sound]
'SharpWasserstein.SwitchCurve.law_terminal' depends on axioms: [propext, Classical.choice, Quot.sound]
'SharpWasserstein.SwitchCurve.law_root_modulus' depends on axioms: [propext, Classical.choice, Quot.sound]
'SharpWasserstein.SwitchCurve.law_wassersteinSq_tendsto' depends on axioms: [propext, Classical.choice, Quot.sound]
'SharpWasserstein.SwitchCurve.jointEndpoint' depends on axioms: [propext, Classical.choice, Quot.sound]
'SharpWasserstein.SwitchCurve.jointEndpoint_continuous' depends on axioms: [propext, Classical.choice, Quot.sound]
'SharpWasserstein.SwitchCurve.law_eq_jointEndpoint' depends on axioms: [propext, Classical.choice, Quot.sound]
'SharpWasserstein.SwitchCurve.probabilityCurve' depends on axioms: [propext, Classical.choice, Quot.sound]
'SharpWasserstein.SwitchCurve.probabilityCurve_continuous' depends on axioms: [propext, Classical.choice, Quot.sound]
'SharpWasserstein.SwitchCurve.quadraticCurve' depends on axioms: [propext, Classical.choice, Quot.sound]
'SharpWasserstein.SwitchCurve.continuous_quadraticCurve' depends on axioms: [propext, Classical.choice, Quot.sound]
'SharpWasserstein.SwitchCurve.marginal_wassersteinSq_tendsto' depends on axioms: [propext, Classical.choice, Quot.sound]
'SharpWasserstein.SwitchCurve.law_eq_global' depends on axioms: [propext, Classical.choice, Quot.sound]
'SharpWasserstein.PrescribedSwitchCurve.law' depends on axioms: [propext, Classical.choice, Quot.sound]
'SharpWasserstein.PrescribedSwitchCurve.law_eq_composition' depends on axioms: [propext, Classical.choice, Quot.sound]
'SharpWasserstein.PrescribedSwitchCurve.law_zero' depends on axioms: [propext, Classical.choice, Quot.sound]
'SharpWasserstein.PrescribedSwitchCurve.law_terminal' depends on axioms: [propext, Classical.choice, Quot.sound]
'SharpWasserstein.PrescribedSwitchCurve.law_wassersteinSq_tendsto' depends on axioms: [propext,
 Classical.choice,
 Quot.sound]
'SharpWasserstein.SwitchCurve.integral_three_terms' depends on axioms: [propext, Classical.choice, Quot.sound]
'SharpWasserstein.SwitchCurve.productCost_triangle_sq' depends on axioms: [propext, Classical.choice, Quot.sound]
'SharpWasserstein.SwitchCurve.jointTimeCost' depends on axioms: [propext, Classical.choice, Quot.sound]
'SharpWasserstein.SwitchCurve.jointEndpoint_cost_le' depends on axioms: [propext, Classical.choice, Quot.sound]
'SharpWasserstein.SwitchCurve.jointEndpoint_energy_le' depends on axioms: [propext, Classical.choice, Quot.sound]
'SharpWasserstein.SwitchCurve.jointEndpoint_cost_tendsto' depends on axioms: [propext, Classical.choice, Quot.sound]
'SharpWasserstein.SwitchCurve.jointEndpoint_marginal_cost_tendsto' depends on axioms: [propext,
 Classical.choice,
 Quot.sound]
'SharpWasserstein.SwitchSourceDerivative.sourcePairing_eq_brownianSourceAt' depends on axioms: [propext,
 Classical.choice,
 Quot.sound]
'SharpWasserstein.SwitchSourceDerivative.sourcePairing_continuousOn' depends on axioms: [propext,
 Classical.choice,
 Quot.sound]
'SharpWasserstein.SwitchSourceDerivative.switch_integral_continuousOn' depends on axioms: [propext,
 Classical.choice,
 Quot.sound]
'SharpWasserstein.SwitchSourceDerivative.switch_integral_sub_eq_integral' depends on axioms: [propext,
 Classical.choice,
 Quot.sound]
'SharpWasserstein.SwitchSourceDerivative.switch_integral_hasDerivAt' depends on axioms: [propext,
 Classical.choice,
 Quot.sound]
'SharpWasserstein.SwitchSourceDerivative.driftDifference_memLp' depends on axioms: [propext,
 Classical.choice,
 Quot.sound]
'SharpWasserstein.SwitchSourceDerivative.switch_flux_pairing_integrable' depends on axioms: [propext,
 Classical.choice,
 Quot.sound]
'SharpWasserstein.SwitchSourceDerivative.sourcePairing_eq_integral_JV' depends on axioms: [propext,
 Classical.choice,
 Quot.sound]
'SharpWasserstein.SwitchSourceDerivative.flow_fderiv_joint_continuous' depends on axioms: [propext,
 Classical.choice,
 Quot.sound]
'SharpWasserstein.SwitchSourceDerivative.expectation_fderiv_joint_continuous' depends on axioms: [propext,
 Classical.choice,
 Quot.sound]
'SharpWasserstein.SwitchSourceDerivative.remainingTest_eq_transition' depends on axioms: [propext,
 Classical.choice,
 Quot.sound]
'SharpWasserstein.SwitchSourceDerivative.integral_remainingTest_eq' depends on axioms: [propext,
 Classical.choice,
 Quot.sound]
'SharpWasserstein.SwitchSourceDerivative.switchLaw' depends on axioms: [propext, Classical.choice, Quot.sound]
'SharpWasserstein.SwitchSourceDerivative.switch_integral_increment_eq' depends on axioms: [propext,
 Classical.choice,
 Quot.sound]
'SharpWasserstein.SwitchSourceDerivative.integral_moving_flowTestDifference_hasDerivWithinAt_zero' depends on axioms: [propext,
 Classical.choice,
 Quot.sound]
'SharpWasserstein.SwitchSourceDerivative.test_sub_eq_integral_fderiv' depends on axioms: [propext,
 Classical.choice,
 Quot.sound]
'SharpWasserstein.SwitchSourceDerivative.trajectory_moving_test_difference_hasDerivWithinAt_zero' depends on axioms: [propext,
 Classical.choice,
 Quot.sound]
'SharpWasserstein.SwitchSourceDerivative.particleSourcePairing' depends on axioms: [propext,
 Classical.choice,
 Quot.sound]
'SharpWasserstein.SwitchSourceDerivative.particle_switchLaw_eq' depends on axioms: [propext,
 Classical.choice,
 Quot.sound]
'SharpWasserstein.SwitchSourceDerivative.particle_switch_hasDerivAt' depends on axioms: [propext,
 Classical.choice,
 Quot.sound]
'SharpWasserstein.SwitchSourceDerivative.particle_switch_sub_eq_integral' depends on axioms: [propext,
 Classical.choice,
 Quot.sound]
'SharpWasserstein.SwitchSourceDerivative.strict_test_difference_hasDerivWithinAt' depends on axioms: [propext,
 Classical.choice,
 Quot.sound]
'SharpWasserstein.SwitchSourceDerivative.trajectory_difference_hasDerivWithinAt' depends on axioms: [propext,
 Classical.choice,
 Quot.sound]
'SharpWasserstein.SwitchSourceDerivative.trajectory_test_difference_hasDerivWithinAt_zero' depends on axioms: [propext,
 Classical.choice,
 Quot.sound]
'SharpWasserstein.SwitchSourceDerivative.trajectory_difference_norm_le' depends on axioms: [propext,
 Classical.choice,
 Quot.sound]
'SharpWasserstein.SwitchSourceDerivative.trajectory_test_difference_norm_le' depends on axioms: [propext,
 Classical.choice,
 Quot.sound]
'SharpWasserstein.SwitchSourceDerivative.particleRemainingTest' depends on axioms: [propext,
 Classical.choice,
 Quot.sound]
'SharpWasserstein.SwitchSourceDerivative.prescribedSourcePairing' depends on axioms: [propext,
 Classical.choice,
 Quot.sound]
'SharpWasserstein.SwitchSourceDerivative.prescribedSourcePairing_eq_current' depends on axioms: [propext,
 Classical.choice,
 Quot.sound]
'SharpWasserstein.SwitchSourceDerivative.prescribedSourcePairing_eq_generator_difference' depends on axioms: [propext,
 Classical.choice,
 Quot.sound]
'SharpWasserstein.SwitchSourceDerivative.prescribed_switch_hasDerivAt' depends on axioms: [propext,
 Classical.choice,
 Quot.sound]
'SharpWasserstein.SwitchSourceDerivative.prescribed_switch_sub_eq_integral' depends on axioms: [propext,
 Classical.choice,
 Quot.sound]
'SharpWasserstein.SwitchSourceDerivative.configuration_compact_test_bounds' depends on axioms: [propext,
 Classical.choice,
 Quot.sound]
'SharpWasserstein.SwitchSourceDerivative.prescribed_switch_compact_hasDerivAt' depends on axioms: [propext,
 Classical.choice,
 Quot.sound]
'SharpWasserstein.SwitchSourceDerivative.prescribed_switch_compact_sub_eq_integral' depends on axioms: [propext,
 Classical.choice,
 Quot.sound]
'SharpWasserstein.SwitchSourceDerivative.remainingTest' depends on axioms: [propext, Classical.choice, Quot.sound]
'SharpWasserstein.SwitchSourceDerivative.remainingTest_contDiff_one' depends on axioms: [propext,
 Classical.choice,
 Quot.sound]
'SharpWasserstein.SwitchSourceDerivative.remainingTest_norm_le' depends on axioms: [propext,
 Classical.choice,
 Quot.sound]
'SharpWasserstein.SwitchSourceDerivative.remainingTest_continuous' depends on axioms: [propext,
 Classical.choice,
 Quot.sound]
'SharpWasserstein.SwitchSourceDerivative.remainingTest_fderiv_joint_continuous' depends on axioms: [propext,
 Classical.choice,
 Quot.sound]
'SharpWasserstein.SwitchSourceDerivative.remainingTest_fderiv_norm_le' depends on axioms: [propext,
 Classical.choice,
 Quot.sound]
'SharpWasserstein.SwitchSourceDerivative.shiftedDrift' depends on axioms: [propext, Classical.choice, Quot.sound]
'SharpWasserstein.SwitchSourceDerivative.shiftedDrift_continuous' depends on axioms: [propext,
 Classical.choice,
 Quot.sound]
'SharpWasserstein.SwitchSourceDerivative.trajectory_shift' depends on axioms: [propext, Classical.choice, Quot.sound]
'SharpWasserstein.SwitchSourceDerivative.flow_add_shift' depends on axioms: [propext, Classical.choice, Quot.sound]
'SharpWasserstein.SwitchSourceDerivative.brownianLaw_add_shift' depends on axioms: [propext,
 Classical.choice,
 Quot.sound]
'SharpWasserstein.SwitchSourceDerivative.brownianGlobalLaw_add_shift' depends on axioms: [propext,
 Classical.choice,
 Quot.sound]
'SharpWasserstein.SwitchSourceDerivative.sourcePairing' depends on axioms: [propext, Classical.choice, Quot.sound]
'SharpWasserstein.SwitchSourceDerivative.switch_increment_hasDerivWithinAt_zero' depends on axioms: [propext,
 Classical.choice,
 Quot.sound]
'SharpWasserstein.SwitchSourceDerivative.switch_integral_hasDerivWithinAt' depends on axioms: [propext,
 Classical.choice,
 Quot.sound]
'SharpWasserstein.SwitchSourceDerivative.switch_integral_hasDerivWithinAt_right' depends on axioms: [propext,
 Classical.choice,
 Quot.sound]
'SharpWasserstein.SwitchSourceDerivative.flowTestDifference' depends on axioms: [propext, Classical.choice, Quot.sound]
'SharpWasserstein.SwitchSourceDerivative.flowTestDifference_zero' depends on axioms: [propext,
 Classical.choice,
 Quot.sound]
'SharpWasserstein.SwitchSourceDerivative.flowTestDifference_continuous' depends on axioms: [propext,
 Classical.choice,
 Quot.sound]
'SharpWasserstein.SwitchSourceDerivative.flowTestDifference_norm_le' depends on axioms: [propext,
 Classical.choice,
 Quot.sound]
'SharpWasserstein.SwitchSourceDerivative.flowTestDifference_hasDerivWithinAt_zero' depends on axioms: [propext,
 Classical.choice,
 Quot.sound]
'SharpWasserstein.SwitchSourceDerivative.integral_flowTestDifference_hasDerivWithinAt_zero' depends on axioms: [propext,
 Classical.choice,
 Quot.sound]
'SharpWasserstein.AdditiveTrajectory' depends on axioms: [propext, Classical.choice, Quot.sound]
'SharpWasserstein.additiveTrajectory_difference_integral' depends on axioms: [propext, Classical.choice, Quot.sound]
'SharpWasserstein.additiveTrajectory_difference_derivative' depends on axioms: [propext, Classical.choice, Quot.sound]
'SharpWasserstein.additiveTrajectory_stability' depends on axioms: [propext, Classical.choice, Quot.sound]
'SharpWasserstein.additiveTrajectory_unique' depends on axioms: [propext, Classical.choice, Quot.sound]
'SharpWasserstein.decoupledTrajectory_productCost_le' depends on axioms: [propext, Classical.choice, Quot.sound]
'SharpWasserstein.wassersteinSq_decoupledTrajectory_le' depends on axioms: [propext, Classical.choice, Quot.sound]
'SharpWasserstein.wassersteinSq_nonlinearTrajectory_le' depends on axioms: [propext, Classical.choice, Quot.sound]
'SharpWasserstein.TangentEnergy.dualObjective' depends on axioms: [propext, Classical.choice, Quot.sound]
'SharpWasserstein.TangentEnergy.dualEnergy' depends on axioms: [propext, Classical.choice, Quot.sound]
'SharpWasserstein.TangentEnergy.rieszRepresentative' depends on axioms: [propext, Classical.choice, Quot.sound]
'SharpWasserstein.TangentEnergy.inner_rieszRepresentative' depends on axioms: [propext, Classical.choice, Quot.sound]
'SharpWasserstein.TangentEnergy.existsUnique_rieszRepresentative' depends on axioms: [propext,
 Classical.choice,
 Quot.sound]
'SharpWasserstein.TangentEnergy.dualObjective_eq_sub_sq' depends on axioms: [propext, Classical.choice, Quot.sound]
'SharpWasserstein.TangentEnergy.dualObjective_isGreatest' depends on axioms: [propext, Classical.choice, Quot.sound]
'SharpWasserstein.TangentEnergy.dualEnergy_eq_norm_sq' depends on axioms: [propext, Classical.choice, Quot.sound]
'SharpWasserstein.TangentEnergy.dualEnergy_eq_dual_norm_sq' depends on axioms: [propext, Classical.choice, Quot.sound]
'SharpWasserstein.TangentEnergy.dualEnergy_nonneg' depends on axioms: [propext, Classical.choice, Quot.sound]
'SharpWasserstein.TangentEnergy.dualObjective_eq_energy_iff' depends on axioms: [propext, Classical.choice, Quot.sound]
'SharpWasserstein.TangentEnergy.continuous_of_bounded_variationalObjective' depends on axioms: [propext,
 Classical.choice,
 Quot.sound]
'SharpWasserstein.TangentEnergy.continuousTangentOfBound' depends on axioms: [propext, Classical.choice, Quot.sound]
'SharpWasserstein.TangentEnergy.continuousTangentOfBound_apply' depends on axioms: [propext,
 Classical.choice,
 Quot.sound]
'SharpWasserstein.TangentEnergy.existsUnique_riesz_of_bounded_variationalObjective' depends on axioms: [propext,
 Classical.choice,
 Quot.sound]
'SharpWasserstein.TangentEnergy.linear_variationalEnergy_eq_norm_sq' depends on axioms: [propext,
 Classical.choice,
 Quot.sound]
'SharpWasserstein.TangentEnergy.projection_energy_increment' depends on axioms: [propext, Classical.choice, Quot.sound]
'SharpWasserstein.TangentEnergy.projection_energy_mono' depends on axioms: [propext, Classical.choice, Quot.sound]
'SharpWasserstein.TangentEnergy.projection_eq_of_consistent_pairings' depends on axioms: [propext,
 Classical.choice,
 Quot.sound]
'SharpWasserstein.TangentEnergy.consistent_energy_increment' depends on axioms: [propext, Classical.choice, Quot.sound]
'SharpWasserstein.TangentEnergy.consistent_energy_mono' depends on axioms: [propext, Classical.choice, Quot.sound]
'SharpWasserstein.TangentEnergy.closedSubspace_energy_increment' depends on axioms: [propext,
 Classical.choice,
 Quot.sound]
'SharpWasserstein.TangentEnergy.young_absorption' depends on axioms: [propext, Classical.choice, Quot.sound]
'SharpWasserstein.TangentEnergy.two_term_young_absorption' depends on axioms: [propext, Classical.choice, Quot.sound]
'SharpWasserstein.TangentEnergy.inner_young_absorption' depends on axioms: [propext, Classical.choice, Quot.sound]
'SharpWasserstein.CompactGenerator.coordinate_test' depends on axioms: [propext, Classical.choice, Quot.sound]
'SharpWasserstein.CompactGenerator.laplacian_test' depends on axioms: [propext, Classical.choice, Quot.sound]
'SharpWasserstein.CompactGenerator.generator_continuous' depends on axioms: [propext, Classical.choice, Quot.sound]
'SharpWasserstein.CompactGenerator.generator_compact' depends on axioms: [propext, Classical.choice, Quot.sound]
'SharpWasserstein.CompactGenerator.integrable' depends on axioms: [propext, Classical.choice, Quot.sound]
'SharpWasserstein.CompactGenerator.expectation_continuous' depends on axioms: [propext, Classical.choice, Quot.sound]
'SharpWasserstein.CompactGenerator.generator_smooth' depends on axioms: [propext, Classical.choice, Quot.sound]
'SharpWasserstein.CompactGenerator.test_lipschitz' depends on axioms: [propext, Classical.choice, Quot.sound]
'SharpWasserstein.CompactGenerator.generator_lipschitz' depends on axioms: [propext, Classical.choice, Quot.sound]
'SharpWasserstein.CompactGenerator.generator_joint_continuous' depends on axioms: [propext,
 Classical.choice,
 Quot.sound]
'SharpWasserstein.CompactGenerator.generator_uniform_bound' depends on axioms: [propext, Classical.choice, Quot.sound]
'SharpWasserstein.CompactGenerator.generator_uniform_spatial_lipschitz' depends on axioms: [propext,
 Classical.choice,
 Quot.sound]
'SharpWasserstein.generator_drift_difference_norm_le' depends on axioms: [propext, Classical.choice, Quot.sound]
'SharpWasserstein.integral_generator_drift_difference_le' depends on axioms: [propext, Classical.choice, Quot.sound]
'SharpWasserstein.continuous_probabilityCurve_uniform_time_generators' depends on axioms: [propext,
 Classical.choice,
 Quot.sound]
'SharpWasserstein.TorusFourierConvergence.series' depends on axioms: [propext, Classical.choice, Quot.sound]
'SharpWasserstein.TorusFourierConvergence.toLp_series_tendsto' depends on axioms: [propext,
 Classical.choice,
 Quot.sound]
'SharpWasserstein.TorusFourierConvergence.norm_toLp_sq' depends on axioms: [propext, Classical.choice, Quot.sound]
'SharpWasserstein.TorusFourierConvergence.integral_error_tendsto' depends on axioms: [propext,
 Classical.choice,
 Quot.sound]
'SharpWasserstein.Position' depends on axioms: [propext, Classical.choice, Quot.sound]
'SharpWasserstein.Configuration' depends on axioms: [propext, Classical.choice, Quot.sound]
'SharpWasserstein.productCost' depends on axioms: [propext, Classical.choice, Quot.sound]
'SharpWasserstein.productCost_nonneg' depends on axioms: [propext, Classical.choice, Quot.sound]
'SharpWasserstein.productCost_self' depends on axioms: [propext, Classical.choice, Quot.sound]
'SharpWasserstein.productCost_symm' depends on axioms: [propext, Classical.choice, Quot.sound]
'SharpWasserstein.IsCoupling' depends on axioms: [propext, Classical.choice, Quot.sound]
'SharpWasserstein.transportCost' depends on axioms: [propext, Classical.choice, Quot.sound]
'SharpWasserstein.wassersteinSq' depends on axioms: [propext, Classical.choice, Quot.sound]
'SharpWasserstein.wassersteinSq_le_cost' depends on axioms: [propext, Classical.choice, Quot.sound]
'SharpWasserstein.HasSecondMoment' depends on axioms: [propext, Classical.choice, Quot.sound]
'SharpWasserstein.tensorLaw' depends on axioms: [propext, Classical.choice, Quot.sound]
'SharpWasserstein.restrictCoordinates' depends on axioms: [propext, Classical.choice, Quot.sound]
'SharpWasserstein.marginal' depends on axioms: [propext, Classical.choice, Quot.sound]
'SharpWasserstein.Exchangeable' depends on axioms: [propext, Classical.choice, Quot.sound]
'SharpWasserstein.measurable_restrictCoordinates' depends on axioms: [propext, Classical.choice, Quot.sound]
'SharpWasserstein.measurable_productCost' depends on axioms: [propext, Classical.choice, Quot.sound]
'SharpWasserstein.diagonal_isCoupling' depends on axioms: [propext, Classical.choice, Quot.sound]
'SharpWasserstein.wassersteinSq_self' depends on axioms: [propext, Classical.choice, Quot.sound]
'SharpWasserstein.coupling_swap' depends on axioms: [propext, Classical.choice, Quot.sound]
'SharpWasserstein.transportCost_swap' depends on axioms: [propext, Classical.choice, Quot.sound]
'SharpWasserstein.wassersteinSq_symm' depends on axioms: [propext, Classical.choice, Quot.sound]
'SharpWasserstein.productCost_restrict_le' depends on axioms: [propext, Classical.choice, Quot.sound]
'SharpWasserstein.coupling_marginal' depends on axioms: [propext, Classical.choice, Quot.sound]
'SharpWasserstein.transportCost_marginal_le' depends on axioms: [propext, Classical.choice, Quot.sound]
'SharpWasserstein.wassersteinSq_marginal_le' depends on axioms: [propext, Classical.choice, Quot.sound]
'SharpWasserstein.commonLabel_isCoupling' depends on axioms: [propext, Classical.choice, Quot.sound]
'SharpWasserstein.wassersteinSq_commonLabel_le' depends on axioms: [propext, Classical.choice, Quot.sound]
'SharpWasserstein.productCost_le_dimension_norm' depends on axioms: [propext, Classical.choice, Quot.sound]
'SharpWasserstein.wassersteinSq_commonLabel_le_normIntegral' depends on axioms: [propext, Classical.choice, Quot.sound]
'SharpWasserstein.wassersteinSq_tendsto_zero_of_meanSquare' depends on axioms: [propext, Classical.choice, Quot.sound]
'SharpWasserstein.wasserstein_endpoint_assembly' depends on axioms: [propext, Classical.choice, Quot.sound]
'SharpWasserstein.product_isCoupling' depends on axioms: [propext, Classical.choice, Quot.sound]
'SharpWasserstein.productCost_le_moments' depends on axioms: [propext, Classical.choice, Quot.sound]
'SharpWasserstein.measurable_secondMoment' depends on axioms: [propext, Classical.choice, Quot.sound]
'SharpWasserstein.transportCost_product_le' depends on axioms: [propext, Classical.choice, Quot.sound]
'SharpWasserstein.wassersteinSq_lt_top' depends on axioms: [propext, Classical.choice, Quot.sound]
'SharpWasserstein.transportDisplacement' depends on axioms: [propext, Classical.choice, Quot.sound]
'SharpWasserstein.continuous_transportDisplacement' depends on axioms: [propext, Classical.choice, Quot.sound]
'SharpWasserstein.productCost_eq_displacement_norm_sq' depends on axioms: [propext, Classical.choice, Quot.sound]
'SharpWasserstein.transportDisplacement_add' depends on axioms: [propext, Classical.choice, Quot.sound]
'SharpWasserstein.transportCost_root_eq_eLpNorm' depends on axioms: [propext, Classical.choice, Quot.sound]
'SharpWasserstein.transportCost_map_root_eq_eLpNorm' depends on axioms: [propext, Classical.choice, Quot.sound]
'SharpWasserstein.transportCost_triple_triangle' depends on axioms: [propext, Classical.choice, Quot.sound]
'SharpWasserstein.ennreal_rpow_iInf' depends on axioms: [propext, Classical.choice, Quot.sound]
'SharpWasserstein.map_compProd_prodMkLeft' depends on axioms: [propext, Classical.choice, Quot.sound]
'SharpWasserstein.triple_endpoint_isCoupling' depends on axioms: [propext, Classical.choice, Quot.sound]
'SharpWasserstein.coupling_gluing' depends on axioms: [propext, Classical.choice, Quot.sound]
'SharpWasserstein.wassersteinSq_root_eq_iInf' depends on axioms: [propext, Classical.choice, Quot.sound]
'SharpWasserstein.wassersteinSq_root_triangle' depends on axioms: [propext, Classical.choice, Quot.sound]
'SharpWasserstein.wassersteinSq_sqrt_triangle' depends on axioms: [propext, Classical.choice, Quot.sound]
'SharpWasserstein.QuadraticProbabilityLaw' does not depend on any axioms
'SharpWasserstein.quadraticProbabilityPseudoMetricSpace' depends on axioms: [propext, Classical.choice, Quot.sound]
'SharpWasserstein.quadraticProbability_dist_eq' depends on axioms: [propext, Classical.choice, Quot.sound]
'SharpWasserstein.quadraticProbability_dist_sq' depends on axioms: [propext, Classical.choice, Quot.sound]
'SharpWasserstein.quadraticProbability_ofReal_dist_sq' depends on axioms: [propext, Classical.choice, Quot.sound]
'SharpWasserstein.NoiseAverage.UniformAllDerivativesBounded' depends on axioms: [propext, Classical.choice, Quot.sound]
'SharpWasserstein.NoiseAverage.UniformAllDerivativesBounded.at' depends on axioms: [propext,
 Classical.choice,
 Quot.sound]
'SharpWasserstein.NoiseAverage.UniformAllDerivativesBounded.fderiv' depends on axioms: [propext,
 Classical.choice,
 Quot.sound]
'SharpWasserstein.NoiseAverage.UniformAllDerivativesBounded.bounded' depends on axioms: [propext,
 Classical.choice,
 Quot.sound]
'SharpWasserstein.NoiseAverage.UniformAllDerivativesBounded.lipschitz' depends on axioms: [propext,
 Classical.choice,
 Quot.sound]
'SharpWasserstein.NoiseAverage.UniformAllDerivativesBounded.comp_linear' depends on axioms: [propext,
 Classical.choice,
 Quot.sound]
'SharpWasserstein.NoiseAverage.UniformAllDerivativesBounded.linear_comp' depends on axioms: [propext,
 Classical.choice,
 Quot.sound]
'SharpWasserstein.NoiseAverage.UniformAllDerivativesBounded.sum' depends on axioms: [propext,
 Classical.choice,
 Quot.sound]
'SharpWasserstein.NoiseAverage.norm_iteratedFDeriv_average_le' depends on axioms: [propext,
 Classical.choice,
 Quot.sound]
'SharpWasserstein.NoiseAverage.uniformAllDerivativesBounded_average' depends on axioms: [propext,
 Classical.choice,
 Quot.sound]
'SharpWasserstein.VolterraEnergyLimit.integrating_factor_bound' depends on axioms: [propext,
 Classical.choice,
 Quot.sound]
'SharpWasserstein.VolterraEnergyLimit.weighted_error_tendsto' depends on axioms: [propext, Classical.choice, Quot.sound]
'SharpWasserstein.VolterraEnergyLimit.limit_integrating_factor_bound' depends on axioms: [propext,
 Classical.choice,
 Quot.sound]
'SharpWasserstein.VolterraFourier.intervalIntegrable_prefix' depends on axioms: [propext, Classical.choice, Quot.sound]
'SharpWasserstein.VolterraFourier.hierarchy_of_finite_derivatives' depends on axioms: [propext,
 Classical.choice,
 Quot.sound]
'SharpWasserstein.VolterraFourier.quadratic_bound_of_finite_derivatives' depends on axioms: [propext,
 Classical.choice,
 Quot.sound]
'SharpWasserstein.VolterraFourier.quadratic_bound_of_finite_derivatives_bounded_coefficients' depends on axioms: [propext,
 Classical.choice,
 Quot.sound]
'SharpWasserstein.VolterraFourier.totalEnergy_intervalIntegrable' depends on axioms: [propext,
 Classical.choice,
 Quot.sound]
'SharpWasserstein.VolterraFourier.intervalIntegral_norm_mul_gap_tendsto' depends on axioms: [propext,
 Classical.choice,
 Quot.sound]
'SharpWasserstein.VolterraFourier.volterra_bound_of_finite_derivative' depends on axioms: [propext,
 Classical.choice,
 Quot.sound]
'SharpWasserstein.VolterraFourier.finiteEnergy' depends on axioms: [propext, Classical.choice, Quot.sound]
'SharpWasserstein.VolterraFourier.totalEnergy' depends on axioms: [propext, Classical.choice, Quot.sound]
'SharpWasserstein.VolterraFourier.gap' depends on axioms: [propext, Classical.choice, Quot.sound]
'SharpWasserstein.VolterraFourier.finiteEnergy_nonneg' depends on axioms: [propext, Classical.choice, Quot.sound]
'SharpWasserstein.VolterraFourier.finiteEnergy_le' depends on axioms: [propext, Classical.choice, Quot.sound]
'SharpWasserstein.VolterraFourier.gap_bounds' depends on axioms: [propext, Classical.choice, Quot.sound]
'SharpWasserstein.VolterraFourier.finiteEnergy_tendsto' depends on axioms: [propext, Classical.choice, Quot.sound]
'SharpWasserstein.VolterraFourier.totalEnergy_aestronglyMeasurable' depends on axioms: [propext,
 Classical.choice,
 Quot.sound]
'SharpWasserstein.VolterraFourier.totalEnergy_integrable' depends on axioms: [propext, Classical.choice, Quot.sound]
'SharpWasserstein.VolterraFourier.finiteEnergy_integrable' depends on axioms: [propext, Classical.choice, Quot.sound]
'SharpWasserstein.VolterraFourier.gap_integrable' depends on axioms: [propext, Classical.choice, Quot.sound]
'SharpWasserstein.VolterraFourier.integral_norm_gap_tendsto' depends on axioms: [propext, Classical.choice, Quot.sound]
'SharpWasserstein.VolterraFourier.integral_norm_mul_gap_tendsto' depends on axioms: [propext,
 Classical.choice,
 Quot.sound]
'SharpWasserstein.VolterraFourier.sourceRepresentative' depends on axioms: [propext, Classical.choice, Quot.sound]
'SharpWasserstein.VolterraFourier.sourceFiniteEnergy' depends on axioms: [propext, Classical.choice, Quot.sound]
'SharpWasserstein.VolterraFourier.sourceRepresentative_mem' depends on axioms: [propext, Classical.choice, Quot.sound]
'SharpWasserstein.VolterraFourier.totalEnergy_sourceRepresentative' depends on axioms: [propext,
 Classical.choice,
 Quot.sound]
'SharpWasserstein.VolterraFourier.sourceEnergy_aestronglyMeasurable' depends on axioms: [propext,
 Classical.choice,
 Quot.sound]
'SharpWasserstein.VolterraFourier.sourceEnergy_integrable_of_full_bound' depends on axioms: [propext,
 Classical.choice,
 Quot.sound]
'SharpWasserstein.VolterraFourier.source_gap_tendsto_of_full_bound' depends on axioms: [propext,
 Classical.choice,
 Quot.sound]
'SharpWasserstein.VolterraFourier.source_quadratic_bound_of_finite_derivatives' depends on axioms: [propext,
 Classical.choice,
 Quot.sound]
'SharpWasserstein.VolterraHierarchy.quadraticProfile_continuous' depends on axioms: [propext,
 Classical.choice,
 Quot.sound]
'SharpWasserstein.VolterraHierarchy.quadraticProfile_kernel_identity' depends on axioms: [propext,
 Classical.choice,
 Quot.sound]
'SharpWasserstein.VolterraHierarchy.quadraticProfile_step_nonneg' depends on axioms: [propext,
 Classical.choice,
 Quot.sound]
'SharpWasserstein.VolterraHierarchy.quadraticProfile_rate_supersolution' depends on axioms: [propext,
 Classical.choice,
 Quot.sound]
'SharpWasserstein.VolterraHierarchy.quadraticProfile_volterra_supersolution' depends on axioms: [propext,
 Classical.choice,
 Quot.sound]
'SharpWasserstein.VolterraHierarchy.quadraticProfile_volterra_boundary' depends on axioms: [propext,
 Classical.choice,
 Quot.sound]
'SharpWasserstein.VolterraHierarchy.finite_quadratic_bound_variable_rate' depends on axioms: [propext,
 Classical.choice,
 Quot.sound]
'SharpWasserstein.VolterraHierarchy.finite_quadratic_bound' depends on axioms: [propext, Classical.choice, Quot.sound]
'SharpWasserstein.WassersteinEndpoint.wassersteinSq_zero_particles' depends on axioms: [propext,
 Classical.choice,
 Quot.sound]
'SharpWasserstein.WassersteinEndpoint.initialHierarchy_allLevels' depends on axioms: [propext,
 Classical.choice,
 Quot.sound]
'SharpWasserstein.WassersteinEndpoint.sourceHorizonConstant_mono' depends on axioms: [propext,
 Classical.choice,
 Quot.sound]
'SharpWasserstein.WassersteinEndpoint.propagationConstant_mono' depends on axioms: [propext,
 Classical.choice,
 Quot.sound]
'SharpWasserstein.WassersteinEndpoint.switchLengthCoefficient_mono' depends on axioms: [propext,
 Classical.choice,
 Quot.sound]
'SharpWasserstein.WassersteinEndpoint.coefficient' depends on axioms: [propext, Classical.choice, Quot.sound]
'SharpWasserstein.WassersteinEndpoint.coefficient_nonneg' depends on axioms: [propext, Classical.choice, Quot.sound]
'SharpWasserstein.WassersteinEndpoint.transport_triangle_bound' depends on axioms: [propext,
 Classical.choice,
 Quot.sound]
'SharpWasserstein.WeakEvolution.integral_eq_of_same_initial_bounded_derivatives' depends on axioms: [propext,
 Classical.choice,
 Quot.sound]
'SharpWasserstein.WeakEvolution.eq_of_same_initial_autonomous' depends on axioms: [propext,
 Classical.choice,
 Quot.sound]
'SharpWasserstein.WeakEvolution.uniform_backward_step_error' depends on axioms: [propext, Classical.choice, Quot.sound]
'SharpWasserstein.WeakEvolution.backward_telescope_error' depends on axioms: [propext, Classical.choice, Quot.sound]
'SharpWasserstein.WeakDerivativeClosure.exists_representative_in_testClosure' depends on axioms: [propext,
 Classical.choice,
 Quot.sound]
'SharpWasserstein.WeakDerivativeClosure.exists_weakDerivative_in_testClosure' depends on axioms: [propext,
 Classical.choice,
 Quot.sound]
'SharpWasserstein.WeakDerivativeClosure.inner_tendsto_of_tests' depends on axioms: [propext,
 Classical.choice,
 Quot.sound]
'SharpWasserstein.WeakDerivativeLimit.testClosure' depends on axioms: [propext, Classical.choice, Quot.sound]
'SharpWasserstein.WeakDerivativeLimit.intoClosure' depends on axioms: [propext, Classical.choice, Quot.sound]
'SharpWasserstein.WeakDerivativeLimit.dense_intoClosure' depends on axioms: [propext, Classical.choice, Quot.sound]
'SharpWasserstein.WeakDerivativeLimit.exists_representative_of_bound' depends on axioms: [propext,
 Classical.choice,
 Quot.sound]
'SharpWasserstein.WeakDerivativeLimit.distribution' depends on axioms: [propext, Classical.choice, Quot.sound]
'SharpWasserstein.WeakDerivativeLimit.exists_weakDerivative_of_strong_limit' depends on axioms: [propext,
 Classical.choice,
 Quot.sound]
'SharpWasserstein.WeakEvolution.uniform_generator_expectation' depends on axioms: [propext,
 Classical.choice,
 Quot.sound]
'SharpWasserstein.WeakEvolution.equation_bounded_configuration_interval' depends on axioms: [propext,
 Classical.choice,
 Quot.sound]
'SharpWasserstein.WeakEvolution.uniform_weak_step_error' depends on axioms: [propext, Classical.choice, Quot.sound]
'SharpWasserstein.generator_pullback_norm_le' depends on axioms: [propext, Classical.choice, Quot.sound]
'SharpWasserstein.integral_generator_pullback_norm_le' depends on axioms: [propext, Classical.choice, Quot.sound]
'SharpWasserstein.integrable_generator_pullback' depends on axioms: [propext, Classical.choice, Quot.sound]
'SharpWasserstein.WeakEvolution.equation_bounded_smooth' depends on axioms: [propext, Classical.choice, Quot.sound]
'SharpWasserstein.integrable_norm_sq_euclideanLaw' depends on axioms: [propext, Classical.choice, Quot.sound]
'SharpWasserstein.integral_norm_sq_euclideanLaw' depends on axioms: [propext, Classical.choice, Quot.sound]
'SharpWasserstein.WeakEvolution.probabilityCurve' depends on axioms: [propext, Classical.choice, Quot.sound]
'SharpWasserstein.WeakEvolution.euclideanProbabilityCurve' depends on axioms: [propext, Classical.choice, Quot.sound]
'SharpWasserstein.WeakEvolution.clippedEuclideanCurve' depends on axioms: [propext, Classical.choice, Quot.sound]
'SharpWasserstein.WeakEvolution.continuous_clippedEuclideanCurve' depends on axioms: [propext,
 Classical.choice,
 Quot.sound]
'SharpWasserstein.WeakEvolution.continuous_euclideanProbabilityCurve' depends on axioms: [propext,
 Classical.choice,
 Quot.sound]
'SharpWasserstein.WeakEvolution.continuous_probabilityCurve' depends on axioms: [propext, Classical.choice, Quot.sound]
'SharpWasserstein.continuous_integral_varying_probability' depends on axioms: [propext, Classical.choice, Quot.sound]
'SharpWasserstein.WeakEvolution.continuous_generator_expectation' depends on axioms: [propext,
 Classical.choice,
 Quot.sound]
'SharpWasserstein.WeakEvolution.continuous_integral_bounded' depends on axioms: [propext, Classical.choice, Quot.sound]
'SharpWasserstein.WeakEvolution.hasDerivAt_integral_bounded_smooth' depends on axioms: [propext,
 Classical.choice,
 Quot.sound]
'SharpWasserstein.WeakEvolution.equation_timeFactor_bounded_smooth' depends on axioms: [propext,
 Classical.choice,
 Quot.sound]
'SharpWasserstein.WeakStrongPairing.inner_tendsto' depends on axioms: [propext, Classical.choice, Quot.sound]
'SharpWasserstein.WeakTestContinuity.cutoff_eq_one_of_norm_le' depends on axioms: [propext,
 Classical.choice,
 Quot.sound]
'SharpWasserstein.WeakTestContinuity.cutoff_error_le_moment' depends on axioms: [propext, Classical.choice, Quot.sound]
'SharpWasserstein.WeakTestContinuity.integral_cutoff_error_le' depends on axioms: [propext,
 Classical.choice,
 Quot.sound]
'SharpWasserstein.WeakTestContinuity.continuous_integral_smooth_of_uniformMoment' depends on axioms: [propext,
 Classical.choice,
 Quot.sound]
'SharpWasserstein.WeakTestContinuity.continuous_integral_lipschitz_of_uniformMoment' depends on axioms: [propext,
 Classical.choice,
 Quot.sound]
'SharpWasserstein.WeakTestContinuity.continuous_probabilityMeasure_of_uniformMoment' depends on axioms: [propext,
 Classical.choice,
 Quot.sound]
'SharpWasserstein.WeakEvolution.uniform_time_backward_step_error' depends on axioms: [propext,
 Classical.choice,
 Quot.sound]
'SharpWasserstein.WeakEvolution.time_backward_telescope_error' depends on axioms: [propext,
 Classical.choice,
 Quot.sound]
'SharpWasserstein.WeakEvolution.uniform_time_generator_expectation' depends on axioms: [propext,
 Classical.choice,
 Quot.sound]
'SharpWasserstein.WeakEvolution.equation_time_bounded_configuration_interval' depends on axioms: [propext,
 Classical.choice,
 Quot.sound]
'SharpWasserstein.WeakEvolution.uniform_time_weak_step_error' depends on axioms: [propext, Classical.choice, Quot.sound]
'SharpWasserstein.WeakEvolution.integral_eq_of_same_initial_time_bounded_derivatives' depends on axioms: [propext,
 Classical.choice,
 Quot.sound]
'SharpWasserstein.WeakEvolution.eq_of_same_initial_time_dependent' depends on axioms: [propext,
 Classical.choice,
 Quot.sound]
'SharpWasserstein.WeightedConvolution.operatorAverage' depends on axioms: [propext, Classical.choice, Quot.sound]
'SharpWasserstein.WeightedConvolution.operatorIntegrand_measurable' depends on axioms: [propext,
 Classical.choice,
 Quot.sound]
'SharpWasserstein.WeightedConvolution.operatorIntegrand_integrable' depends on axioms: [propext,
 Classical.choice,
 Quot.sound]
'SharpWasserstein.WeightedConvolution.continuous_operatorAverage' depends on axioms: [propext,
 Classical.choice,
 Quot.sound]
'SharpWasserstein.WeightedConvolution.hasFDerivAt_operatorAverage' depends on axioms: [propext,
 Classical.choice,
 Quot.sound]
'SharpWasserstein.WeightedConvolution.fderiv_operatorAverage' depends on axioms: [propext, Classical.choice, Quot.sound]
'SharpWasserstein.WeightedConvolution.contDiff_nat_operatorAverage' depends on axioms: [propext,
 Classical.choice,
 Quot.sound]
'SharpWasserstein.WeightedConvolution.contDiff_infty_operatorAverage' depends on axioms: [propext,
 Classical.choice,
 Quot.sound]
'SharpWasserstein.WeightedDensity.densityMul_memLp' depends on axioms: [propext, Classical.choice, Quot.sound]
'SharpWasserstein.WeightedDensity.densityMul' depends on axioms: [propext, Classical.choice, Quot.sound]
'SharpWasserstein.WeightedDensity.densityMul_ae' depends on axioms: [propext, Classical.choice, Quot.sound]
'SharpWasserstein.WeightedDensity.densityMulLinear' depends on axioms: [propext, Classical.choice, Quot.sound]
'SharpWasserstein.WeightedDensity.densityMul_norm_le' depends on axioms: [propext, Classical.choice, Quot.sound]
'SharpWasserstein.WeightedDensity.densityMulBilinear' depends on axioms: [propext, Classical.choice, Quot.sound]
'SharpWasserstein.WeightedDensity.densityMulOperator' depends on axioms: [propext, Classical.choice, Quot.sound]
'SharpWasserstein.WeightedDensity.weightedOperator' depends on axioms: [propext, Classical.choice, Quot.sound]
'SharpWasserstein.WeightedDensity.weightedOperator_inner' depends on axioms: [propext, Classical.choice, Quot.sound]
'SharpWasserstein.WeightedDensity.integrable_weighted_inner' depends on axioms: [propext, Classical.choice, Quot.sound]
'SharpWasserstein.WeightedDensity.bilinearForm' depends on axioms: [propext, Classical.choice, Quot.sound]
'SharpWasserstein.WeightedDensity.bilinearForm_coercive' depends on axioms: [propext, Classical.choice, Quot.sound]
'SharpWasserstein.WeightedDensity.weightedOperator_symmetric' depends on axioms: [propext, Classical.choice, Quot.sound]
'SharpWasserstein.WeightedDensity.weightedOperator_isUnit' depends on axioms: [propext, Classical.choice, Quot.sound]
'SharpWasserstein.WeightedDensity.weightedOperator_nonneg' depends on axioms: [propext, Classical.choice, Quot.sound]
'SharpWasserstein.WeightedEnergyDerivative.inverseSolution' depends on axioms: [propext, Classical.choice, Quot.sound]
'SharpWasserstein.WeightedEnergyDerivative.hasDerivAt_inverseSolution' depends on axioms: [propext,
 Classical.choice,
 Quot.sound]
'SharpWasserstein.WeightedEnergyDerivative.inverseSolution_derivative_equation' depends on axioms: [propext,
 Classical.choice,
 Quot.sound]
'SharpWasserstein.WeightedEnergyDerivative.inverseSolution_equation' depends on axioms: [propext,
 Classical.choice,
 Quot.sound]
'SharpWasserstein.WeightedEnergyDerivative.hasDerivAt_optimizedEnergy' depends on axioms: [propext,
 Classical.choice,
 Quot.sound]
'SharpWasserstein.WeightedEnergyDerivative.operatorObjective' depends on axioms: [propext, Classical.choice, Quot.sound]
'SharpWasserstein.WeightedEnergyDerivative.operatorObjective_complete_square' depends on axioms: [propext,
 Classical.choice,
 Quot.sound]
'SharpWasserstein.WeightedEnergyDerivative.dense_variational_eq' depends on axioms: [propext,
 Classical.choice,
 Quot.sound]
'SharpWasserstein.WeightedEnergyDerivative.densitySolution' depends on axioms: [propext, Classical.choice, Quot.sound]
'SharpWasserstein.WeightedEnergyDerivative.densityTestObjective' depends on axioms: [propext,
 Classical.choice,
 Quot.sound]
'SharpWasserstein.WeightedEnergyDerivative.densityEnergy' depends on axioms: [propext, Classical.choice, Quot.sound]
'SharpWasserstein.WeightedEnergyDerivative.densityTestObjective_eq_operator' depends on axioms: [propext,
 Classical.choice,
 Quot.sound]
'SharpWasserstein.WeightedEnergyDerivative.densitySolution_equation' depends on axioms: [propext,
 Classical.choice,
 Quot.sound]
'SharpWasserstein.WeightedEnergyDerivative.densitySolution_divergence' depends on axioms: [propext,
 Classical.choice,
 Quot.sound]
'SharpWasserstein.WeightedEnergyDerivative.densityEnergy_eq_solution' depends on axioms: [propext,
 Classical.choice,
 Quot.sound]
'SharpWasserstein.WeightedEnergyDerivative.densityEnergy_eq_integral' depends on axioms: [propext,
 Classical.choice,
 Quot.sound]
'SharpWasserstein.WeightedEnergyDerivative.densityDistribution' depends on axioms: [propext,
 Classical.choice,
 Quot.sound]
'SharpWasserstein.WeightedEnergyDerivative.integral_density_eq_withDensity' depends on axioms: [propext,
 Classical.choice,
 Quot.sound]
'SharpWasserstein.WeightedEnergyDerivative.densityEnergy_eq_weightedTangent' depends on axioms: [propext,
 Classical.choice,
 Quot.sound]
'SharpWasserstein.WeightedEnergyDerivative.rieszMap' depends on axioms: [propext, Classical.choice, Quot.sound]
'SharpWasserstein.WeightedEnergyDerivative.rieszMap_apply' depends on axioms: [propext, Classical.choice, Quot.sound]
'SharpWasserstein.WeightedEnergyDerivative.eventually_density_positive' depends on axioms: [propext,
 Classical.choice,
 Quot.sound]
'SharpWasserstein.WeightedEnergyDerivative.continuousAt_densitySolution' depends on axioms: [propext,
 Classical.choice,
 Quot.sound]
'SharpWasserstein.WeightedEnergyDerivative.hasDerivAt_densitySolution' depends on axioms: [propext,
 Classical.choice,
 Quot.sound]
'SharpWasserstein.WeightedEnergyDerivative.differentiableAt_densitySolution' depends on axioms: [propext,
 Classical.choice,
 Quot.sound]
'SharpWasserstein.WeightedEnergyDerivative.hasDerivAt_densityEnergy' depends on axioms: [propext,
 Classical.choice,
 Quot.sound]
'SharpWasserstein.WeightedEnergyDerivative.hasDerivAt_weightedTangentEnergy' depends on axioms: [propext,
 Classical.choice,
 Quot.sound]
'SharpWasserstein.WeightedEnergyDerivative.hasDerivWithinAt_inverseSolution' depends on axioms: [propext,
 Classical.choice,
 Quot.sound]
'SharpWasserstein.WeightedEnergyDerivative.hasDerivWithinAt_optimizedEnergy' depends on axioms: [propext,
 Classical.choice,
 Quot.sound]
'SharpWasserstein.WeightedGalerkin.testSpan' depends on axioms: [propext, Classical.choice, Quot.sound]
'SharpWasserstein.WeightedGalerkin.testSpan_le_range' depends on axioms: [propext, Classical.choice, Quot.sound]
'SharpWasserstein.WeightedGalerkin.galerkinVector' depends on axioms: [propext, Classical.choice, Quot.sound]
'SharpWasserstein.WeightedGalerkin.galerkinPotential' depends on axioms: [propext, Classical.choice, Quot.sound]
'SharpWasserstein.WeightedGalerkin.gradient_galerkinPotential' depends on axioms: [propext,
 Classical.choice,
 Quot.sound]
'SharpWasserstein.WeightedGalerkin.weightedOperator_lower_bound' depends on axioms: [propext,
 Classical.choice,
 Quot.sound]
'SharpWasserstein.WeightedGalerkin.galerkin_equation' depends on axioms: [propext, Classical.choice, Quot.sound]
'SharpWasserstein.WeightedGalerkin.galerkin_error_le' depends on axioms: [propext, Classical.choice, Quot.sound]
'SharpWasserstein.WeightedGalerkin.galerkinVector_tendsto' depends on axioms: [propext, Classical.choice, Quot.sound]
'SharpWasserstein.WeightedGalerkin.galerkinEnergy_tendsto' depends on axioms: [propext, Classical.choice, Quot.sound]
'SharpWasserstein.WeightedGalerkin.galerkinEnergy_eq_integral' depends on axioms: [propext,
 Classical.choice,
 Quot.sound]
'SharpWasserstein.WeightedGalerkin.galerkinEnergy_eq_objective' depends on axioms: [propext,
 Classical.choice,
 Quot.sound]
'SharpWasserstein.WeightedGalerkin.hasDerivAt_galerkinEnergy' depends on axioms: [propext, Classical.choice, Quot.sound]
'SharpWasserstein.WeightedGalerkin.galerkinDerivativePairing_tendsto' depends on axioms: [propext,
 Classical.choice,
 Quot.sound]
'SharpWasserstein.WeightedTangent.tendsto_toLp_of_bounded_pointwise' depends on axioms: [propext,
 Classical.choice,
 Quot.sound]
'SharpWasserstein.WeightedTangent.mem_gradientClosure_of_bounded_gradient_approximation' depends on axioms: [propext,
 Classical.choice,
 Quot.sound]
'SharpWasserstein.WeightedTangent.bounded_smooth_gradient_memLp' depends on axioms: [propext,
 Classical.choice,
 Quot.sound]
'SharpWasserstein.WeightedTangent.exists_test_gradient_tendsto' depends on axioms: [propext,
 Classical.choice,
 Quot.sound]
'SharpWasserstein.WeightedTangent.bounded_smooth_gradient_memClosure' depends on axioms: [propext,
 Classical.choice,
 Quot.sound]
'SharpWasserstein.WeightedIntegralSquare.weighted_scalar_sq_le' depends on axioms: [propext,
 Classical.choice,
 Quot.sound]
'SharpWasserstein.WeightedIntegralSquare.weighted_norm_integral_sq_le' depends on axioms: [propext,
 Classical.choice,
 Quot.sound]
'SharpWasserstein.WeightedMarginal.prefixProjection' depends on axioms: [propext, Classical.choice, Quot.sound]
'SharpWasserstein.WeightedMarginal.prefixEmbedding' depends on axioms: [propext, Classical.choice, Quot.sound]
'SharpWasserstein.WeightedMarginal.inner_prefixEmbedding' depends on axioms: [propext, Classical.choice, Quot.sound]
'SharpWasserstein.WeightedMarginal.prefixProjection_embedding' depends on axioms: [propext,
 Classical.choice,
 Quot.sound]
'SharpWasserstein.WeightedMarginal.gradient_comp_prefixProjection' depends on axioms: [propext,
 Classical.choice,
 Quot.sound]
'SharpWasserstein.WeightedMarginal.marginalLaw' depends on axioms: [propext, Classical.choice, Quot.sound]
'SharpWasserstein.WeightedMarginal.measurePreserving_prefix' depends on axioms: [propext, Classical.choice, Quot.sound]
'SharpWasserstein.WeightedMarginal.vectorLiftLinear' depends on axioms: [propext, Classical.choice, Quot.sound]
'SharpWasserstein.WeightedMarginal.vectorLiftLinear_ae' depends on axioms: [propext, Classical.choice, Quot.sound]
'SharpWasserstein.WeightedMarginal.vectorLiftLinear_norm' depends on axioms: [propext, Classical.choice, Quot.sound]
'SharpWasserstein.WeightedMarginal.vectorLift' depends on axioms: [propext, Classical.choice, Quot.sound]
'SharpWasserstein.WeightedMarginal.vectorLift_testGradient_ae' depends on axioms: [propext,
 Classical.choice,
 Quot.sound]
'SharpWasserstein.WeightedMarginal.cylinder_test_smooth_bounded' depends on axioms: [propext,
 Classical.choice,
 Quot.sound]
'SharpWasserstein.WeightedMarginal.vectorLift_testGradient_mem' depends on axioms: [propext,
 Classical.choice,
 Quot.sound]
'SharpWasserstein.WeightedMarginal.exists_lifted_test_approximation' depends on axioms: [propext,
 Classical.choice,
 Quot.sound]
'SharpWasserstein.WeightedMarginal.vectorLift_gradientClosure_mem' depends on axioms: [propext,
 Classical.choice,
 Quot.sound]
'SharpWasserstein.WeightedMarginal.tangentLift' depends on axioms: [propext, Classical.choice, Quot.sound]
'SharpWasserstein.WeightedMarginal.liftedGradientSubspace' depends on axioms: [propext, Classical.choice, Quot.sound]
'SharpWasserstein.WeightedMarginal.liftedGradientSubspace_isClosed' depends on axioms: [propext,
 Classical.choice,
 Quot.sound]
'SharpWasserstein.WeightedMarginal.marginalDistribution' depends on axioms: [propext, Classical.choice, Quot.sound]
'SharpWasserstein.WeightedMarginal.marginalDistribution_integral' depends on axioms: [propext,
 Classical.choice,
 Quot.sound]
'SharpWasserstein.WeightedMarginal.marginal_testObjective_le' depends on axioms: [propext, Classical.choice, Quot.sound]
'SharpWasserstein.WeightedMarginal.marginalDistribution_finite' depends on axioms: [propext,
 Classical.choice,
 Quot.sound]
'SharpWasserstein.WeightedMarginal.marginal_representative_pairing' depends on axioms: [propext,
 Classical.choice,
 Quot.sound]
'SharpWasserstein.WeightedMarginal.marginal_energy_increment' depends on axioms: [propext, Classical.choice, Quot.sound]
'SharpWasserstein.WeightedMarginal.marginal_energy_le' depends on axioms: [propext, Classical.choice, Quot.sound]
'SharpWasserstein.WeightedMarginal.marginal_representative_projection' depends on axioms: [propext,
 Classical.choice,
 Quot.sound]
'SharpWasserstein.WeightedMarginal.marginalDistribution_is_cutoff_limit' depends on axioms: [propext,
 Classical.choice,
 Quot.sound]
'SharpWasserstein.WeightedMarginal.marginal_representative_bounded_smooth_pairing' depends on axioms: [propext,
 Classical.choice,
 Quot.sound]
'SharpWasserstein.WeightedPeriodicCoefficientEvolution.gradient_allDerivativesBounded' depends on axioms: [propext,
 Classical.choice,
 Quot.sound]
'SharpWasserstein.WeightedPeriodicCoefficientEvolution.gramTest' depends on axioms: [propext,
 Classical.choice,
 Quot.sound]
'SharpWasserstein.WeightedPeriodicCoefficientEvolution.gramTest_smooth' depends on axioms: [propext,
 Classical.choice,
 Quot.sound]
'SharpWasserstein.WeightedPeriodicCoefficientEvolution.gramTest_allDerivativesBounded' depends on axioms: [propext,
 Classical.choice,
 Quot.sound]
'SharpWasserstein.WeightedPeriodicCoefficientEvolution.gramEntry' depends on axioms: [propext,
 Classical.choice,
 Quot.sound]
'SharpWasserstein.WeightedPeriodicCoefficientEvolution.gramTest_integrable' depends on axioms: [propext,
 Classical.choice,
 Quot.sound]
'SharpWasserstein.WeightedPeriodicCoefficientEvolution.integral_map_euclidean' depends on axioms: [propext,
 Classical.choice,
 Quot.sound]
'SharpWasserstein.WeightedPeriodicCoefficientEvolution.observable_hasDerivWithinAt' depends on axioms: [propext,
 Classical.choice,
 Quot.sound]
'SharpWasserstein.WeightedPeriodicCoefficientEvolution.observable_hasDerivAt' depends on axioms: [propext,
 Classical.choice,
 Quot.sound]
'SharpWasserstein.WeightedPeriodicCoefficientEvolution.gramEntry_hasDerivWithinAt' depends on axioms: [propext,
 Classical.choice,
 Quot.sound]
'SharpWasserstein.WeightedPeriodicCoefficientEvolution.gramEntry_hasDerivAt' depends on axioms: [propext,
 Classical.choice,
 Quot.sound]
'SharpWasserstein.WeightedPeriodicCoefficientEvolution.gramEntry_derivative_continuousOn' depends on axioms: [propext,
 Classical.choice,
 Quot.sound]
'SharpWasserstein.WeightedPeriodicCoefficientEvolution.brownian_observable_hasDerivWithinAt' depends on axioms: [propext,
 Classical.choice,
 Quot.sound]
'SharpWasserstein.WeightedPeriodicCoefficientEvolution.brownian_observable_hasDerivAt' depends on axioms: [propext,
 Classical.choice,
 Quot.sound]
'SharpWasserstein.WeightedPeriodicCoefficientEvolution.brownian_gramEntry_hasDerivWithinAt' depends on axioms: [propext,
 Classical.choice,
 Quot.sound]
'SharpWasserstein.WeightedPeriodicCoefficientEvolution.brownian_gramEntry_hasDerivAt' depends on axioms: [propext,
 Classical.choice,
 Quot.sound]
'SharpWasserstein.WeightedPeriodicCoefficientEvolution.brownian_gramEntry_derivative_continuousOn' depends on axioms: [propext,
 Classical.choice,
 Quot.sound]
'SharpWasserstein.WeightedPeriodicCoefficientEvolution.brownian_source_derivative_continuousOn' depends on axioms: [propext,
 Classical.choice,
 Quot.sound]
'SharpWasserstein.WeightedPeriodicCoefficientEvolution.brownian_coefficients_hasDerivWithinAt' depends on axioms: [propext,
 Classical.choice,
 Quot.sound]
'SharpWasserstein.WeightedPeriodicCoefficientEvolution.periodic_allDerivativesBounded' depends on axioms: [propext,
 Classical.choice,
 Quot.sound]
'SharpWasserstein.WeightedPeriodicCoefficientEvolution.periodic_pullback_allDerivativesBounded' depends on axioms: [propext,
 Classical.choice,
 Quot.sound]
'SharpWasserstein.WeightedPeriodicCoefficientEvolution.atom_pullback_smooth' depends on axioms: [propext,
 Classical.choice,
 Quot.sound]
'SharpWasserstein.WeightedPeriodicCoefficientEvolution.atom_pullback_allDerivativesBounded' depends on axioms: [propext,
 Classical.choice,
 Quot.sound]
'SharpWasserstein.WeightedPeriodicCoefficientEvolution.frequencySpace_pullback_smooth_bounded' depends on axioms: [propext,
 Classical.choice,
 Quot.sound]
'SharpWasserstein.WeightedPeriodicCoefficientEvolution.frequencySpace_gramTest_smooth_bounded' depends on axioms: [propext,
 Classical.choice,
 Quot.sound]
'SharpWasserstein.WeightedPeriodicFourier.smoothedPolynomial_uniform_tendsto' depends on axioms: [propext,
 Classical.choice,
 Quot.sound]
'SharpWasserstein.WeightedPeriodicFourier.smoothedPolynomial_partial_uniform_tendsto' depends on axioms: [propext,
 Classical.choice,
 Quot.sound]
'SharpWasserstein.WeightedPeriodicFourier.testAverage_partial_uniform_tendsto' depends on axioms: [propext,
 Classical.choice,
 Quot.sound]
'SharpWasserstein.WeightedPeriodicFourier.exists_frequencySpace_uniform_C1' depends on axioms: [propext,
 Classical.choice,
 Quot.sound]
'SharpWasserstein.WeightedPeriodicFourier.continuous_integrable_cube_banach' depends on axioms: [propext,
 Classical.choice,
 Quot.sound]
'SharpWasserstein.WeightedPeriodicFourier.translatedLift' depends on axioms: [propext, Classical.choice, Quot.sound]
'SharpWasserstein.WeightedPeriodicFourier.translatedLift_periodic' depends on axioms: [propext,
 Classical.choice,
 Quot.sound]
'SharpWasserstein.WeightedPeriodicFourier.translatedLift_zero' depends on axioms: [propext,
 Classical.choice,
 Quot.sound]
'SharpWasserstein.WeightedPeriodicFourier.translatedLift_integral_apply' depends on axioms: [propext,
 Classical.choice,
 Quot.sound]
'SharpWasserstein.WeightedPeriodicFourier.testAverage_uniform_tendsto' depends on axioms: [propext,
 Classical.choice,
 Quot.sound]
'SharpWasserstein.WeightedPeriodicFourier.pullback_gradient_component' depends on axioms: [propext,
 Classical.choice,
 Quot.sound]
'SharpWasserstein.WeightedPeriodicFourier.pullback_gradient_bound' depends on axioms: [propext,
 Classical.choice,
 Quot.sound]
'SharpWasserstein.WeightedPeriodicFourier.pullback_value_bound' depends on axioms: [propext,
 Classical.choice,
 Quot.sound]
'SharpWasserstein.WeightedPeriodicFourier.pullback_gradient_sub_bound' depends on axioms: [propext,
 Classical.choice,
 Quot.sound]
'SharpWasserstein.WeightedPeriodicFourier.periodic_gradient_memLp' depends on axioms: [propext,
 Classical.choice,
 Quot.sound]
'SharpWasserstein.WeightedPeriodicFourier.gradientVector' depends on axioms: [propext, Classical.choice, Quot.sound]
'SharpWasserstein.WeightedPeriodicFourier.gradientVector_ae' depends on axioms: [propext, Classical.choice, Quot.sound]
'SharpWasserstein.WeightedPeriodicFourier.periodicGradientMap' depends on axioms: [propext,
 Classical.choice,
 Quot.sound]
'SharpWasserstein.WeightedPeriodicFourier.frequencyTestInclusion' depends on axioms: [propext,
 Classical.choice,
 Quot.sound]
'SharpWasserstein.WeightedPeriodicFourier.trialGradient' depends on axioms: [propext, Classical.choice, Quot.sound]
'SharpWasserstein.WeightedPeriodicFourier.trialSpace' depends on axioms: [propext, Classical.choice, Quot.sound]
'SharpWasserstein.WeightedPeriodicFourier.periodicSpace' depends on axioms: [propext, Classical.choice, Quot.sound]
'SharpWasserstein.WeightedPeriodicFourier.trialSpace_le_periodicSpace' depends on axioms: [propext,
 Classical.choice,
 Quot.sound]
'SharpWasserstein.WeightedPeriodicFourier.gradientVector_norm_sub_le' depends on axioms: [propext,
 Classical.choice,
 Quot.sound]
'SharpWasserstein.WeightedPeriodicFourier.gradientVector_mem_periodicSpace' depends on axioms: [propext,
 Classical.choice,
 Quot.sound]
'SharpWasserstein.WeightedPeriodicFourier.periodicSpace_eq_smoothGradientClosure' depends on axioms: [propext,
 Classical.choice,
 Quot.sound]
'SharpWasserstein.WeightedPeriodicFourierPhysical.physicalPotential' depends on axioms: [propext,
 Classical.choice,
 Quot.sound]
'SharpWasserstein.WeightedPeriodicFourierPhysical.physicalPotential_smooth' depends on axioms: [propext,
 Classical.choice,
 Quot.sound]
'SharpWasserstein.WeightedPeriodicFourierPhysical.physicalPotential_gradient' depends on axioms: [propext,
 Classical.choice,
 Quot.sound]
'SharpWasserstein.WeightedPeriodicFourierPhysical.physicalPotential_gradient_bound' depends on axioms: [propext,
 Classical.choice,
 Quot.sound]
'SharpWasserstein.WeightedPeriodicFourierPhysical.physicalPotential_value_bound' depends on axioms: [propext,
 Classical.choice,
 Quot.sound]
'SharpWasserstein.WeightedPeriodicFourierPhysical.physicalPotential_gradient_sub_bound' depends on axioms: [propext,
 Classical.choice,
 Quot.sound]
'SharpWasserstein.WeightedPeriodicFourierPhysical.exists_normalized_test' depends on axioms: [propext,
 Classical.choice,
 Quot.sound]
'SharpWasserstein.WeightedPeriodicFourierPhysical.physical_gradient_memLp' depends on axioms: [propext,
 Classical.choice,
 Quot.sound]
'SharpWasserstein.WeightedPeriodicFourierPhysical.gradientVector' depends on axioms: [propext,
 Classical.choice,
 Quot.sound]
'SharpWasserstein.WeightedPeriodicFourierPhysical.gradientVector_ae' depends on axioms: [propext,
 Classical.choice,
 Quot.sound]
'SharpWasserstein.WeightedPeriodicFourierPhysical.periodicGradientMap' depends on axioms: [propext,
 Classical.choice,
 Quot.sound]
'SharpWasserstein.WeightedPeriodicFourierPhysical.trialGradient' depends on axioms: [propext,
 Classical.choice,
 Quot.sound]
'SharpWasserstein.WeightedPeriodicFourierPhysical.trialSpace' depends on axioms: [propext, Classical.choice, Quot.sound]
'SharpWasserstein.WeightedPeriodicFourierPhysical.periodicSpace' depends on axioms: [propext,
 Classical.choice,
 Quot.sound]
'SharpWasserstein.WeightedPeriodicFourierPhysical.trialSpace_le_periodicSpace' depends on axioms: [propext,
 Classical.choice,
 Quot.sound]
'SharpWasserstein.WeightedPeriodicFourierPhysical.gradientVector_norm_sub_le' depends on axioms: [propext,
 Classical.choice,
 Quot.sound]
'SharpWasserstein.WeightedPeriodicFourierPhysical.gradientVector_mem_periodicSpace' depends on axioms: [propext,
 Classical.choice,
 Quot.sound]
'SharpWasserstein.WeightedPeriodicFourierPhysical.periodicSpace_eq_smoothGradientClosure' depends on axioms: [propext,
 Classical.choice,
 Quot.sound]
'SharpWasserstein.WeightedPeriodicFourierScale.PeriodicOf' depends on axioms: [propext, Classical.choice, Quot.sound]
'SharpWasserstein.WeightedPeriodicFourierScale.dilation' depends on axioms: [propext, Classical.choice, Quot.sound]
'SharpWasserstein.WeightedPeriodicFourierScale.rescale' depends on axioms: [propext, Classical.choice, Quot.sound]
'SharpWasserstein.WeightedPeriodicFourierScale.rescaleLinear' depends on axioms: [propext, Classical.choice, Quot.sound]
'SharpWasserstein.WeightedPeriodicFourierScale.rescale_apply' depends on axioms: [propext, Classical.choice, Quot.sound]
'SharpWasserstein.WeightedPeriodicFourierScale.rescale_smooth' depends on axioms: [propext,
 Classical.choice,
 Quot.sound]
'SharpWasserstein.WeightedPeriodicFourierScale.rescale_inverse' depends on axioms: [propext,
 Classical.choice,
 Quot.sound]
'SharpWasserstein.WeightedPeriodicFourierScale.rescale_periodic' depends on axioms: [propext,
 Classical.choice,
 Quot.sound]
'SharpWasserstein.WeightedPeriodicFourierScale.rescale_inverse_periodic' depends on axioms: [propext,
 Classical.choice,
 Quot.sound]
'SharpWasserstein.WeightedPeriodicFourierScale.coordinatePartial_rescale' depends on axioms: [propext,
 Classical.choice,
 Quot.sound]
'SharpWasserstein.WeightedPeriodicFourierScale.partial_rescale_eq' depends on axioms: [propext,
 Classical.choice,
 Quot.sound]
'SharpWasserstein.WeightedPeriodicFourierScale.laplacian_rescale' depends on axioms: [propext,
 Classical.choice,
 Quot.sound]
'SharpWasserstein.WeightedPeriodicFourierScale.frequencySpace' depends on axioms: [propext,
 Classical.choice,
 Quot.sound]
'SharpWasserstein.WeightedPeriodicFourierScale.atom' depends on axioms: [propext, Classical.choice, Quot.sound]
'SharpWasserstein.WeightedPeriodicFourierScale.atom_smooth' depends on axioms: [propext, Classical.choice, Quot.sound]
'SharpWasserstein.WeightedPeriodicFourierScale.atom_periodic' depends on axioms: [propext, Classical.choice, Quot.sound]
'SharpWasserstein.WeightedPeriodicFourierScale.laplacian_atom' depends on axioms: [propext,
 Classical.choice,
 Quot.sound]
'SharpWasserstein.WeightedPeriodicFourierScale.frequencySpace_properties' depends on axioms: [propext,
 Classical.choice,
 Quot.sound]
'SharpWasserstein.WeightedPeriodicFourierScale.exists_frequencySpace_uniform_C1' depends on axioms: [propext,
 Classical.choice,
 Quot.sound]
'SharpWasserstein.WeightedPeriodicFourier.testAverage_add' depends on axioms: [propext, Classical.choice, Quot.sound]
'SharpWasserstein.WeightedPeriodicFourier.testAverage_smul' depends on axioms: [propext, Classical.choice, Quot.sound]
'SharpWasserstein.WeightedPeriodicFourier.testAverage_sub' depends on axioms: [propext, Classical.choice, Quot.sound]
'SharpWasserstein.WeightedPeriodicFourier.testAverage_cosine' depends on axioms: [propext, Classical.choice, Quot.sound]
'SharpWasserstein.WeightedPeriodicFourier.testAverage_sine' depends on axioms: [propext, Classical.choice, Quot.sound]
'SharpWasserstein.WeightedPeriodicFourier.testAverage_frequencySpace' depends on axioms: [propext,
 Classical.choice,
 Quot.sound]
'SharpWasserstein.WeightedPeriodicFourier.continuous_memLp_two_cube' depends on axioms: [propext,
 Classical.choice,
 Quot.sound]
'SharpWasserstein.WeightedPeriodicFourier.testAverage_eq_shifted' depends on axioms: [propext,
 Classical.choice,
 Quot.sound]
'SharpWasserstein.WeightedPeriodicFourier.testAverage_abs_le_L2' depends on axioms: [propext,
 Classical.choice,
 Quot.sound]
'SharpWasserstein.WeightedPeriodicMarginal.liftTest' depends on axioms: [propext, Classical.choice, Quot.sound]
'SharpWasserstein.WeightedPeriodicMarginal.tangentLift_gradientVector' depends on axioms: [propext,
 Classical.choice,
 Quot.sound]
'SharpWasserstein.WeightedPeriodicMarginal.tangentLift_periodic_mem' depends on axioms: [propext,
 Classical.choice,
 Quot.sound]
'SharpWasserstein.WeightedPeriodicMarginal.periodicLift' depends on axioms: [propext, Classical.choice, Quot.sound]
'SharpWasserstein.WeightedPeriodicMarginal.periodicLift_ae' depends on axioms: [propext, Classical.choice, Quot.sound]
'SharpWasserstein.WeightedPeriodicMarginal.representative_closed_pairing' depends on axioms: [propext,
 Classical.choice,
 Quot.sound]
'SharpWasserstein.WeightedPeriodicMarginal.source_liftTest' depends on axioms: [propext, Classical.choice, Quot.sound]
'SharpWasserstein.WeightedPeriodicMarginal.marginal_representative_pairing' depends on axioms: [propext,
 Classical.choice,
 Quot.sound]
'SharpWasserstein.WeightedPeriodicMarginal.marginal_energy_increment' depends on axioms: [propext,
 Classical.choice,
 Quot.sound]
'SharpWasserstein.WeightedPeriodicMarginal.marginal_energy_increment_integral' depends on axioms: [propext,
 Classical.choice,
 Quot.sound]
'SharpWasserstein.WeightedPeriodicMarginal.marginal_energy_le' depends on axioms: [propext,
 Classical.choice,
 Quot.sound]
'SharpWasserstein.WeightedPeriodicMarginalPhysical.tangentLift_gradientVector' depends on axioms: [propext,
 Classical.choice,
 Quot.sound]
'SharpWasserstein.WeightedPeriodicMarginalPhysical.tangentLift_periodic_mem' depends on axioms: [propext,
 Classical.choice,
 Quot.sound]
'SharpWasserstein.WeightedPeriodicMarginalPhysical.periodicLift' depends on axioms: [propext,
 Classical.choice,
 Quot.sound]
'SharpWasserstein.WeightedPeriodicMarginalPhysical.periodicLift_ae' depends on axioms: [propext,
 Classical.choice,
 Quot.sound]
'SharpWasserstein.WeightedPeriodicMarginalPhysical.representative_closed_pairing' depends on axioms: [propext,
 Classical.choice,
 Quot.sound]
'SharpWasserstein.WeightedPeriodicMarginalPhysical.source_liftTest' depends on axioms: [propext,
 Classical.choice,
 Quot.sound]
'SharpWasserstein.WeightedPeriodicMarginalPhysical.marginal_representative_pairing' depends on axioms: [propext,
 Classical.choice,
 Quot.sound]
'SharpWasserstein.WeightedPeriodicMarginalPhysical.marginal_energy_increment' depends on axioms: [propext,
 Classical.choice,
 Quot.sound]
'SharpWasserstein.WeightedPeriodicMarginalPhysical.marginal_energy_increment_integral' depends on axioms: [propext,
 Classical.choice,
 Quot.sound]
'SharpWasserstein.WeightedPeriodicMarginalPhysical.marginal_energy_le' depends on axioms: [propext,
 Classical.choice,
 Quot.sound]
'SharpWasserstein.WeightedPeriodicTangent.source' depends on axioms: [propext, Classical.choice, Quot.sound]
'SharpWasserstein.WeightedPeriodicTangent.representative' depends on axioms: [propext, Classical.choice, Quot.sound]
'SharpWasserstein.WeightedPeriodicTangent.gradientIntoPeriodic' depends on axioms: [propext,
 Classical.choice,
 Quot.sound]
'SharpWasserstein.WeightedPeriodicTangent.dense_gradientIntoPeriodic' depends on axioms: [propext,
 Classical.choice,
 Quot.sound]
'SharpWasserstein.WeightedPeriodicTangent.source_eq_full_pairing' depends on axioms: [propext,
 Classical.choice,
 Quot.sound]
'SharpWasserstein.WeightedPeriodicTangent.representative_pairing' depends on axioms: [propext,
 Classical.choice,
 Quot.sound]
'SharpWasserstein.WeightedPeriodicTangent.gradientVector_pairing' depends on axioms: [propext,
 Classical.choice,
 Quot.sound]
'SharpWasserstein.WeightedPeriodicTangent.representative_divergence' depends on axioms: [propext,
 Classical.choice,
 Quot.sound]
'SharpWasserstein.WeightedPeriodicTangent.source_eq_flux_pairing' depends on axioms: [propext,
 Classical.choice,
 Quot.sound]
'SharpWasserstein.WeightedPeriodicTangent.exists_compact_source_approximation' depends on axioms: [propext,
 Classical.choice,
 Quot.sound]
'SharpWasserstein.WeightedPeriodicTangent.objective' depends on axioms: [propext, Classical.choice, Quot.sound]
'SharpWasserstein.WeightedPeriodicTangent.energy' depends on axioms: [propext, Classical.choice, Quot.sound]
'SharpWasserstein.WeightedPeriodicTangent.gradient_norm_sq' depends on axioms: [propext, Classical.choice, Quot.sound]
'SharpWasserstein.WeightedPeriodicTangent.objective_eq_dense' depends on axioms: [propext, Classical.choice, Quot.sound]
'SharpWasserstein.WeightedPeriodicTangent.objective_bddAbove' depends on axioms: [propext, Classical.choice, Quot.sound]
'SharpWasserstein.WeightedPeriodicTangent.energy_eq_norm_sq' depends on axioms: [propext, Classical.choice, Quot.sound]
'SharpWasserstein.WeightedPeriodicTangent.energy_le_full' depends on axioms: [propext, Classical.choice, Quot.sound]
'SharpWasserstein.WeightedPeriodicTangent.energy_eq_integral' depends on axioms: [propext, Classical.choice, Quot.sound]
'SharpWasserstein.WeightedPeriodicTangent.full_energy_increment' depends on axioms: [propext,
 Classical.choice,
 Quot.sound]
'SharpWasserstein.WeightedPeriodicTangentPhysical.source' depends on axioms: [propext, Classical.choice, Quot.sound]
'SharpWasserstein.WeightedPeriodicTangentPhysical.representative' depends on axioms: [propext,
 Classical.choice,
 Quot.sound]
'SharpWasserstein.WeightedPeriodicTangentPhysical.gradientIntoPeriodic' depends on axioms: [propext,
 Classical.choice,
 Quot.sound]
'SharpWasserstein.WeightedPeriodicTangentPhysical.dense_gradientIntoPeriodic' depends on axioms: [propext,
 Classical.choice,
 Quot.sound]
'SharpWasserstein.WeightedPeriodicTangentPhysical.source_eq_full_pairing' depends on axioms: [propext,
 Classical.choice,
 Quot.sound]
'SharpWasserstein.WeightedPeriodicTangentPhysical.representative_pairing' depends on axioms: [propext,
 Classical.choice,
 Quot.sound]
'SharpWasserstein.WeightedPeriodicTangentPhysical.gradientVector_pairing' depends on axioms: [propext,
 Classical.choice,
 Quot.sound]
'SharpWasserstein.WeightedPeriodicTangentPhysical.representative_divergence' depends on axioms: [propext,
 Classical.choice,
 Quot.sound]
'SharpWasserstein.WeightedPeriodicTangentPhysical.source_eq_flux_pairing' depends on axioms: [propext,
 Classical.choice,
 Quot.sound]
'SharpWasserstein.WeightedPeriodicTangentPhysical.exists_compact_source_approximation' depends on axioms: [propext,
 Classical.choice,
 Quot.sound]
'SharpWasserstein.WeightedPeriodicTangentPhysical.objective' depends on axioms: [propext, Classical.choice, Quot.sound]
'SharpWasserstein.WeightedPeriodicTangentPhysical.energy' depends on axioms: [propext, Classical.choice, Quot.sound]
'SharpWasserstein.WeightedPeriodicTangentPhysical.gradient_norm_sq' depends on axioms: [propext,
 Classical.choice,
 Quot.sound]
'SharpWasserstein.WeightedPeriodicTangentPhysical.objective_eq_dense' depends on axioms: [propext,
 Classical.choice,
 Quot.sound]
'SharpWasserstein.WeightedPeriodicTangentPhysical.objective_bddAbove' depends on axioms: [propext,
 Classical.choice,
 Quot.sound]
'SharpWasserstein.WeightedPeriodicTangentPhysical.energy_eq_norm_sq' depends on axioms: [propext,
 Classical.choice,
 Quot.sound]
'SharpWasserstein.WeightedPeriodicTangentPhysical.energy_le_full' depends on axioms: [propext,
 Classical.choice,
 Quot.sound]
'SharpWasserstein.WeightedPeriodicTangentPhysical.energy_eq_integral' depends on axioms: [propext,
 Classical.choice,
 Quot.sound]
'SharpWasserstein.WeightedPeriodicTangentPhysical.full_energy_increment' depends on axioms: [propext,
 Classical.choice,
 Quot.sound]
'SharpWasserstein.WeightedSourceSymmetry.measurePreserving_isometry' depends on axioms: [propext,
 Classical.choice,
 Quot.sound]
'SharpWasserstein.WeightedSourceSymmetry.pullVector' depends on axioms: [propext, Classical.choice, Quot.sound]
'SharpWasserstein.WeightedSourceSymmetry.pullVector_ae' depends on axioms: [propext, Classical.choice, Quot.sound]
'SharpWasserstein.WeightedSourceSymmetry.pullVector_norm' depends on axioms: [propext, Classical.choice, Quot.sound]
'SharpWasserstein.WeightedSourceSymmetry.source_invariant_inverse' depends on axioms: [propext,
 Classical.choice,
 Quot.sound]
'SharpWasserstein.WeightedSourceSymmetry.pullVector_representative_divergence' depends on axioms: [propext,
 Classical.choice,
 Quot.sound]
'SharpWasserstein.WeightedSourceSymmetry.representative_equivariant' depends on axioms: [propext,
 Classical.choice,
 Quot.sound]
'SharpWasserstein.WeightedTangent.Point' depends on axioms: [propext, Classical.choice, Quot.sound]
'SharpWasserstein.WeightedTangent.testSpace' depends on axioms: [propext, Classical.choice, Quot.sound]
'SharpWasserstein.WeightedTangent.Test' depends on axioms: [propext, Classical.choice, Quot.sound]
'SharpWasserstein.WeightedTangent.test_differentiable' depends on axioms: [propext, Classical.choice, Quot.sound]
'SharpWasserstein.WeightedTangent.continuous_test_gradient' depends on axioms: [propext, Classical.choice, Quot.sound]
'SharpWasserstein.WeightedTangent.compactSupport_test_gradient' depends on axioms: [propext,
 Classical.choice,
 Quot.sound]
'SharpWasserstein.WeightedTangent.test_gradient_memLp' depends on axioms: [propext, Classical.choice, Quot.sound]
'SharpWasserstein.WeightedTangent.integrable_test_gradient_sq' depends on axioms: [propext,
 Classical.choice,
 Quot.sound]
'SharpWasserstein.WeightedTangent.testGradient' depends on axioms: [propext, Classical.choice, Quot.sound]
'SharpWasserstein.WeightedTangent.testGradient_ae' depends on axioms: [propext, Classical.choice, Quot.sound]
'SharpWasserstein.WeightedTangent.gradient_test_add' depends on axioms: [propext, Classical.choice, Quot.sound]
'SharpWasserstein.WeightedTangent.gradient_test_smul' depends on axioms: [propext, Classical.choice, Quot.sound]
'SharpWasserstein.WeightedTangent.testGradientLinear' depends on axioms: [propext, Classical.choice, Quot.sound]
'SharpWasserstein.WeightedTangent.gradientClosure' depends on axioms: [propext, Classical.choice, Quot.sound]
'SharpWasserstein.WeightedTangent.gradientIntoClosure' depends on axioms: [propext, Classical.choice, Quot.sound]
'SharpWasserstein.WeightedTangent.dense_gradientIntoClosure' depends on axioms: [propext, Classical.choice, Quot.sound]
'SharpWasserstein.WeightedTangent.testGradient_norm_sq' depends on axioms: [propext, Classical.choice, Quot.sound]
'SharpWasserstein.WeightedTangent.testObjective' depends on axioms: [propext, Classical.choice, Quot.sound]
'SharpWasserstein.WeightedTangent.energy' depends on axioms: [propext, Classical.choice, Quot.sound]
'SharpWasserstein.WeightedTangent.FiniteEnergy' depends on axioms: [propext, Classical.choice, Quot.sound]
'SharpWasserstein.WeightedTangent.testObjective_eq_dense' depends on axioms: [propext, Classical.choice, Quot.sound]
'SharpWasserstein.WeightedTangent.finiteEnergy_dense' depends on axioms: [propext, Classical.choice, Quot.sound]
'SharpWasserstein.WeightedTangent.representative' depends on axioms: [propext, Classical.choice, Quot.sound]
'SharpWasserstein.WeightedTangent.integrable_gradient_pairing' depends on axioms: [propext,
 Classical.choice,
 Quot.sound]
'SharpWasserstein.WeightedTangent.gradient_pairing_eq_inner' depends on axioms: [propext, Classical.choice, Quot.sound]
'SharpWasserstein.WeightedTangent.representative_divergence' depends on axioms: [propext, Classical.choice, Quot.sound]
'SharpWasserstein.WeightedTangent.representative_unique' depends on axioms: [propext, Classical.choice, Quot.sound]
'SharpWasserstein.WeightedTangent.energy_eq_norm_sq' depends on axioms: [propext, Classical.choice, Quot.sound]
'SharpWasserstein.WeightedTangent.lp_norm_sq_eq_integral' depends on axioms: [propext, Classical.choice, Quot.sound]
'SharpWasserstein.WeightedTangent.energy_eq_integral' depends on axioms: [propext, Classical.choice, Quot.sound]
'SharpWasserstein.WeightedTangent.existsUnique_tangent' depends on axioms: [propext, Classical.choice, Quot.sound]
'SharpWasserstein.WeightedTangent.fluxFunctional' depends on axioms: [propext, Classical.choice, Quot.sound]
'SharpWasserstein.WeightedTangent.fluxFunctional_apply' depends on axioms: [propext, Classical.choice, Quot.sound]
'SharpWasserstein.WeightedTangent.testObjective_le_flux_norm_sq' depends on axioms: [propext,
 Classical.choice,
 Quot.sound]
'SharpWasserstein.WeightedTangent.finiteEnergy_of_divergence' depends on axioms: [propext, Classical.choice, Quot.sound]
'SharpWasserstein.WeightedTangent.energy_le_flux_integral' depends on axioms: [propext, Classical.choice, Quot.sound]
'SharpWasserstein.WeightedTangent.flux_residual_orthogonal' depends on axioms: [propext, Classical.choice, Quot.sound]
'SharpWasserstein.WeightedTangent.flux_energy_decomposition' depends on axioms: [propext, Classical.choice, Quot.sound]
'SharpWasserstein.WeightedTangent.finiteEnergy_iff_exists_flux' depends on axioms: [propext,
 Classical.choice,
 Quot.sound]
'SharpWasserstein.WeightedTangent.gradientSquare' depends on axioms: [propext, Classical.choice, Quot.sound]
'SharpWasserstein.WeightedTangent.tendsto_gradient_integral' depends on axioms: [propext, Classical.choice, Quot.sound]
'SharpWasserstein.WeightedTangent.tendsto_testObjective' depends on axioms: [propext, Classical.choice, Quot.sound]
'SharpWasserstein.WeightedTangent.extendedEnergy' depends on axioms: [propext, Classical.choice, Quot.sound]
'SharpWasserstein.WeightedTangent.extendedEnergy_eq_ofReal' depends on axioms: [propext, Classical.choice, Quot.sound]
'SharpWasserstein.WeightedTangent.finiteEnergy_iff_extendedEnergy_ne_top' depends on axioms: [propext,
 Classical.choice,
 Quot.sound]
'SharpWasserstein.WeightedTangent.extendedEnergy_le_liminf' depends on axioms: [propext, Classical.choice, Quot.sound]
'SharpWasserstein.WeightedTangent.finiteEnergy_bound_of_tendsto' depends on axioms: [propext,
 Classical.choice,
 Quot.sound]
'SharpWasserstein.WeightedTangent.exists_tangent_of_weak_limit' depends on axioms: [propext,
 Classical.choice,
 Quot.sound]
