toNormedAddCommGroup
toNormedSpace
hasOpNorm
toNormedSpace
qa/GaussianNormProbe.lean:13:0: error: failed to synthesize
  Norm (StrongDual ℝ E →L[ℝ] StrongDual ℝ E →L[ℝ] ℝ)

Hint: Additional diagnostic information may be available using the `set_option diagnostics true` command.
qa/GaussianNormProbe.lean:15:65: error(lean.synthInstanceFailed): failed to synthesize instance of type class
  Norm (StrongDual ℝ E →L[ℝ] StrongDual ℝ E →L[ℝ] ℝ)
[Meta.synthInstance] ✅️ NormedField ℝ
  [Meta.synthInstance] ✅️ new goal NormedField ℝ
    [Meta.synthInstance.instances] #[@NontriviallyNormedField.toNormedField, @DenselyNormedField.toNormedField, Real.normedField]
  [Meta.synthInstance.apply] ✅️ apply Real.normedField to NormedField ℝ
    [Meta.synthInstance.tryResolve] ✅️ NormedField ℝ ≟ NormedField ℝ
    [Meta.synthInstance.answer] ✅️ NormedField ℝ
  [Meta.synthInstance] result Real.normedField
[Meta.synthInstance] ✅️ SeminormedAddCommGroup E
  [Meta.synthInstance] ✅️ new goal SeminormedAddCommGroup E
    [Meta.synthInstance.instances] #[@NormedAddCommGroup.toSeminormedAddCommGroup, @NonUnitalSeminormedRing.toSeminormedAddCommGroup]
  [Meta.synthInstance.apply] ✅️ apply @NonUnitalSeminormedRing.toSeminormedAddCommGroup to SeminormedAddCommGroup E
    [Meta.synthInstance.tryResolve] ✅️ SeminormedAddCommGroup E ≟ SeminormedAddCommGroup E
    [Meta.synthInstance] ✅️ new goal NonUnitalSeminormedRing E
      [Meta.synthInstance.instances] #[@SeminormedRing.toNonUnitalSeminormedRing, @NonUnitalNormedRing.toNonUnitalSeminormedRing, @NonUnitalSeminormedCommRing.toNonUnitalSeminormedRing]
  [Meta.synthInstance.apply] ✅️ apply @NonUnitalSeminormedCommRing.toNonUnitalSeminormedRing to NonUnitalSeminormedRing
        E
    [Meta.synthInstance.tryResolve] ✅️ NonUnitalSeminormedRing E ≟ NonUnitalSeminormedRing E
    [Meta.synthInstance] ✅️ new goal NonUnitalSeminormedCommRing E
      [Meta.synthInstance.instances] #[@NonUnitalNormedCommRing.toNonUnitalSeminormedCommRing, @SeminormedCommRing.toNonUnitalSeminormedCommRing]
  [Meta.synthInstance.apply] ✅️ apply @SeminormedCommRing.toNonUnitalSeminormedCommRing to NonUnitalSeminormedCommRing E
    [Meta.synthInstance.tryResolve] ✅️ NonUnitalSeminormedCommRing E ≟ NonUnitalSeminormedCommRing E
    [Meta.synthInstance] ✅️ new goal SeminormedCommRing E
      [Meta.synthInstance.instances] #[@NormedCommRing.toSeminormedCommRing]
  [Meta.synthInstance.apply] ✅️ apply @NormedCommRing.toSeminormedCommRing to SeminormedCommRing E
    [Meta.synthInstance.tryResolve] ✅️ SeminormedCommRing E ≟ SeminormedCommRing E
    [Meta.synthInstance] ✅️ new goal NormedCommRing E
      [Meta.synthInstance.instances] #[@NormedField.toNormedCommRing, @CommCStarAlgebra.toNormedCommRing]
  [Meta.synthInstance.apply] ✅️ apply @CommCStarAlgebra.toNormedCommRing to NormedCommRing E
    [Meta.synthInstance.tryResolve] ✅️ NormedCommRing E ≟ NormedCommRing E
    [Meta.synthInstance] ✅️ no instances for CommCStarAlgebra E
      [Meta.synthInstance.instances] #[]
  [Meta.synthInstance.apply] ✅️ apply @NormedField.toNormedCommRing to NormedCommRing E
    [Meta.synthInstance.tryResolve] ✅️ NormedCommRing E ≟ NormedCommRing E
    [Meta.synthInstance] ✅️ new goal NormedField E
      [Meta.synthInstance.instances] #[@NontriviallyNormedField.toNormedField, @DenselyNormedField.toNormedField]
  [Meta.synthInstance.apply] ✅️ apply @DenselyNormedField.toNormedField to NormedField E
    [Meta.synthInstance.tryResolve] ✅️ NormedField E ≟ NormedField E
    [Meta.synthInstance] ✅️ new goal DenselyNormedField E
      [Meta.synthInstance.instances] #[@RCLike.toDenselyNormedField]
  [Meta.synthInstance.apply] ✅️ apply @RCLike.toDenselyNormedField to DenselyNormedField E
    [Meta.synthInstance.tryResolve] ✅️ DenselyNormedField E ≟ DenselyNormedField E
    [Meta.synthInstance] ✅️ no instances for RCLike E
      [Meta.synthInstance.instances] #[]
  [Meta.synthInstance.apply] ✅️ apply @NontriviallyNormedField.toNormedField to NormedField E
    [Meta.synthInstance.tryResolve] ✅️ NormedField E ≟ NormedField E
    [Meta.synthInstance] ✅️ new goal NontriviallyNormedField E
      [Meta.synthInstance.instances] #[@DenselyNormedField.toNontriviallyNormedField]
  [Meta.synthInstance.apply] ✅️ apply @DenselyNormedField.toNontriviallyNormedField to NontriviallyNormedField E
    [Meta.synthInstance.tryResolve] ✅️ NontriviallyNormedField E ≟ NontriviallyNormedField E
  [Meta.synthInstance.apply] ✅️ apply @NonUnitalNormedCommRing.toNonUnitalSeminormedCommRing to NonUnitalSeminormedCommRing
        E
    [Meta.synthInstance.tryResolve] ✅️ NonUnitalSeminormedCommRing E ≟ NonUnitalSeminormedCommRing E
    [Meta.synthInstance] ✅️ new goal NonUnitalNormedCommRing E
      [Meta.synthInstance.instances] #[@NormedCommRing.toNonUnitalNormedCommRing, @NonUnitalCommCStarAlgebra.toNonUnitalNormedCommRing]
  [Meta.synthInstance.apply] ✅️ apply @NonUnitalCommCStarAlgebra.toNonUnitalNormedCommRing to NonUnitalNormedCommRing E
    [Meta.synthInstance.tryResolve] ✅️ NonUnitalNormedCommRing E ≟ NonUnitalNormedCommRing E
    [Meta.synthInstance] ✅️ new goal NonUnitalCommCStarAlgebra E
      [Meta.synthInstance.instances] #[CommCStarAlgebra.toNonUnitalCommCStarAlgebra]
  [Meta.synthInstance.apply] ✅️ apply CommCStarAlgebra.toNonUnitalCommCStarAlgebra to NonUnitalCommCStarAlgebra E
    [Meta.synthInstance.tryResolve] ✅️ NonUnitalCommCStarAlgebra E ≟ NonUnitalCommCStarAlgebra E
    [Meta.synthInstance] ✅️ no instances for CommCStarAlgebra E
      [Meta.synthInstance.instances] #[]
  [Meta.synthInstance.apply] ✅️ apply @NormedCommRing.toNonUnitalNormedCommRing to NonUnitalNormedCommRing E
    [Meta.synthInstance.tryResolve] ✅️ NonUnitalNormedCommRing E ≟ NonUnitalNormedCommRing E
  [Meta.synthInstance.apply] ✅️ apply @NonUnitalNormedRing.toNonUnitalSeminormedRing to NonUnitalSeminormedRing E
    [Meta.synthInstance.tryResolve] ✅️ NonUnitalSeminormedRing E ≟ NonUnitalSeminormedRing E
    [Meta.synthInstance] ✅️ new goal NonUnitalNormedRing E
      [Meta.synthInstance.instances] #[@NormedRing.toNonUnitalNormedRing, @NonUnitalNormedCommRing.toNonUnitalNormedRing, @NonUnitalCStarAlgebra.toNonUnitalNormedRing]
  [Meta.synthInstance.apply] ✅️ apply @NonUnitalCStarAlgebra.toNonUnitalNormedRing to NonUnitalNormedRing E
    [Meta.synthInstance.tryResolve] ✅️ NonUnitalNormedRing E ≟ NonUnitalNormedRing E
    [Meta.synthInstance] ✅️ new goal NonUnitalCStarAlgebra E
      [Meta.synthInstance.instances] #[CStarAlgebra.toNonUnitalCStarAlgebra, @NonUnitalCommCStarAlgebra.toNonUnitalCStarAlgebra]
  [Meta.synthInstance.apply] ✅️ apply @NonUnitalCommCStarAlgebra.toNonUnitalCStarAlgebra to NonUnitalCStarAlgebra E
    [Meta.synthInstance.tryResolve] ✅️ NonUnitalCStarAlgebra E ≟ NonUnitalCStarAlgebra E
  [Meta.synthInstance.apply] ✅️ apply CStarAlgebra.toNonUnitalCStarAlgebra to NonUnitalCStarAlgebra E
    [Meta.synthInstance.tryResolve] ✅️ NonUnitalCStarAlgebra E ≟ NonUnitalCStarAlgebra E
    [Meta.synthInstance] ✅️ new goal CStarAlgebra E
      [Meta.synthInstance.instances] #[@CommCStarAlgebra.toCStarAlgebra]
  [Meta.synthInstance.apply] ✅️ apply @CommCStarAlgebra.toCStarAlgebra to CStarAlgebra E
    [Meta.synthInstance.tryResolve] ✅️ CStarAlgebra E ≟ CStarAlgebra E
    [Meta.synthInstance] ✅️ no instances for CommCStarAlgebra E
      [Meta.synthInstance.instances] #[]
  [Meta.synthInstance.apply] ✅️ apply @NonUnitalNormedCommRing.toNonUnitalNormedRing to NonUnitalNormedRing E
    [Meta.synthInstance.tryResolve] ✅️ NonUnitalNormedRing E ≟ NonUnitalNormedRing E
  [Meta.synthInstance.apply] ✅️ apply @NormedRing.toNonUnitalNormedRing to NonUnitalNormedRing E
    [Meta.synthInstance.tryResolve] ✅️ NonUnitalNormedRing E ≟ NonUnitalNormedRing E
    [Meta.synthInstance] ✅️ new goal NormedRing E
      [Meta.synthInstance.instances] #[@NormedDivisionRing.toNormedRing, @NormedCommRing.toNormedRing, @CStarAlgebra.toNormedRing]
  [Meta.synthInstance.apply] ✅️ apply @CStarAlgebra.toNormedRing to NormedRing E
    [Meta.synthInstance.tryResolve] ✅️ NormedRing E ≟ NormedRing E
  [Meta.synthInstance.apply] ✅️ apply @NormedCommRing.toNormedRing to NormedRing E
    [Meta.synthInstance.tryResolve] ✅️ NormedRing E ≟ NormedRing E
  [Meta.synthInstance.apply] ✅️ apply @NormedDivisionRing.toNormedRing to NormedRing E
    [Meta.synthInstance.tryResolve] ✅️ NormedRing E ≟ NormedRing E
    [Meta.synthInstance] ✅️ new goal NormedDivisionRing E
      [Meta.synthInstance.instances] #[@NormedField.toNormedDivisionRing]
  [Meta.synthInstance.apply] ✅️ apply @NormedField.toNormedDivisionRing to NormedDivisionRing E
    [Meta.synthInstance.tryResolve] ✅️ NormedDivisionRing E ≟ NormedDivisionRing E
  [Meta.synthInstance.apply] ✅️ apply @SeminormedRing.toNonUnitalSeminormedRing to NonUnitalSeminormedRing E
    [Meta.synthInstance.tryResolve] ✅️ NonUnitalSeminormedRing E ≟ NonUnitalSeminormedRing E
    [Meta.synthInstance] ✅️ new goal SeminormedRing E
      [Meta.synthInstance.instances] #[@NormedRing.toSeminormedRing, @SeminormedCommRing.toSeminormedRing]
  [Meta.synthInstance.apply] ✅️ apply @SeminormedCommRing.toSeminormedRing to SeminormedRing E
    [Meta.synthInstance.tryResolve] ✅️ SeminormedRing E ≟ SeminormedRing E
  [Meta.synthInstance.apply] ✅️ apply @NormedRing.toSeminormedRing to SeminormedRing E
    [Meta.synthInstance.tryResolve] ✅️ SeminormedRing E ≟ SeminormedRing E
  [Meta.synthInstance.apply] ✅️ apply @NormedAddCommGroup.toSeminormedAddCommGroup to SeminormedAddCommGroup E
    [Meta.synthInstance.tryResolve] ✅️ SeminormedAddCommGroup E ≟ SeminormedAddCommGroup E
    [Meta.synthInstance] ✅️ new goal NormedAddCommGroup E
      [Meta.synthInstance.instances] #[@NonUnitalNormedRing.toNormedAddCommGroup, inst✝]
  [Meta.synthInstance.apply] ✅️ apply inst✝ to NormedAddCommGroup E
    [Meta.synthInstance.tryResolve] ✅️ NormedAddCommGroup E ≟ NormedAddCommGroup E
    [Meta.synthInstance.answer] ✅️ NormedAddCommGroup E
  [Meta.synthInstance.resume] ✅️ propagating NormedAddCommGroup
        E to subgoal NormedAddCommGroup E of SeminormedAddCommGroup E
    [Meta.synthInstance.resume] size: 1
    [Meta.synthInstance.answer] ✅️ SeminormedAddCommGroup E
  [Meta.synthInstance] result NormedAddCommGroup.toSeminormedAddCommGroup
[Meta.synthInstance] 💥️ Semiring ?m.3
  [Meta.synthInstance] ✅️ new goal Semiring ?m.3
    [Meta.synthInstance.instances] #[@SubsemiringClass.toSemiring, @LocalizedModule.instSemiring, @Ring.toSemiring, @CommSemiring.toSemiring, @DivisionSemiring.toSemiring, @IdemSemiring.toSemiring, @DomMulAct.instSemiringOfMulOpposite, Real.semiring, @Matrix.semiring, @Lex.instSemiring, @OreLocalization.instSemiring, @ContinuousMap.instSemiringOfIsTopologicalSemiring, Rat.semiring, @MulOpposite.instSemiring, @ULift.semiring, @SimpleFunc.instSemiring, @AddOpposite.instSemiring, @Subsemiring.toSemiring, @Subalgebra.toSemiring, @Nonneg.semiring, NNReal.instSemiring, @RingCon.instSemiringQuotient, @DomAddAct.instSemiringOfAddOpposite, Int.instSemiring, @Module.End.instSemiring, @Polynomial.semiring, FreeAlgebra.instSemiring, @semiring, instSemiringRestrictScalars, @Ideal.Quotient.semiring, @Filter.Germ.instSemiring, Nat.instSemiring, @SeparationQuotient.instSemiring, @MonoidAlgebra.semiring, @Algebra.TensorProduct.instSemiring, @MulActionHom.instSemiring, @AddMonoid.End.instSemiring, @Unitization.instSemiring, @OrderDual.instSemiring, @AddMonoidAlgebra.semiring, Complex.instSemiring, @Prod.instSemiring, @BoundedContinuousFunction.instSemiring, @WithTop.instSemiring, @Pi.semiring]
  [Meta.synthInstance.apply] 💥️ apply @Pi.semiring to Semiring ?m.3
    [Meta.synthInstance.tryResolve] 💥️ Semiring ?m.3 ≟ Semiring ((i : ?m.8) → ?m.9 i)
[Meta.synthInstance] 💥️ Semiring ?m.4
  [Meta.synthInstance] ✅️ new goal Semiring ?m.4
    [Meta.synthInstance.instances] #[@SubsemiringClass.toSemiring, @LocalizedModule.instSemiring, @Ring.toSemiring, @CommSemiring.toSemiring, @DivisionSemiring.toSemiring, @IdemSemiring.toSemiring, @DomMulAct.instSemiringOfMulOpposite, Real.semiring, @Matrix.semiring, @Lex.instSemiring, @OreLocalization.instSemiring, @ContinuousMap.instSemiringOfIsTopologicalSemiring, Rat.semiring, @MulOpposite.instSemiring, @ULift.semiring, @SimpleFunc.instSemiring, @AddOpposite.instSemiring, @Subsemiring.toSemiring, @Subalgebra.toSemiring, @Nonneg.semiring, NNReal.instSemiring, @RingCon.instSemiringQuotient, @DomAddAct.instSemiringOfAddOpposite, Int.instSemiring, @Module.End.instSemiring, @Polynomial.semiring, FreeAlgebra.instSemiring, @semiring, instSemiringRestrictScalars, @Ideal.Quotient.semiring, @Filter.Germ.instSemiring, Nat.instSemiring, @SeparationQuotient.instSemiring, @MonoidAlgebra.semiring, @Algebra.TensorProduct.instSemiring, @MulActionHom.instSemiring, @AddMonoid.End.instSemiring, @Unitization.instSemiring, @OrderDual.instSemiring, @AddMonoidAlgebra.semiring, Complex.instSemiring, @Prod.instSemiring, @BoundedContinuousFunction.instSemiring, @WithTop.instSemiring, @Pi.semiring]
  [Meta.synthInstance.apply] 💥️ apply @Pi.semiring to Semiring ?m.4
    [Meta.synthInstance.tryResolve] 💥️ Semiring ?m.4 ≟ Semiring ((i : ?m.8) → ?m.9 i)
[Meta.synthInstance] ✅️ NonAssocSemiring ℝ
  [Meta.synthInstance] ✅️ new goal NonAssocSemiring ℝ
    [Meta.synthInstance.instances] #[@NonAssocCommSemiring.toNonAssocSemiring, @NonAssocRing.toNonAssocSemiring, @Semiring.toNonAssocSemiring]
  [Meta.synthInstance.apply] ✅️ apply @Semiring.toNonAssocSemiring to NonAssocSemiring ℝ
    [Meta.synthInstance.tryResolve] ✅️ NonAssocSemiring ℝ ≟ NonAssocSemiring ℝ
    [Meta.synthInstance] ✅️ new goal Semiring ℝ
      [Meta.synthInstance.instances] #[@Ring.toSemiring, @CommSemiring.toSemiring, @DivisionSemiring.toSemiring, @IdemSemiring.toSemiring, Real.semiring]
  [Meta.synthInstance.apply] ✅️ apply Real.semiring to Semiring ℝ
    [Meta.synthInstance.tryResolve] ✅️ Semiring ℝ ≟ Semiring ℝ
    [Meta.synthInstance.answer] ✅️ Semiring ℝ
  [Meta.synthInstance.resume] ✅️ propagating Semiring ℝ to subgoal Semiring ℝ of NonAssocSemiring ℝ
    [Meta.synthInstance.resume] size: 1
    [Meta.synthInstance.answer] ✅️ NonAssocSemiring ℝ
  [Meta.synthInstance] result Real.semiring.toNonAssocSemiring
[Meta.synthInstance] ✅️ Semiring ℝ
  [Meta.synthInstance] ✅️ new goal Semiring ℝ
    [Meta.synthInstance.instances] #[@Ring.toSemiring, @CommSemiring.toSemiring, @DivisionSemiring.toSemiring, @IdemSemiring.toSemiring, Real.semiring]
  [Meta.synthInstance.apply] ✅️ apply Real.semiring to Semiring ℝ
    [Meta.synthInstance.tryResolve] ✅️ Semiring ℝ ≟ Semiring ℝ
    [Meta.synthInstance.answer] ✅️ Semiring ℝ
  [Meta.synthInstance] result Real.semiring
[Meta.synthInstance] ✅️ Semiring ℝ
  [Meta.synthInstance] result Real.semiring (cached)
[Meta.synthInstance] ✅️ Semiring ℝ
  [Meta.synthInstance] result Real.semiring (cached)
[Meta.synthInstance] ✅️ Semiring ℝ
  [Meta.synthInstance] result Real.semiring (cached)
[Meta.synthInstance] ✅️ TopologicalSpace (StrongDual ℝ E)
  [Meta.synthInstance] result topologicalSpace (cached)
[Meta.synthInstance] ✅️ AddCommMonoid (StrongDual ℝ E)
  [Meta.synthInstance] result addCommMonoid (cached)
[Meta.synthInstance] ✅️ TopologicalSpace (StrongDual ℝ E →L[ℝ] ℝ)
  [Meta.synthInstance] ✅️ new goal TopologicalSpace (StrongDual ℝ E →L[ℝ] ℝ)
    [Meta.synthInstance.instances] #[@UniformSpace.toTopologicalSpace, @UpgradedStandardBorel.toTopologicalSpace, @topologicalSpace]
  [Meta.synthInstance.apply] ✅️ apply @topologicalSpace to TopologicalSpace (StrongDual ℝ E →L[ℝ] ℝ)
    [Meta.synthInstance.tryResolve] ✅️ TopologicalSpace
          (StrongDual ℝ E →L[ℝ] ℝ) ≟ TopologicalSpace (StrongDual ℝ E →L[ℝ] ℝ)
      [Meta.synthInstance] ✅️ NormedField ℝ
        [Meta.synthInstance] result Real.normedField (cached)
      [Meta.synthInstance] ✅️ NormedField ℝ
        [Meta.synthInstance] result Real.normedField (cached)
      [Meta.synthInstance] ✅️ AddCommGroup (StrongDual ℝ E)
        [Meta.synthInstance] ✅️ new goal AddCommGroup (StrongDual ℝ E)
          [Meta.synthInstance.instances] #[@SeminormedAddCommGroup.toAddCommGroup, @NormedAddCommGroup.toAddCommGroup, @AddCommGroupWithOne.toAddCommGroup, @NonUnitalNonAssocRing.toAddCommGroup, @Ring.toAddCommGroup, @addCommGroup]
        [Meta.synthInstance.apply] ✅️ apply @addCommGroup to AddCommGroup (StrongDual ℝ E)
          [Meta.synthInstance.tryResolve] ✅️ AddCommGroup (StrongDual ℝ E) ≟ AddCommGroup (E →L[ℝ] ℝ)
            [Meta.synthInstance] ✅️ Ring ℝ
              [Meta.synthInstance] ✅️ new goal Ring ℝ
                [Meta.synthInstance.instances] #[@SeminormedRing.toRing, @NormedRing.toRing, @CommRing.toRing, @DivisionRing.toRing, Real.instRing]
              [Meta.synthInstance.apply] ✅️ apply Real.instRing to Ring ℝ
                [Meta.synthInstance.tryResolve] ✅️ Ring ℝ ≟ Ring ℝ
                [Meta.synthInstance.answer] ✅️ Ring ℝ
              [Meta.synthInstance] result Real.instRing
            [Meta.synthInstance] ✅️ Ring ℝ
              [Meta.synthInstance] result Real.instRing (cached)
            [Meta.synthInstance] ✅️ AddCommGroup E
              [Meta.synthInstance] ✅️ new goal AddCommGroup E
                [Meta.synthInstance.instances] #[@SeminormedAddCommGroup.toAddCommGroup, @NormedAddCommGroup.toAddCommGroup, @AddCommGroupWithOne.toAddCommGroup, @NonUnitalNonAssocRing.toAddCommGroup, @Ring.toAddCommGroup]
              [Meta.synthInstance.apply] ✅️ apply @Ring.toAddCommGroup to AddCommGroup E
                [Meta.synthInstance.tryResolve] ✅️ AddCommGroup E ≟ AddCommGroup E
                [Meta.synthInstance] ✅️ new goal Ring E
                  [Meta.synthInstance.instances] #[@SeminormedRing.toRing, @NormedRing.toRing, @CommRing.toRing, @DivisionRing.toRing]
              [Meta.synthInstance.apply] ✅️ apply @DivisionRing.toRing to Ring E
                [Meta.synthInstance.tryResolve] ✅️ Ring E ≟ Ring E
                [Meta.synthInstance] ✅️ new goal DivisionRing E
                  [Meta.synthInstance.instances] #[@NormedDivisionRing.toDivisionRing, @Field.toDivisionRing]
              [Meta.synthInstance.apply] ✅️ apply @Field.toDivisionRing to DivisionRing E
                [Meta.synthInstance.tryResolve] ✅️ DivisionRing E ≟ DivisionRing E
                [Meta.synthInstance] ✅️ new goal Field E
                  [Meta.synthInstance.instances] #[@NormedField.toField]
              [Meta.synthInstance.apply] ✅️ apply @NormedField.toField to Field E
                [Meta.synthInstance.tryResolve] ✅️ Field E ≟ Field E
                [Meta.synthInstance] ✅️ new goal NormedField E
                  [Meta.synthInstance.instances] #[@NontriviallyNormedField.toNormedField, @DenselyNormedField.toNormedField]
              [Meta.synthInstance.apply] ✅️ apply @DenselyNormedField.toNormedField to NormedField E
                [Meta.synthInstance.tryResolve] ✅️ NormedField E ≟ NormedField E
                [Meta.synthInstance] ✅️ new goal DenselyNormedField E
                  [Meta.synthInstance.instances] #[@RCLike.toDenselyNormedField]
              [Meta.synthInstance.apply] ✅️ apply @RCLike.toDenselyNormedField to DenselyNormedField E
                [Meta.synthInstance.tryResolve] ✅️ DenselyNormedField E ≟ DenselyNormedField E
                [Meta.synthInstance] ✅️ no instances for RCLike E
                  [Meta.synthInstance.instances] #[]
              [Meta.synthInstance.apply] ✅️ apply @NontriviallyNormedField.toNormedField to NormedField E
                [Meta.synthInstance.tryResolve] ✅️ NormedField E ≟ NormedField E
                [Meta.synthInstance] ✅️ new goal NontriviallyNormedField E
                  [Meta.synthInstance.instances] #[@DenselyNormedField.toNontriviallyNormedField]
              [Meta.synthInstance.apply] ✅️ apply @DenselyNormedField.toNontriviallyNormedField to NontriviallyNormedField
                    E
                [Meta.synthInstance.tryResolve] ✅️ NontriviallyNormedField E ≟ NontriviallyNormedField E
              [Meta.synthInstance.apply] ✅️ apply @NormedDivisionRing.toDivisionRing to DivisionRing E
                [Meta.synthInstance.tryResolve] ✅️ DivisionRing E ≟ DivisionRing E
                [Meta.synthInstance] ✅️ new goal NormedDivisionRing E
                  [Meta.synthInstance.instances] #[@NormedField.toNormedDivisionRing]
              [Meta.synthInstance.apply] ✅️ apply @NormedField.toNormedDivisionRing to NormedDivisionRing E
                [Meta.synthInstance.tryResolve] ✅️ NormedDivisionRing E ≟ NormedDivisionRing E
              [Meta.synthInstance.apply] ✅️ apply @CommRing.toRing to Ring E
                [Meta.synthInstance.tryResolve] ✅️ Ring E ≟ Ring E
                [Meta.synthInstance] ✅️ new goal CommRing E
                  [Meta.synthInstance.instances] #[@SeminormedCommRing.toCommRing, @NormedCommRing.toCommRing, @EuclideanDomain.toCommRing, @Field.toCommRing]
              [Meta.synthInstance.apply] ✅️ apply @Field.toCommRing to CommRing E
                [Meta.synthInstance.tryResolve] ✅️ CommRing E ≟ CommRing E
              [Meta.synthInstance.apply] ✅️ apply @EuclideanDomain.toCommRing to CommRing E
                [Meta.synthInstance.tryResolve] ✅️ CommRing E ≟ CommRing E
                [Meta.synthInstance] ✅️ new goal EuclideanDomain E
                  [Meta.synthInstance.instances] #[@Field.toEuclideanDomain]
              [Meta.synthInstance.apply] ✅️ apply @Field.toEuclideanDomain to EuclideanDomain E
                [Meta.synthInstance.tryResolve] ✅️ EuclideanDomain E ≟ EuclideanDomain E
              [Meta.synthInstance.apply] ✅️ apply @NormedCommRing.toCommRing to CommRing E
                [Meta.synthInstance.tryResolve] ✅️ CommRing E ≟ CommRing E
                [Meta.synthInstance] ✅️ new goal NormedCommRing E
                  [Meta.synthInstance.instances] #[@NormedField.toNormedCommRing, @CommCStarAlgebra.toNormedCommRing]
              [Meta.synthInstance.apply] ✅️ apply @CommCStarAlgebra.toNormedCommRing to NormedCommRing E
                [Meta.synthInstance.tryResolve] ✅️ NormedCommRing E ≟ NormedCommRing E
                [Meta.synthInstance] ✅️ no instances for CommCStarAlgebra E
                  [Meta.synthInstance.instances] #[]
              [Meta.synthInstance.apply] ✅️ apply @NormedField.toNormedCommRing to NormedCommRing E
                [Meta.synthInstance.tryResolve] ✅️ NormedCommRing E ≟ NormedCommRing E
              [Meta.synthInstance.apply] ✅️ apply @SeminormedCommRing.toCommRing to CommRing E
                [Meta.synthInstance.tryResolve] ✅️ CommRing E ≟ CommRing E
                [Meta.synthInstance] ✅️ new goal SeminormedCommRing E
                  [Meta.synthInstance.instances] #[@NormedCommRing.toSeminormedCommRing]
              [Meta.synthInstance.apply] ✅️ apply @NormedCommRing.toSeminormedCommRing to SeminormedCommRing E
                [Meta.synthInstance.tryResolve] ✅️ SeminormedCommRing E ≟ SeminormedCommRing E
              [Meta.synthInstance.apply] ✅️ apply @NormedRing.toRing to Ring E
                [Meta.synthInstance.tryResolve] ✅️ Ring E ≟ Ring E
                [Meta.synthInstance] ✅️ new goal NormedRing E
                  [Meta.synthInstance.instances] #[@NormedDivisionRing.toNormedRing, @NormedCommRing.toNormedRing, @CStarAlgebra.toNormedRing]
              [Meta.synthInstance.apply] ✅️ apply @CStarAlgebra.toNormedRing to NormedRing E
                [Meta.synthInstance.tryResolve] ✅️ NormedRing E ≟ NormedRing E
                [Meta.synthInstance] ✅️ new goal CStarAlgebra E
                  [Meta.synthInstance.instances] #[@CommCStarAlgebra.toCStarAlgebra]
              [Meta.synthInstance.apply] ✅️ apply @CommCStarAlgebra.toCStarAlgebra to CStarAlgebra E
                [Meta.synthInstance.tryResolve] ✅️ CStarAlgebra E ≟ CStarAlgebra E
                [Meta.synthInstance] ✅️ no instances for CommCStarAlgebra E
                  [Meta.synthInstance.instances] #[]
              [Meta.synthInstance.apply] ✅️ apply @NormedCommRing.toNormedRing to NormedRing E
                [Meta.synthInstance.tryResolve] ✅️ NormedRing E ≟ NormedRing E
              [Meta.synthInstance.apply] ✅️ apply @NormedDivisionRing.toNormedRing to NormedRing E
                [Meta.synthInstance.tryResolve] ✅️ NormedRing E ≟ NormedRing E
              [Meta.synthInstance.apply] ✅️ apply @SeminormedRing.toRing to Ring E
                [Meta.synthInstance.tryResolve] ✅️ Ring E ≟ Ring E
                [Meta.synthInstance] ✅️ new goal SeminormedRing E
                  [Meta.synthInstance.instances] #[@NormedRing.toSeminormedRing, @SeminormedCommRing.toSeminormedRing]
              [Meta.synthInstance.apply] ✅️ apply @SeminormedCommRing.toSeminormedRing to SeminormedRing E
                [Meta.synthInstance.tryResolve] ✅️ SeminormedRing E ≟ SeminormedRing E
              [Meta.synthInstance.apply] ✅️ apply @NormedRing.toSeminormedRing to SeminormedRing E
                [Meta.synthInstance.tryResolve] ✅️ SeminormedRing E ≟ SeminormedRing E
              [Meta.synthInstance.apply] ✅️ apply @NonUnitalNonAssocRing.toAddCommGroup to AddCommGroup E
                [Meta.synthInstance.tryResolve] ✅️ AddCommGroup E ≟ AddCommGroup E
                [Meta.synthInstance] ✅️ new goal NonUnitalNonAssocRing E
                  [Meta.synthInstance.instances] #[@NonUnitalRing.toNonUnitalNonAssocRing, @NonAssocRing.toNonUnitalNonAssocRing, @NonUnitalNonAssocCommRing.toNonUnitalNonAssocRing]
              [Meta.synthInstance.apply] ✅️ apply @NonUnitalNonAssocCommRing.toNonUnitalNonAssocRing to NonUnitalNonAssocRing
                    E
                [Meta.synthInstance.tryResolve] ✅️ NonUnitalNonAssocRing E ≟ NonUnitalNonAssocRing E
                [Meta.synthInstance] ✅️ new goal NonUnitalNonAssocCommRing E
                  [Meta.synthInstance.instances] #[@NonAssocCommRing.toNonUnitalNonAssocCommRing, @NonUnitalCommRing.toNonUnitalNonAssocCommRing]
              [Meta.synthInstance.apply] ✅️ apply @NonUnitalCommRing.toNonUnitalNonAssocCommRing to NonUnitalNonAssocCommRing
                    E
                [Meta.synthInstance.tryResolve] ✅️ NonUnitalNonAssocCommRing E ≟ NonUnitalNonAssocCommRing E
                [Meta.synthInstance] ✅️ new goal NonUnitalCommRing E
                  [Meta.synthInstance.instances] #[@NonUnitalSeminormedCommRing.toNonUnitalCommRing, @NonUnitalNormedCommRing.toNonUnitalCommRing, @CommRing.toNonUnitalCommRing]
              [Meta.synthInstance.apply] ✅️ apply @CommRing.toNonUnitalCommRing to NonUnitalCommRing E
                [Meta.synthInstance.tryResolve] ✅️ NonUnitalCommRing E ≟ NonUnitalCommRing E
              [Meta.synthInstance.apply] ✅️ apply @NonUnitalNormedCommRing.toNonUnitalCommRing to NonUnitalCommRing E
                [Meta.synthInstance.tryResolve] ✅️ NonUnitalCommRing E ≟ NonUnitalCommRing E
                [Meta.synthInstance] ✅️ new goal NonUnitalNormedCommRing E
                  [Meta.synthInstance.instances] #[@NormedCommRing.toNonUnitalNormedCommRing, @NonUnitalCommCStarAlgebra.toNonUnitalNormedCommRing]
              [Meta.synthInstance.apply] ✅️ apply @NonUnitalCommCStarAlgebra.toNonUnitalNormedCommRing to NonUnitalNormedCommRing
                    E
                [Meta.synthInstance.tryResolve] ✅️ NonUnitalNormedCommRing E ≟ NonUnitalNormedCommRing E
                [Meta.synthInstance] ✅️ new goal NonUnitalCommCStarAlgebra E
                  [Meta.synthInstance.instances] #[CommCStarAlgebra.toNonUnitalCommCStarAlgebra]
              [Meta.synthInstance.apply] ✅️ apply CommCStarAlgebra.toNonUnitalCommCStarAlgebra to NonUnitalCommCStarAlgebra
                    E
                [Meta.synthInstance.tryResolve] ✅️ NonUnitalCommCStarAlgebra E ≟ NonUnitalCommCStarAlgebra E
                [Meta.synthInstance] ✅️ no instances for CommCStarAlgebra E
                  [Meta.synthInstance.instances] #[]
              [Meta.synthInstance.apply] ✅️ apply @NormedCommRing.toNonUnitalNormedCommRing to NonUnitalNormedCommRing E
                [Meta.synthInstance.tryResolve] ✅️ NonUnitalNormedCommRing E ≟ NonUnitalNormedCommRing E
              [Meta.synthInstance.apply] ✅️ apply @NonUnitalSeminormedCommRing.toNonUnitalCommRing to NonUnitalCommRing
                    E
                [Meta.synthInstance.tryResolve] ✅️ NonUnitalCommRing E ≟ NonUnitalCommRing E
                [Meta.synthInstance] ✅️ new goal NonUnitalSeminormedCommRing E
                  [Meta.synthInstance.instances] #[@NonUnitalNormedCommRing.toNonUnitalSeminormedCommRing, @SeminormedCommRing.toNonUnitalSeminormedCommRing]
              [Meta.synthInstance.apply] ✅️ apply @SeminormedCommRing.toNonUnitalSeminormedCommRing to NonUnitalSeminormedCommRing
                    E
                [Meta.synthInstance.tryResolve] ✅️ NonUnitalSeminormedCommRing E ≟ NonUnitalSeminormedCommRing E
              [Meta.synthInstance.apply] ✅️ apply @NonUnitalNormedCommRing.toNonUnitalSeminormedCommRing to NonUnitalSeminormedCommRing
                    E
                [Meta.synthInstance.tryResolve] ✅️ NonUnitalSeminormedCommRing E ≟ NonUnitalSeminormedCommRing E
              [Meta.synthInstance.apply] ✅️ apply @NonAssocCommRing.toNonUnitalNonAssocCommRing to NonUnitalNonAssocCommRing
                    E
                [Meta.synthInstance.tryResolve] ✅️ NonUnitalNonAssocCommRing E ≟ NonUnitalNonAssocCommRing E
                [Meta.synthInstance] ✅️ new goal NonAssocCommRing E
                  [Meta.synthInstance.instances] #[@CommRing.toNonAssocCommRing]
              [Meta.synthInstance.apply] ✅️ apply @CommRing.toNonAssocCommRing to NonAssocCommRing E
                [Meta.synthInstance.tryResolve] ✅️ NonAssocCommRing E ≟ NonAssocCommRing E
              [Meta.synthInstance.apply] ✅️ apply @NonAssocRing.toNonUnitalNonAssocRing to NonUnitalNonAssocRing E
                [Meta.synthInstance.tryResolve] ✅️ NonUnitalNonAssocRing E ≟ NonUnitalNonAssocRing E
                [Meta.synthInstance] ✅️ new goal NonAssocRing E
                  [Meta.synthInstance.instances] #[@Ring.toNonAssocRing, @NonAssocCommRing.toNonAssocRing]
              [Meta.synthInstance.apply] ✅️ apply @NonAssocCommRing.toNonAssocRing to NonAssocRing E
                [Meta.synthInstance.tryResolve] ✅️ NonAssocRing E ≟ NonAssocRing E
              [Meta.synthInstance.apply] ✅️ apply @Ring.toNonAssocRing to NonAssocRing E
                [Meta.synthInstance.tryResolve] ✅️ NonAssocRing E ≟ NonAssocRing E
              [Meta.synthInstance.apply] ✅️ apply @NonUnitalRing.toNonUnitalNonAssocRing to NonUnitalNonAssocRing E
                [Meta.synthInstance.tryResolve] ✅️ NonUnitalNonAssocRing E ≟ NonUnitalNonAssocRing E
                [Meta.synthInstance] ✅️ new goal NonUnitalRing E
                  [Meta.synthInstance.instances] #[@NonUnitalSeminormedRing.toNonUnitalRing, @NonUnitalNormedRing.toNonUnitalRing, @Ring.toNonUnitalRing, @NonUnitalCommRing.toNonUnitalRing]
              [Meta.synthInstance.apply] ✅️ apply @NonUnitalCommRing.toNonUnitalRing to NonUnitalRing E
                [Meta.synthInstance.tryResolve] ✅️ NonUnitalRing E ≟ NonUnitalRing E
              [Meta.synthInstance.apply] ✅️ apply @Ring.toNonUnitalRing to NonUnitalRing E
                [Meta.synthInstance.tryResolve] ✅️ NonUnitalRing E ≟ NonUnitalRing E
              [Meta.synthInstance.apply] ✅️ apply @NonUnitalNormedRing.toNonUnitalRing to NonUnitalRing E
                [Meta.synthInstance.tryResolve] ✅️ NonUnitalRing E ≟ NonUnitalRing E
                [Meta.synthInstance] ✅️ new goal NonUnitalNormedRing E
                  [Meta.synthInstance.instances] #[@NormedRing.toNonUnitalNormedRing, @NonUnitalNormedCommRing.toNonUnitalNormedRing, @NonUnitalCStarAlgebra.toNonUnitalNormedRing]
              [Meta.synthInstance.apply] ✅️ apply @NonUnitalCStarAlgebra.toNonUnitalNormedRing to NonUnitalNormedRing E
                [Meta.synthInstance.tryResolve] ✅️ NonUnitalNormedRing E ≟ NonUnitalNormedRing E
                [Meta.synthInstance] ✅️ new goal NonUnitalCStarAlgebra E
                  [Meta.synthInstance.instances] #[CStarAlgebra.toNonUnitalCStarAlgebra, @NonUnitalCommCStarAlgebra.toNonUnitalCStarAlgebra]
              [Meta.synthInstance.apply] ✅️ apply @NonUnitalCommCStarAlgebra.toNonUnitalCStarAlgebra to NonUnitalCStarAlgebra
                    E
                [Meta.synthInstance.tryResolve] ✅️ NonUnitalCStarAlgebra E ≟ NonUnitalCStarAlgebra E
              [Meta.synthInstance.apply] ✅️ apply CStarAlgebra.toNonUnitalCStarAlgebra to NonUnitalCStarAlgebra E
                [Meta.synthInstance.tryResolve] ✅️ NonUnitalCStarAlgebra E ≟ NonUnitalCStarAlgebra E
              [Meta.synthInstance.apply] ✅️ apply @NonUnitalNormedCommRing.toNonUnitalNormedRing to NonUnitalNormedRing
                    E
                [Meta.synthInstance.tryResolve] ✅️ NonUnitalNormedRing E ≟ NonUnitalNormedRing E
              [Meta.synthInstance.apply] ✅️ apply @NormedRing.toNonUnitalNormedRing to NonUnitalNormedRing E
                [Meta.synthInstance.tryResolve] ✅️ NonUnitalNormedRing E ≟ NonUnitalNormedRing E
              [Meta.synthInstance.apply] ✅️ apply @NonUnitalSeminormedRing.toNonUnitalRing to NonUnitalRing E
                [Meta.synthInstance.tryResolve] ✅️ NonUnitalRing E ≟ NonUnitalRing E
                [Meta.synthInstance] ✅️ new goal NonUnitalSeminormedRing E
                  [Meta.synthInstance.instances] #[@SeminormedRing.toNonUnitalSeminormedRing, @NonUnitalNormedRing.toNonUnitalSeminormedRing, @NonUnitalSeminormedCommRing.toNonUnitalSeminormedRing]
              [Meta.synthInstance.apply] ✅️ apply @NonUnitalSeminormedCommRing.toNonUnitalSeminormedRing to NonUnitalSeminormedRing
                    E
                [Meta.synthInstance.tryResolve] ✅️ NonUnitalSeminormedRing E ≟ NonUnitalSeminormedRing E
              [Meta.synthInstance.apply] ✅️ apply @NonUnitalNormedRing.toNonUnitalSeminormedRing to NonUnitalSeminormedRing
                    E
                [Meta.synthInstance.tryResolve] ✅️ NonUnitalSeminormedRing E ≟ NonUnitalSeminormedRing E
              [Meta.synthInstance.apply] ✅️ apply @SeminormedRing.toNonUnitalSeminormedRing to NonUnitalSeminormedRing E
                [Meta.synthInstance.tryResolve] ✅️ NonUnitalSeminormedRing E ≟ NonUnitalSeminormedRing E
              [Meta.synthInstance.apply] ✅️ apply @AddCommGroupWithOne.toAddCommGroup to AddCommGroup E
                [Meta.synthInstance.tryResolve] ✅️ AddCommGroup E ≟ AddCommGroup E
                [Meta.synthInstance] ✅️ new goal AddCommGroupWithOne E
                  [Meta.synthInstance.instances] #[@CommRing.toAddCommGroupWithOne, @NonAssocRing.toAddCommGroupWithOne]
              [Meta.synthInstance.apply] ✅️ apply @NonAssocRing.toAddCommGroupWithOne to AddCommGroupWithOne E
                [Meta.synthInstance.tryResolve] ✅️ AddCommGroupWithOne E ≟ AddCommGroupWithOne E
              [Meta.synthInstance.apply] ✅️ apply @CommRing.toAddCommGroupWithOne to AddCommGroupWithOne E
                [Meta.synthInstance.tryResolve] ✅️ AddCommGroupWithOne E ≟ AddCommGroupWithOne E
              [Meta.synthInstance.apply] ✅️ apply @NormedAddCommGroup.toAddCommGroup to AddCommGroup E
                [Meta.synthInstance.tryResolve] ✅️ AddCommGroup E ≟ AddCommGroup E
                [Meta.synthInstance] ✅️ new goal NormedAddCommGroup E
                  [Meta.synthInstance.instances] #[@NonUnitalNormedRing.toNormedAddCommGroup, inst✝¹]
              [Meta.synthInstance.apply] ✅️ apply inst✝¹ to NormedAddCommGroup E
                [Meta.synthInstance.tryResolve] ✅️ NormedAddCommGroup E ≟ NormedAddCommGroup E
                [Meta.synthInstance.answer] ✅️ NormedAddCommGroup E
              [Meta.synthInstance.resume] ✅️ propagating NormedAddCommGroup
                    E to subgoal NormedAddCommGroup E of AddCommGroup E
                [Meta.synthInstance.resume] size: 1
                [Meta.synthInstance.answer] ✅️ AddCommGroup E
              [Meta.synthInstance] result inst✝¹.toAddCommGroup
            [Meta.synthInstance] ✅️ AddCommGroup ℝ
              [Meta.synthInstance] ✅️ new goal AddCommGroup ℝ
                [Meta.synthInstance.instances] #[@SeminormedAddCommGroup.toAddCommGroup, @NormedAddCommGroup.toAddCommGroup, @AddCommGroupWithOne.toAddCommGroup, @NonUnitalNonAssocRing.toAddCommGroup, @Ring.toAddCommGroup, Real.instAddCommGroup]
              [Meta.synthInstance.apply] ✅️ apply Real.instAddCommGroup to AddCommGroup ℝ
                [Meta.synthInstance.tryResolve] ✅️ AddCommGroup ℝ ≟ AddCommGroup ℝ
                [Meta.synthInstance.answer] ✅️ AddCommGroup ℝ
              [Meta.synthInstance] result Real.instAddCommGroup
          [Meta.synthInstance] ✅️ new goal IsTopologicalAddGroup ℝ
            [Meta.synthInstance.instances] #[@IsRightUniformAddGroup.toIsTopologicalAddGroup, @IsLeftUniformAddGroup.toIsTopologicalAddGroup, @IsUniformAddGroup.to_topologicalAddGroup, @LinearOrderedAddCommGroup.toIsTopologicalAddGroup, @topologicalAddGroup_of_discreteTopology, @topologicalAddGroup_of_indiscreteTopology, @IsSemitopologicalRing.toIsTopologicalAddGroup, @SeminormedAddCommGroup.toIsTopologicalAddGroup, @AddGroupFilterBasis.isTopologicalAddGroup, instIsTopologicalAddGroupReal]
        [Meta.synthInstance.apply] ✅️ apply instIsTopologicalAddGroupReal to IsTopologicalAddGroup ℝ
          [Meta.synthInstance.tryResolve] ✅️ IsTopologicalAddGroup ℝ ≟ IsTopologicalAddGroup ℝ
          [Meta.synthInstance.answer] ✅️ IsTopologicalAddGroup ℝ
        [Meta.synthInstance.resume] ✅️ propagating IsTopologicalAddGroup
              ℝ to subgoal IsTopologicalAddGroup ℝ of AddCommGroup (StrongDual ℝ E)
          [Meta.synthInstance.resume] size: 1
          [Meta.synthInstance.answer] ✅️ AddCommGroup (StrongDual ℝ E)
        [Meta.synthInstance] result addCommGroup
      [Meta.synthInstance] ✅️ AddCommGroup ℝ
        [Meta.synthInstance] result Real.instAddCommGroup (cached)
    [Meta.synthInstance] ✅️ new goal IsTopologicalAddGroup ℝ
      [Meta.synthInstance.instances] #[@IsRightUniformAddGroup.toIsTopologicalAddGroup, @IsLeftUniformAddGroup.toIsTopologicalAddGroup, @IsUniformAddGroup.to_topologicalAddGroup, @LinearOrderedAddCommGroup.toIsTopologicalAddGroup, @topologicalAddGroup_of_discreteTopology, @topologicalAddGroup_of_indiscreteTopology, @IsSemitopologicalRing.toIsTopologicalAddGroup, @SeminormedAddCommGroup.toIsTopologicalAddGroup, @AddGroupFilterBasis.isTopologicalAddGroup, instIsTopologicalAddGroupReal]
  [Meta.synthInstance.apply] ✅️ apply instIsTopologicalAddGroupReal to IsTopologicalAddGroup ℝ
    [Meta.synthInstance.tryResolve] ✅️ IsTopologicalAddGroup ℝ ≟ IsTopologicalAddGroup ℝ
    [Meta.synthInstance.answer] ✅️ IsTopologicalAddGroup ℝ
  [Meta.synthInstance.resume] ✅️ propagating IsTopologicalAddGroup
        ℝ to subgoal IsTopologicalAddGroup ℝ of TopologicalSpace (StrongDual ℝ E →L[ℝ] ℝ)
    [Meta.synthInstance.resume] size: 1
    [Meta.synthInstance.answer] ✅️ TopologicalSpace (StrongDual ℝ E →L[ℝ] ℝ)
  [Meta.synthInstance] result topologicalSpace
[Meta.synthInstance] ✅️ AddCommMonoid (StrongDual ℝ E →L[ℝ] ℝ)
  [Meta.synthInstance] ✅️ new goal AddCommMonoid (StrongDual ℝ E →L[ℝ] ℝ)
    [Meta.synthInstance.instances] #[@ESeminormedAddCommMonoid.toAddCommMonoid, @AddCancelCommMonoid.toAddCommMonoid, @SubtractionCommMonoid.toAddCommMonoid, @AddCommGroup.toAddCommMonoid, @AddCommMonoidWithOne.toAddCommMonoid, @NonUnitalNonAssocSemiring.toAddCommMonoid, @Semiring.toAddCommMonoid, @LinearOrderedAddCommMonoidWithTop.toAddCommMonoid, @LinearOrderedAddCommGroupWithTop.toAddCommMonoid, @addCommMonoid]
  [Meta.synthInstance.apply] ✅️ apply @addCommMonoid to AddCommMonoid (StrongDual ℝ E →L[ℝ] ℝ)
    [Meta.synthInstance.tryResolve] ✅️ AddCommMonoid (StrongDual ℝ E →L[ℝ] ℝ) ≟ AddCommMonoid (StrongDual ℝ E →L[ℝ] ℝ)
    [Meta.synthInstance] ✅️ new goal ContinuousAdd ℝ
      [Meta.synthInstance.instances] #[@continuousAdd_of_discreteTopology, @continuousAdd_of_indiscreteTopology, @LipschitzAdd.continuousAdd, @IsTopologicalAddGroup.toContinuousAdd, @IsTopologicalSemiring.toContinuousAdd, @IsSemitopologicalSemiring.toContinuousAdd]
  [Meta.synthInstance.apply] ✅️ apply @IsSemitopologicalSemiring.toContinuousAdd to ContinuousAdd ℝ
    [Meta.synthInstance.tryResolve] ✅️ ContinuousAdd ℝ ≟ ContinuousAdd ℝ
      [Meta.synthInstance] ✅️ NonUnitalNonAssocSemiring ℝ
        [Meta.synthInstance] result CommRing.toNonUnitalCommRing.toNonUnitalNonAssocCommRing.toNonUnitalNonAssocSemiring (cached)
    [Meta.synthInstance] ✅️ new goal IsSemitopologicalSemiring ℝ
      [Meta.synthInstance.instances] #[IsTopologicalSemiring.toIsSemitopologicalSemiring, @IsSemitopologicalRing.toIsSemitopologicalSemiring]
  [Meta.synthInstance.apply] ✅️ apply @IsSemitopologicalRing.toIsSemitopologicalSemiring to IsSemitopologicalSemiring ℝ
    [Meta.synthInstance.tryResolve] ✅️ IsSemitopologicalSemiring ℝ ≟ IsSemitopologicalSemiring ℝ
      [Meta.synthInstance] ✅️ NonUnitalNonAssocRing ℝ
        [Meta.synthInstance] result CommRing.toNonUnitalCommRing.toNonUnitalNonAssocCommRing.toNonUnitalNonAssocRing (cached)
    [Meta.synthInstance] ✅️ new goal IsSemitopologicalRing ℝ
      [Meta.synthInstance.instances] #[IsTopologicalRing.toIsSemitopologicalRing]
  [Meta.synthInstance.apply] ✅️ apply IsTopologicalRing.toIsSemitopologicalRing to IsSemitopologicalRing ℝ
    [Meta.synthInstance.tryResolve] ✅️ IsSemitopologicalRing ℝ ≟ IsSemitopologicalRing ℝ
    [Meta.synthInstance] ✅️ new goal IsTopologicalRing ℝ
      [Meta.synthInstance.instances] #[@DiscreteTopology.topologicalRing, @IsStrictOrderedRing.topologicalRing, @NonUnitalSeminormedRing.toIsTopologicalRing, @RingFilterBasis.isTopologicalRing, @IsTopologicalDivisionRing.toIsTopologicalRing, instIsTopologicalRingReal]
  [Meta.synthInstance.apply] ✅️ apply instIsTopologicalRingReal to IsTopologicalRing ℝ
    [Meta.synthInstance.tryResolve] ✅️ IsTopologicalRing ℝ ≟ IsTopologicalRing ℝ
    [Meta.synthInstance.answer] ✅️ IsTopologicalRing ℝ
  [Meta.synthInstance.resume] ✅️ propagating IsTopologicalRing
        ℝ to subgoal IsTopologicalRing ℝ of IsSemitopologicalRing ℝ
    [Meta.synthInstance.resume] size: 1
    [Meta.synthInstance.answer] ✅️ IsSemitopologicalRing ℝ
  [Meta.synthInstance.resume] ✅️ propagating IsSemitopologicalRing
        ℝ to subgoal IsSemitopologicalRing ℝ of IsSemitopologicalSemiring ℝ
    [Meta.synthInstance.resume] size: 2
    [Meta.synthInstance.answer] ✅️ IsSemitopologicalSemiring ℝ
  [Meta.synthInstance.resume] ✅️ propagating IsSemitopologicalSemiring
        ℝ to subgoal IsSemitopologicalSemiring ℝ of ContinuousAdd ℝ
    [Meta.synthInstance.resume] size: 3
    [Meta.synthInstance.answer] ✅️ ContinuousAdd ℝ
  [Meta.synthInstance.resume] ✅️ propagating ContinuousAdd
        ℝ to subgoal ContinuousAdd ℝ of AddCommMonoid (StrongDual ℝ E →L[ℝ] ℝ)
    [Meta.synthInstance.resume] size: 4
    [Meta.synthInstance.answer] ✅️ AddCommMonoid (StrongDual ℝ E →L[ℝ] ℝ)
  [Meta.synthInstance] result addCommMonoid
[Meta.synthInstance] ✅️ Module ℝ (StrongDual ℝ E)
  [Meta.synthInstance] result module (cached)
[Meta.synthInstance] ✅️ Module ℝ (StrongDual ℝ E →L[ℝ] ℝ)
  [Meta.synthInstance] ✅️ new goal Module ℝ (StrongDual ℝ E →L[ℝ] ℝ)
    [Meta.synthInstance.instances] #[@Algebra.toModule, Module.complexToReal, @NormedSpace.toModule, @module, @Semiring.toModule]
  [Meta.synthInstance.apply] ❌️ apply @Semiring.toModule to Module ℝ (StrongDual ℝ E →L[ℝ] ℝ)
    [Meta.synthInstance.tryResolve] ❌️ Module ℝ (StrongDual ℝ E →L[ℝ] ℝ) ≟ Module ?m.36 ?m.36
  [Meta.synthInstance.apply] ✅️ apply @module to Module ℝ (StrongDual ℝ E →L[ℝ] ℝ)
    [Meta.synthInstance.tryResolve] ✅️ Module ℝ (StrongDual ℝ E →L[ℝ] ℝ) ≟ Module ℝ (StrongDual ℝ E →L[ℝ] ℝ)
    [Meta.synthInstance] ✅️ new goal Module ℝ ℝ
      [Meta.synthInstance.instances] #[@Algebra.toModule, Module.complexToReal, @NormedSpace.toModule, @Semiring.toModule]
  [Meta.synthInstance.apply] ✅️ apply @Semiring.toModule to Module ℝ ℝ
    [Meta.synthInstance.tryResolve] ✅️ Module ℝ ℝ ≟ Module ℝ ℝ
    [Meta.synthInstance.answer] ✅️ Module ℝ ℝ
  [Meta.synthInstance.resume] ✅️ propagating Module ℝ ℝ to subgoal Module ℝ ℝ of Module ℝ (StrongDual ℝ E →L[ℝ] ℝ)
    [Meta.synthInstance.resume] size: 1
    [Meta.synthInstance] ✅️ new goal SMulCommClass ℝ ℝ ℝ
      [Meta.synthInstance.instances] #[@instSMulCommClass, @IsScalarTower.to_smulCommClass', @IsScalarTower.to_smulCommClass, @SMulCommClass.complexToReal, smulCommClass_self, @instSMulCommClassOfIsScalarTower, @Algebra.to_smulCommClass]
  [Meta.synthInstance.apply] ✅️ apply @Algebra.to_smulCommClass to SMulCommClass ℝ ℝ ℝ
    [Meta.synthInstance.tryResolve] ✅️ SMulCommClass ℝ ℝ ℝ ≟ SMulCommClass ℝ ℝ ℝ
      [Meta.synthInstance] ✅️ Algebra ℝ ℝ
        [Meta.synthInstance] ✅️ new goal Algebra ℝ ℝ
          [Meta.synthInstance.instances] #[@Algebra.complexToReal, @NormedAlgebra.toAlgebra, Algebra.id]
        [Meta.synthInstance.apply] ✅️ apply Algebra.id to Algebra ℝ ℝ
          [Meta.synthInstance.tryResolve] ✅️ Algebra ℝ ℝ ≟ Algebra ℝ ℝ
            [Meta.synthInstance] ✅️ Semiring ℝ
              [Meta.synthInstance] result Real.semiring (cached)
            [Meta.synthInstance] ✅️ CommSemiring ℝ
              [Meta.synthInstance] result Real.instCommSemiring (cached)
          [Meta.synthInstance.answer] ✅️ Algebra ℝ ℝ
        [Meta.synthInstance] result Algebra.id ℝ
    [Meta.synthInstance.answer] ✅️ SMulCommClass ℝ ℝ ℝ
  [Meta.synthInstance.resume] ✅️ propagating SMulCommClass ℝ ℝ
        ℝ to subgoal SMulCommClass ℝ ℝ ℝ of Module ℝ (StrongDual ℝ E →L[ℝ] ℝ)
    [Meta.synthInstance.resume] size: 2
    [Meta.synthInstance] ✅️ new goal ContinuousConstSMul ℝ ℝ
      [Meta.synthInstance.instances] #[@ContinuousSMul.continuousConstSMul, @IsScalarTower.continuousConstSMul, @SMulCommClass.continuousConstSMul, UniformContinuousConstSMul.instContinuousConstSMul, IsIsometricSMul.to_continuousConstSMul, @SeparatelyContinuousMul.to_continuousSMul]
  [Meta.synthInstance.apply] ✅️ apply @SeparatelyContinuousMul.to_continuousSMul to ContinuousConstSMul ℝ ℝ
    [Meta.synthInstance.tryResolve] ✅️ ContinuousConstSMul ℝ ℝ ≟ ContinuousConstSMul ℝ ℝ
      [Meta.synthInstance] ✅️ Mul ℝ
        [Meta.synthInstance] result Real.instMul (cached)
    [Meta.synthInstance] ✅️ new goal SeparatelyContinuousMul ℝ
      [Meta.synthInstance.instances] #[@instSeparatelyContinuousMulOfContinuousMul, @IsSemitopologicalSemiring.toSeparatelyContinuousMul]
  [Meta.synthInstance.apply] ✅️ apply @IsSemitopologicalSemiring.toSeparatelyContinuousMul to SeparatelyContinuousMul ℝ
    [Meta.synthInstance.tryResolve] ✅️ SeparatelyContinuousMul ℝ ≟ SeparatelyContinuousMul ℝ
      [Meta.synthInstance] ✅️ NonUnitalNonAssocSemiring ℝ
        [Meta.synthInstance] result CommRing.toNonUnitalCommRing.toNonUnitalNonAssocCommRing.toNonUnitalNonAssocSemiring (cached)
    [Meta.synthInstance] ✅️ new goal IsSemitopologicalSemiring ℝ
      [Meta.synthInstance.instances] #[IsTopologicalSemiring.toIsSemitopologicalSemiring, @IsSemitopologicalRing.toIsSemitopologicalSemiring]
  [Meta.synthInstance.apply] ✅️ apply @IsSemitopologicalRing.toIsSemitopologicalSemiring to IsSemitopologicalSemiring ℝ
    [Meta.synthInstance.tryResolve] ✅️ IsSemitopologicalSemiring ℝ ≟ IsSemitopologicalSemiring ℝ
      [Meta.synthInstance] ✅️ NonUnitalNonAssocRing ℝ
        [Meta.synthInstance] result CommRing.toNonUnitalCommRing.toNonUnitalNonAssocCommRing.toNonUnitalNonAssocRing (cached)
    [Meta.synthInstance] ✅️ new goal IsSemitopologicalRing ℝ
      [Meta.synthInstance.instances] #[IsTopologicalRing.toIsSemitopologicalRing]
  [Meta.synthInstance.apply] ✅️ apply IsTopologicalRing.toIsSemitopologicalRing to IsSemitopologicalRing ℝ
    [Meta.synthInstance.tryResolve] ✅️ IsSemitopologicalRing ℝ ≟ IsSemitopologicalRing ℝ
    [Meta.synthInstance] ✅️ new goal IsTopologicalRing ℝ
      [Meta.synthInstance.instances] #[@DiscreteTopology.topologicalRing, @IsStrictOrderedRing.topologicalRing, @NonUnitalSeminormedRing.toIsTopologicalRing, @RingFilterBasis.isTopologicalRing, @IsTopologicalDivisionRing.toIsTopologicalRing, instIsTopologicalRingReal]
  [Meta.synthInstance.apply] ✅️ apply instIsTopologicalRingReal to IsTopologicalRing ℝ
    [Meta.synthInstance.tryResolve] ✅️ IsTopologicalRing ℝ ≟ IsTopologicalRing ℝ
    [Meta.synthInstance.answer] ✅️ IsTopologicalRing ℝ
  [Meta.synthInstance.resume] ✅️ propagating IsTopologicalRing
        ℝ to subgoal IsTopologicalRing ℝ of IsSemitopologicalRing ℝ
    [Meta.synthInstance.resume] size: 1
    [Meta.synthInstance.answer] ✅️ IsSemitopologicalRing ℝ
  [Meta.synthInstance.resume] ✅️ propagating IsSemitopologicalRing
        ℝ to subgoal IsSemitopologicalRing ℝ of IsSemitopologicalSemiring ℝ
    [Meta.synthInstance.resume] size: 2
    [Meta.synthInstance.answer] ✅️ IsSemitopologicalSemiring ℝ
  [Meta.synthInstance.resume] ✅️ propagating IsSemitopologicalSemiring
        ℝ to subgoal IsSemitopologicalSemiring ℝ of SeparatelyContinuousMul ℝ
    [Meta.synthInstance.resume] size: 3
    [Meta.synthInstance.answer] ✅️ SeparatelyContinuousMul ℝ
  [Meta.synthInstance.resume] ✅️ propagating SeparatelyContinuousMul
        ℝ to subgoal SeparatelyContinuousMul ℝ of ContinuousConstSMul ℝ ℝ
    [Meta.synthInstance.resume] size: 4
    [Meta.synthInstance.answer] ✅️ ContinuousConstSMul ℝ ℝ
  [Meta.synthInstance.resume] ✅️ propagating ContinuousConstSMul ℝ
        ℝ to subgoal ContinuousConstSMul ℝ ℝ of Module ℝ (StrongDual ℝ E →L[ℝ] ℝ)
    [Meta.synthInstance.resume] size: 7
    [Meta.synthInstance.answer] ✅️ Module ℝ (StrongDual ℝ E →L[ℝ] ℝ)
  [Meta.synthInstance] result module
[Meta.synthInstance] ✅️ Semiring ℝ
  [Meta.synthInstance] ✅️ new goal Semiring ℝ
    [Meta.synthInstance.instances] #[@Ring.toSemiring, @CommSemiring.toSemiring, @DivisionSemiring.toSemiring, @IdemSemiring.toSemiring, Real.semiring]
  [Meta.synthInstance.apply] ✅️ apply Real.semiring to Semiring ℝ
    [Meta.synthInstance.tryResolve] ✅️ Semiring ℝ ≟ Semiring ℝ
    [Meta.synthInstance.answer] ✅️ Semiring ℝ
  [Meta.synthInstance] result Real.semiring
[Meta.synthInstance] ✅️ TopologicalSpace ℝ
  [Meta.synthInstance] ✅️ new goal TopologicalSpace ℝ
    [Meta.synthInstance.instances] #[@UniformSpace.toTopologicalSpace, @UpgradedStandardBorel.toTopologicalSpace]
  [Meta.synthInstance.apply] ✅️ apply @UpgradedStandardBorel.toTopologicalSpace to TopologicalSpace ℝ
    [Meta.synthInstance.tryResolve] ✅️ TopologicalSpace ℝ ≟ TopologicalSpace ℝ
    [Meta.synthInstance] ✅️ no instances for UpgradedStandardBorel ℝ
      [Meta.synthInstance.instances] #[]
  [Meta.synthInstance.apply] ✅️ apply @UniformSpace.toTopologicalSpace to TopologicalSpace ℝ
    [Meta.synthInstance.tryResolve] ✅️ TopologicalSpace ℝ ≟ TopologicalSpace ℝ
    [Meta.synthInstance] ✅️ new goal UniformSpace ℝ
      [Meta.synthInstance.instances] #[@PseudoEMetricSpace.toUniformSpace, @PseudoMetricSpace.toUniformSpace]
  [Meta.synthInstance.apply] ✅️ apply @PseudoMetricSpace.toUniformSpace to UniformSpace ℝ
    [Meta.synthInstance.tryResolve] ✅️ UniformSpace ℝ ≟ UniformSpace ℝ
    [Meta.synthInstance] ✅️ new goal PseudoMetricSpace ℝ
      [Meta.synthInstance.instances] #[@MetricSpace.toPseudoMetricSpace, @SeminormedAddGroup.toPseudoMetricSpace, @SeminormedGroup.toPseudoMetricSpace, @SeminormedAddCommGroup.toPseudoMetricSpace, @SeminormedCommGroup.toPseudoMetricSpace, @NonUnitalSeminormedRing.toPseudoMetricSpace, @SeminormedRing.toPseudoMetricSpace, @TopologicalSpace.UpgradedIsCompletelyPseudoMetrizableSpace.toPseudoMetricSpace, Real.pseudoMetricSpace]
  [Meta.synthInstance.apply] ✅️ apply Real.pseudoMetricSpace to PseudoMetricSpace ℝ
    [Meta.synthInstance.tryResolve] ✅️ PseudoMetricSpace ℝ ≟ PseudoMetricSpace ℝ
    [Meta.synthInstance.answer] ✅️ PseudoMetricSpace ℝ
  [Meta.synthInstance.resume] ✅️ propagating PseudoMetricSpace ℝ to subgoal PseudoMetricSpace ℝ of UniformSpace ℝ
    [Meta.synthInstance.resume] size: 1
    [Meta.synthInstance.answer] ✅️ UniformSpace ℝ
  [Meta.synthInstance.resume] ✅️ propagating UniformSpace ℝ to subgoal UniformSpace ℝ of TopologicalSpace ℝ
    [Meta.synthInstance.resume] size: 2
    [Meta.synthInstance.answer] ✅️ TopologicalSpace ℝ
  [Meta.synthInstance] result PseudoMetricSpace.toUniformSpace.toTopologicalSpace
[Meta.synthInstance] ✅️ TopologicalSpace E
  [Meta.synthInstance] ✅️ new goal TopologicalSpace E
    [Meta.synthInstance.instances] #[@UniformSpace.toTopologicalSpace, @UpgradedStandardBorel.toTopologicalSpace]
  [Meta.synthInstance.apply] ✅️ apply @UpgradedStandardBorel.toTopologicalSpace to TopologicalSpace E
    [Meta.synthInstance.tryResolve] ✅️ TopologicalSpace E ≟ TopologicalSpace E
    [Meta.synthInstance] ✅️ no instances for UpgradedStandardBorel E
      [Meta.synthInstance.instances] #[]
  [Meta.synthInstance.apply] ✅️ apply @UniformSpace.toTopologicalSpace to TopologicalSpace E
    [Meta.synthInstance.tryResolve] ✅️ TopologicalSpace E ≟ TopologicalSpace E
    [Meta.synthInstance] ✅️ new goal UniformSpace E
      [Meta.synthInstance.instances] #[@PseudoEMetricSpace.toUniformSpace, @PseudoMetricSpace.toUniformSpace]
  [Meta.synthInstance.apply] ✅️ apply @PseudoMetricSpace.toUniformSpace to UniformSpace E
    [Meta.synthInstance.tryResolve] ✅️ UniformSpace E ≟ UniformSpace E
    [Meta.synthInstance] ✅️ new goal PseudoMetricSpace E
      [Meta.synthInstance.instances] #[@MetricSpace.toPseudoMetricSpace, @SeminormedAddGroup.toPseudoMetricSpace, @SeminormedGroup.toPseudoMetricSpace, @SeminormedAddCommGroup.toPseudoMetricSpace, @SeminormedCommGroup.toPseudoMetricSpace, @NonUnitalSeminormedRing.toPseudoMetricSpace, @SeminormedRing.toPseudoMetricSpace, @TopologicalSpace.UpgradedIsCompletelyPseudoMetrizableSpace.toPseudoMetricSpace]
  [Meta.synthInstance.apply] ✅️ apply @TopologicalSpace.UpgradedIsCompletelyPseudoMetrizableSpace.toPseudoMetricSpace to PseudoMetricSpace
        E
    [Meta.synthInstance.tryResolve] ✅️ PseudoMetricSpace E ≟ PseudoMetricSpace E
    [Meta.synthInstance] ✅️ no instances for TopologicalSpace.UpgradedIsCompletelyPseudoMetrizableSpace E
      [Meta.synthInstance.instances] #[]
  [Meta.synthInstance.apply] ✅️ apply @SeminormedRing.toPseudoMetricSpace to PseudoMetricSpace E
    [Meta.synthInstance.tryResolve] ✅️ PseudoMetricSpace E ≟ PseudoMetricSpace E
    [Meta.synthInstance] ✅️ new goal SeminormedRing E
      [Meta.synthInstance.instances] #[@NormedRing.toSeminormedRing, @SeminormedCommRing.toSeminormedRing]
  [Meta.synthInstance.apply] ✅️ apply @SeminormedCommRing.toSeminormedRing to SeminormedRing E
    [Meta.synthInstance.tryResolve] ✅️ SeminormedRing E ≟ SeminormedRing E
    [Meta.synthInstance] ✅️ new goal SeminormedCommRing E
      [Meta.synthInstance.instances] #[@NormedCommRing.toSeminormedCommRing]
  [Meta.synthInstance.apply] ✅️ apply @NormedCommRing.toSeminormedCommRing to SeminormedCommRing E
    [Meta.synthInstance.tryResolve] ✅️ SeminormedCommRing E ≟ SeminormedCommRing E
    [Meta.synthInstance] ✅️ new goal NormedCommRing E
      [Meta.synthInstance.instances] #[@NormedField.toNormedCommRing, @CommCStarAlgebra.toNormedCommRing]
  [Meta.synthInstance.apply] ✅️ apply @CommCStarAlgebra.toNormedCommRing to NormedCommRing E
    [Meta.synthInstance.tryResolve] ✅️ NormedCommRing E ≟ NormedCommRing E
    [Meta.synthInstance] ✅️ no instances for CommCStarAlgebra E
      [Meta.synthInstance.instances] #[]
  [Meta.synthInstance.apply] ✅️ apply @NormedField.toNormedCommRing to NormedCommRing E
    [Meta.synthInstance.tryResolve] ✅️ NormedCommRing E ≟ NormedCommRing E
    [Meta.synthInstance] ✅️ new goal NormedField E
      [Meta.synthInstance.instances] #[@NontriviallyNormedField.toNormedField, @DenselyNormedField.toNormedField]
  [Meta.synthInstance.apply] ✅️ apply @DenselyNormedField.toNormedField to NormedField E
    [Meta.synthInstance.tryResolve] ✅️ NormedField E ≟ NormedField E
    [Meta.synthInstance] ✅️ new goal DenselyNormedField E
      [Meta.synthInstance.instances] #[@RCLike.toDenselyNormedField]
  [Meta.synthInstance.apply] ✅️ apply @RCLike.toDenselyNormedField to DenselyNormedField E
    [Meta.synthInstance.tryResolve] ✅️ DenselyNormedField E ≟ DenselyNormedField E
    [Meta.synthInstance] ✅️ no instances for RCLike E
      [Meta.synthInstance.instances] #[]
  [Meta.synthInstance.apply] ✅️ apply @NontriviallyNormedField.toNormedField to NormedField E
    [Meta.synthInstance.tryResolve] ✅️ NormedField E ≟ NormedField E
    [Meta.synthInstance] ✅️ new goal NontriviallyNormedField E
      [Meta.synthInstance.instances] #[@DenselyNormedField.toNontriviallyNormedField]
  [Meta.synthInstance.apply] ✅️ apply @DenselyNormedField.toNontriviallyNormedField to NontriviallyNormedField E
    [Meta.synthInstance.tryResolve] ✅️ NontriviallyNormedField E ≟ NontriviallyNormedField E
  [Meta.synthInstance.apply] ✅️ apply @NormedRing.toSeminormedRing to SeminormedRing E
    [Meta.synthInstance.tryResolve] ✅️ SeminormedRing E ≟ SeminormedRing E
    [Meta.synthInstance] ✅️ new goal NormedRing E
      [Meta.synthInstance.instances] #[@NormedDivisionRing.toNormedRing, @NormedCommRing.toNormedRing, @CStarAlgebra.toNormedRing]
  [Meta.synthInstance.apply] ✅️ apply @CStarAlgebra.toNormedRing to NormedRing E
    [Meta.synthInstance.tryResolve] ✅️ NormedRing E ≟ NormedRing E
    [Meta.synthInstance] ✅️ new goal CStarAlgebra E
      [Meta.synthInstance.instances] #[@CommCStarAlgebra.toCStarAlgebra]
  [Meta.synthInstance.apply] ✅️ apply @CommCStarAlgebra.toCStarAlgebra to CStarAlgebra E
    [Meta.synthInstance.tryResolve] ✅️ CStarAlgebra E ≟ CStarAlgebra E
    [Meta.synthInstance] ✅️ no instances for CommCStarAlgebra E
      [Meta.synthInstance.instances] #[]
  [Meta.synthInstance.apply] ✅️ apply @NormedCommRing.toNormedRing to NormedRing E
    [Meta.synthInstance.tryResolve] ✅️ NormedRing E ≟ NormedRing E
  [Meta.synthInstance.apply] ✅️ apply @NormedDivisionRing.toNormedRing to NormedRing E
    [Meta.synthInstance.tryResolve] ✅️ NormedRing E ≟ NormedRing E
    [Meta.synthInstance] ✅️ new goal NormedDivisionRing E
      [Meta.synthInstance.instances] #[@NormedField.toNormedDivisionRing]
  [Meta.synthInstance.apply] ✅️ apply @NormedField.toNormedDivisionRing to NormedDivisionRing E
    [Meta.synthInstance.tryResolve] ✅️ NormedDivisionRing E ≟ NormedDivisionRing E
  [Meta.synthInstance.apply] ✅️ apply @NonUnitalSeminormedRing.toPseudoMetricSpace to PseudoMetricSpace E
    [Meta.synthInstance.tryResolve] ✅️ PseudoMetricSpace E ≟ PseudoMetricSpace E
    [Meta.synthInstance] ✅️ new goal NonUnitalSeminormedRing E
      [Meta.synthInstance.instances] #[@SeminormedRing.toNonUnitalSeminormedRing, @NonUnitalNormedRing.toNonUnitalSeminormedRing, @NonUnitalSeminormedCommRing.toNonUnitalSeminormedRing]
  [Meta.synthInstance.apply] ✅️ apply @NonUnitalSeminormedCommRing.toNonUnitalSeminormedRing to NonUnitalSeminormedRing
        E
    [Meta.synthInstance.tryResolve] ✅️ NonUnitalSeminormedRing E ≟ NonUnitalSeminormedRing E
    [Meta.synthInstance] ✅️ new goal NonUnitalSeminormedCommRing E
      [Meta.synthInstance.instances] #[@NonUnitalNormedCommRing.toNonUnitalSeminormedCommRing, @SeminormedCommRing.toNonUnitalSeminormedCommRing]
  [Meta.synthInstance.apply] ✅️ apply @SeminormedCommRing.toNonUnitalSeminormedCommRing to NonUnitalSeminormedCommRing E
    [Meta.synthInstance.tryResolve] ✅️ NonUnitalSeminormedCommRing E ≟ NonUnitalSeminormedCommRing E
  [Meta.synthInstance.apply] ✅️ apply @NonUnitalNormedCommRing.toNonUnitalSeminormedCommRing to NonUnitalSeminormedCommRing
        E
    [Meta.synthInstance.tryResolve] ✅️ NonUnitalSeminormedCommRing E ≟ NonUnitalSeminormedCommRing E
    [Meta.synthInstance] ✅️ new goal NonUnitalNormedCommRing E
      [Meta.synthInstance.instances] #[@NormedCommRing.toNonUnitalNormedCommRing, @NonUnitalCommCStarAlgebra.toNonUnitalNormedCommRing]
  [Meta.synthInstance.apply] ✅️ apply @NonUnitalCommCStarAlgebra.toNonUnitalNormedCommRing to NonUnitalNormedCommRing E
    [Meta.synthInstance.tryResolve] ✅️ NonUnitalNormedCommRing E ≟ NonUnitalNormedCommRing E
    [Meta.synthInstance] ✅️ new goal NonUnitalCommCStarAlgebra E
      [Meta.synthInstance.instances] #[CommCStarAlgebra.toNonUnitalCommCStarAlgebra]
  [Meta.synthInstance.apply] ✅️ apply CommCStarAlgebra.toNonUnitalCommCStarAlgebra to NonUnitalCommCStarAlgebra E
    [Meta.synthInstance.tryResolve] ✅️ NonUnitalCommCStarAlgebra E ≟ NonUnitalCommCStarAlgebra E
    [Meta.synthInstance] ✅️ no instances for CommCStarAlgebra E
      [Meta.synthInstance.instances] #[]
  [Meta.synthInstance.apply] ✅️ apply @NormedCommRing.toNonUnitalNormedCommRing to NonUnitalNormedCommRing E
    [Meta.synthInstance.tryResolve] ✅️ NonUnitalNormedCommRing E ≟ NonUnitalNormedCommRing E
  [Meta.synthInstance.apply] ✅️ apply @NonUnitalNormedRing.toNonUnitalSeminormedRing to NonUnitalSeminormedRing E
    [Meta.synthInstance.tryResolve] ✅️ NonUnitalSeminormedRing E ≟ NonUnitalSeminormedRing E
    [Meta.synthInstance] ✅️ new goal NonUnitalNormedRing E
      [Meta.synthInstance.instances] #[@NormedRing.toNonUnitalNormedRing, @NonUnitalNormedCommRing.toNonUnitalNormedRing, @NonUnitalCStarAlgebra.toNonUnitalNormedRing]
  [Meta.synthInstance.apply] ✅️ apply @NonUnitalCStarAlgebra.toNonUnitalNormedRing to NonUnitalNormedRing E
    [Meta.synthInstance.tryResolve] ✅️ NonUnitalNormedRing E ≟ NonUnitalNormedRing E
    [Meta.synthInstance] ✅️ new goal NonUnitalCStarAlgebra E
      [Meta.synthInstance.instances] #[CStarAlgebra.toNonUnitalCStarAlgebra, @NonUnitalCommCStarAlgebra.toNonUnitalCStarAlgebra]
  [Meta.synthInstance.apply] ✅️ apply @NonUnitalCommCStarAlgebra.toNonUnitalCStarAlgebra to NonUnitalCStarAlgebra E
    [Meta.synthInstance.tryResolve] ✅️ NonUnitalCStarAlgebra E ≟ NonUnitalCStarAlgebra E
  [Meta.synthInstance.apply] ✅️ apply CStarAlgebra.toNonUnitalCStarAlgebra to NonUnitalCStarAlgebra E
    [Meta.synthInstance.tryResolve] ✅️ NonUnitalCStarAlgebra E ≟ NonUnitalCStarAlgebra E
  [Meta.synthInstance.apply] ✅️ apply @NonUnitalNormedCommRing.toNonUnitalNormedRing to NonUnitalNormedRing E
    [Meta.synthInstance.tryResolve] ✅️ NonUnitalNormedRing E ≟ NonUnitalNormedRing E
  [Meta.synthInstance.apply] ✅️ apply @NormedRing.toNonUnitalNormedRing to NonUnitalNormedRing E
    [Meta.synthInstance.tryResolve] ✅️ NonUnitalNormedRing E ≟ NonUnitalNormedRing E
  [Meta.synthInstance.apply] ✅️ apply @SeminormedRing.toNonUnitalSeminormedRing to NonUnitalSeminormedRing E
    [Meta.synthInstance.tryResolve] ✅️ NonUnitalSeminormedRing E ≟ NonUnitalSeminormedRing E
  [Meta.synthInstance.apply] ✅️ apply @SeminormedCommGroup.toPseudoMetricSpace to PseudoMetricSpace E
    [Meta.synthInstance.tryResolve] ✅️ PseudoMetricSpace E ≟ PseudoMetricSpace E
    [Meta.synthInstance] ✅️ new goal SeminormedCommGroup E
      [Meta.synthInstance.instances] #[@NormedCommGroup.toSeminormedCommGroup]
  [Meta.synthInstance.apply] ✅️ apply @NormedCommGroup.toSeminormedCommGroup to SeminormedCommGroup E
    [Meta.synthInstance.tryResolve] ✅️ SeminormedCommGroup E ≟ SeminormedCommGroup E
    [Meta.synthInstance] ✅️ no instances for NormedCommGroup E
      [Meta.synthInstance.instances] #[]
  [Meta.synthInstance.apply] ✅️ apply @SeminormedAddCommGroup.toPseudoMetricSpace to PseudoMetricSpace E
    [Meta.synthInstance.tryResolve] ✅️ PseudoMetricSpace E ≟ PseudoMetricSpace E
    [Meta.synthInstance] ✅️ new goal SeminormedAddCommGroup E
      [Meta.synthInstance.instances] #[@NormedAddCommGroup.toSeminormedAddCommGroup, @NonUnitalSeminormedRing.toSeminormedAddCommGroup]
  [Meta.synthInstance.apply] ✅️ apply @NonUnitalSeminormedRing.toSeminormedAddCommGroup to SeminormedAddCommGroup E
    [Meta.synthInstance.tryResolve] ✅️ SeminormedAddCommGroup E ≟ SeminormedAddCommGroup E
  [Meta.synthInstance.apply] ✅️ apply @NormedAddCommGroup.toSeminormedAddCommGroup to SeminormedAddCommGroup E
    [Meta.synthInstance.tryResolve] ✅️ SeminormedAddCommGroup E ≟ SeminormedAddCommGroup E
    [Meta.synthInstance] ✅️ new goal NormedAddCommGroup E
      [Meta.synthInstance.instances] #[@NonUnitalNormedRing.toNormedAddCommGroup, inst✝¹]
  [Meta.synthInstance.apply] ✅️ apply inst✝¹ to NormedAddCommGroup E
    [Meta.synthInstance.tryResolve] ✅️ NormedAddCommGroup E ≟ NormedAddCommGroup E
    [Meta.synthInstance.answer] ✅️ NormedAddCommGroup E
  [Meta.synthInstance.resume] ✅️ propagating NormedAddCommGroup
        E to subgoal NormedAddCommGroup E of SeminormedAddCommGroup E
    [Meta.synthInstance.resume] size: 1
    [Meta.synthInstance.answer] ✅️ SeminormedAddCommGroup E
  [Meta.synthInstance.resume] ✅️ propagating SeminormedAddCommGroup
        E to subgoal SeminormedAddCommGroup E of PseudoMetricSpace E
    [Meta.synthInstance.resume] size: 2
    [Meta.synthInstance.answer] ✅️ PseudoMetricSpace E
  [Meta.synthInstance.resume] ✅️ propagating PseudoMetricSpace E to subgoal PseudoMetricSpace E of UniformSpace E
    [Meta.synthInstance.resume] size: 3
    [Meta.synthInstance.answer] ✅️ UniformSpace E
  [Meta.synthInstance.resume] ✅️ propagating UniformSpace E to subgoal UniformSpace E of TopologicalSpace E
    [Meta.synthInstance.resume] size: 4
    [Meta.synthInstance.answer] ✅️ TopologicalSpace E
  [Meta.synthInstance] result PseudoMetricSpace.toUniformSpace.toTopologicalSpace
[Meta.synthInstance] ✅️ AddCommMonoid E
  [Meta.synthInstance] ✅️ new goal AddCommMonoid E
    [Meta.synthInstance.instances] #[@ESeminormedAddCommMonoid.toAddCommMonoid, @AddCancelCommMonoid.toAddCommMonoid, @SubtractionCommMonoid.toAddCommMonoid, @AddCommGroup.toAddCommMonoid, @AddCommMonoidWithOne.toAddCommMonoid, @NonUnitalNonAssocSemiring.toAddCommMonoid, @Semiring.toAddCommMonoid, @LinearOrderedAddCommMonoidWithTop.toAddCommMonoid, @LinearOrderedAddCommGroupWithTop.toAddCommMonoid]
  [Meta.synthInstance.apply] ✅️ apply @LinearOrderedAddCommGroupWithTop.toAddCommMonoid to AddCommMonoid E
    [Meta.synthInstance.tryResolve] ✅️ AddCommMonoid E ≟ AddCommMonoid E
    [Meta.synthInstance] ✅️ no instances for LinearOrderedAddCommGroupWithTop E
      [Meta.synthInstance.instances] #[]
  [Meta.synthInstance.apply] ✅️ apply @LinearOrderedAddCommMonoidWithTop.toAddCommMonoid to AddCommMonoid E
    [Meta.synthInstance.tryResolve] ✅️ AddCommMonoid E ≟ AddCommMonoid E
    [Meta.synthInstance] ✅️ new goal LinearOrderedAddCommMonoidWithTop E
      [Meta.synthInstance.instances] #[@LinearOrderedAddCommGroupWithTop.instLinearOrderedAddCommMonoidWithTop]
  [Meta.synthInstance.apply] ✅️ apply @LinearOrderedAddCommGroupWithTop.instLinearOrderedAddCommMonoidWithTop to LinearOrderedAddCommMonoidWithTop
        E
    [Meta.synthInstance.tryResolve] ✅️ LinearOrderedAddCommMonoidWithTop E ≟ LinearOrderedAddCommMonoidWithTop E
    [Meta.synthInstance] ✅️ no instances for LinearOrderedAddCommGroupWithTop E
      [Meta.synthInstance.instances] #[]
  [Meta.synthInstance.apply] ✅️ apply @Semiring.toAddCommMonoid to AddCommMonoid E
    [Meta.synthInstance.tryResolve] ✅️ AddCommMonoid E ≟ AddCommMonoid E
    [Meta.synthInstance] ✅️ new goal Semiring E
      [Meta.synthInstance.instances] #[@Ring.toSemiring, @CommSemiring.toSemiring, @DivisionSemiring.toSemiring, @IdemSemiring.toSemiring]
  [Meta.synthInstance.apply] ✅️ apply @IdemSemiring.toSemiring to Semiring E
    [Meta.synthInstance.tryResolve] ✅️ Semiring E ≟ Semiring E
    [Meta.synthInstance] ✅️ new goal IdemSemiring E
      [Meta.synthInstance.instances] #[@IdemCommSemiring.toIdemSemiring, @KleeneAlgebra.toIdemSemiring]
  [Meta.synthInstance.apply] ✅️ apply @KleeneAlgebra.toIdemSemiring to IdemSemiring E
    [Meta.synthInstance.tryResolve] ✅️ IdemSemiring E ≟ IdemSemiring E
    [Meta.synthInstance] ✅️ no instances for KleeneAlgebra E
      [Meta.synthInstance.instances] #[]
  [Meta.synthInstance.apply] ✅️ apply @IdemCommSemiring.toIdemSemiring to IdemSemiring E
    [Meta.synthInstance.tryResolve] ✅️ IdemSemiring E ≟ IdemSemiring E
    [Meta.synthInstance] ✅️ no instances for IdemCommSemiring E
      [Meta.synthInstance.instances] #[]
  [Meta.synthInstance.apply] ✅️ apply @DivisionSemiring.toSemiring to Semiring E
    [Meta.synthInstance.tryResolve] ✅️ Semiring E ≟ Semiring E
    [Meta.synthInstance] ✅️ new goal DivisionSemiring E
      [Meta.synthInstance.instances] #[@DivisionRing.toDivisionSemiring, @Semifield.toDivisionSemiring]
  [Meta.synthInstance.apply] ✅️ apply @Semifield.toDivisionSemiring to DivisionSemiring E
    [Meta.synthInstance.tryResolve] ✅️ DivisionSemiring E ≟ DivisionSemiring E
    [Meta.synthInstance] ✅️ new goal Semifield E
      [Meta.synthInstance.instances] #[@Field.toSemifield]
  [Meta.synthInstance.apply] ✅️ apply @Field.toSemifield to Semifield E
    [Meta.synthInstance.tryResolve] ✅️ Semifield E ≟ Semifield E
    [Meta.synthInstance] ✅️ new goal Field E
      [Meta.synthInstance.instances] #[@NormedField.toField]
  [Meta.synthInstance.apply] ✅️ apply @NormedField.toField to Field E
    [Meta.synthInstance.tryResolve] ✅️ Field E ≟ Field E
    [Meta.synthInstance] ✅️ new goal NormedField E
      [Meta.synthInstance.instances] #[@NontriviallyNormedField.toNormedField, @DenselyNormedField.toNormedField]
  [Meta.synthInstance.apply] ✅️ apply @DenselyNormedField.toNormedField to NormedField E
    [Meta.synthInstance.tryResolve] ✅️ NormedField E ≟ NormedField E
    [Meta.synthInstance] ✅️ new goal DenselyNormedField E
      [Meta.synthInstance.instances] #[@RCLike.toDenselyNormedField]
  [Meta.synthInstance.apply] ✅️ apply @RCLike.toDenselyNormedField to DenselyNormedField E
    [Meta.synthInstance.tryResolve] ✅️ DenselyNormedField E ≟ DenselyNormedField E
    [Meta.synthInstance] ✅️ no instances for RCLike E
      [Meta.synthInstance.instances] #[]
  [Meta.synthInstance.apply] ✅️ apply @NontriviallyNormedField.toNormedField to NormedField E
    [Meta.synthInstance.tryResolve] ✅️ NormedField E ≟ NormedField E
    [Meta.synthInstance] ✅️ new goal NontriviallyNormedField E
      [Meta.synthInstance.instances] #[@DenselyNormedField.toNontriviallyNormedField]
  [Meta.synthInstance.apply] ✅️ apply @DenselyNormedField.toNontriviallyNormedField to NontriviallyNormedField E
    [Meta.synthInstance.tryResolve] ✅️ NontriviallyNormedField E ≟ NontriviallyNormedField E
  [Meta.synthInstance.apply] ✅️ apply @DivisionRing.toDivisionSemiring to DivisionSemiring E
    [Meta.synthInstance.tryResolve] ✅️ DivisionSemiring E ≟ DivisionSemiring E
    [Meta.synthInstance] ✅️ new goal DivisionRing E
      [Meta.synthInstance.instances] #[@NormedDivisionRing.toDivisionRing, @Field.toDivisionRing]
  [Meta.synthInstance.apply] ✅️ apply @Field.toDivisionRing to DivisionRing E
    [Meta.synthInstance.tryResolve] ✅️ DivisionRing E ≟ DivisionRing E
  [Meta.synthInstance.apply] ✅️ apply @NormedDivisionRing.toDivisionRing to DivisionRing E
    [Meta.synthInstance.tryResolve] ✅️ DivisionRing E ≟ DivisionRing E
    [Meta.synthInstance] ✅️ new goal NormedDivisionRing E
      [Meta.synthInstance.instances] #[@NormedField.toNormedDivisionRing]
  [Meta.synthInstance.apply] ✅️ apply @NormedField.toNormedDivisionRing to NormedDivisionRing E
    [Meta.synthInstance.tryResolve] ✅️ NormedDivisionRing E ≟ NormedDivisionRing E
  [Meta.synthInstance.apply] ✅️ apply @CommSemiring.toSemiring to Semiring E
    [Meta.synthInstance.tryResolve] ✅️ Semiring E ≟ Semiring E
    [Meta.synthInstance] ✅️ new goal CommSemiring E
      [Meta.synthInstance.instances] #[@CommRing.toCommSemiring, @Semifield.toCommSemiring, @IdemCommSemiring.toCommSemiring]
  [Meta.synthInstance.apply] ✅️ apply @IdemCommSemiring.toCommSemiring to CommSemiring E
    [Meta.synthInstance.tryResolve] ✅️ CommSemiring E ≟ CommSemiring E
    [Meta.synthInstance] ✅️ no instances for IdemCommSemiring E
      [Meta.synthInstance.instances] #[]
  [Meta.synthInstance.apply] ✅️ apply @Semifield.toCommSemiring to CommSemiring E
    [Meta.synthInstance.tryResolve] ✅️ CommSemiring E ≟ CommSemiring E
  [Meta.synthInstance.apply] ✅️ apply @CommRing.toCommSemiring to CommSemiring E
    [Meta.synthInstance.tryResolve] ✅️ CommSemiring E ≟ CommSemiring E
    [Meta.synthInstance] ✅️ new goal CommRing E
      [Meta.synthInstance.instances] #[@SeminormedCommRing.toCommRing, @NormedCommRing.toCommRing, @EuclideanDomain.toCommRing, @Field.toCommRing]
  [Meta.synthInstance.apply] ✅️ apply @Field.toCommRing to CommRing E
    [Meta.synthInstance.tryResolve] ✅️ CommRing E ≟ CommRing E
  [Meta.synthInstance.apply] ✅️ apply @EuclideanDomain.toCommRing to CommRing E
    [Meta.synthInstance.tryResolve] ✅️ CommRing E ≟ CommRing E
    [Meta.synthInstance] ✅️ new goal EuclideanDomain E
      [Meta.synthInstance.instances] #[@Field.toEuclideanDomain]
  [Meta.synthInstance.apply] ✅️ apply @Field.toEuclideanDomain to EuclideanDomain E
    [Meta.synthInstance.tryResolve] ✅️ EuclideanDomain E ≟ EuclideanDomain E
  [Meta.synthInstance.apply] ✅️ apply @NormedCommRing.toCommRing to CommRing E
    [Meta.synthInstance.tryResolve] ✅️ CommRing E ≟ CommRing E
    [Meta.synthInstance] ✅️ new goal NormedCommRing E
      [Meta.synthInstance.instances] #[@NormedField.toNormedCommRing, @CommCStarAlgebra.toNormedCommRing]
  [Meta.synthInstance.apply] ✅️ apply @CommCStarAlgebra.toNormedCommRing to NormedCommRing E
    [Meta.synthInstance.tryResolve] ✅️ NormedCommRing E ≟ NormedCommRing E
    [Meta.synthInstance] ✅️ no instances for CommCStarAlgebra E
      [Meta.synthInstance.instances] #[]
  [Meta.synthInstance.apply] ✅️ apply @NormedField.toNormedCommRing to NormedCommRing E
    [Meta.synthInstance.tryResolve] ✅️ NormedCommRing E ≟ NormedCommRing E
  [Meta.synthInstance.apply] ✅️ apply @SeminormedCommRing.toCommRing to CommRing E
    [Meta.synthInstance.tryResolve] ✅️ CommRing E ≟ CommRing E
    [Meta.synthInstance] ✅️ new goal SeminormedCommRing E
      [Meta.synthInstance.instances] #[@NormedCommRing.toSeminormedCommRing]
  [Meta.synthInstance.apply] ✅️ apply @NormedCommRing.toSeminormedCommRing to SeminormedCommRing E
    [Meta.synthInstance.tryResolve] ✅️ SeminormedCommRing E ≟ SeminormedCommRing E
  [Meta.synthInstance.apply] ✅️ apply @Ring.toSemiring to Semiring E
    [Meta.synthInstance.tryResolve] ✅️ Semiring E ≟ Semiring E
    [Meta.synthInstance] ✅️ new goal Ring E
      [Meta.synthInstance.instances] #[@SeminormedRing.toRing, @NormedRing.toRing, @CommRing.toRing, @DivisionRing.toRing]
  [Meta.synthInstance.apply] ✅️ apply @DivisionRing.toRing to Ring E
    [Meta.synthInstance.tryResolve] ✅️ Ring E ≟ Ring E
  [Meta.synthInstance.apply] ✅️ apply @CommRing.toRing to Ring E
    [Meta.synthInstance.tryResolve] ✅️ Ring E ≟ Ring E
  [Meta.synthInstance.apply] ✅️ apply @NormedRing.toRing to Ring E
    [Meta.synthInstance.tryResolve] ✅️ Ring E ≟ Ring E
    [Meta.synthInstance] ✅️ new goal NormedRing E
      [Meta.synthInstance.instances] #[@NormedDivisionRing.toNormedRing, @NormedCommRing.toNormedRing, @CStarAlgebra.toNormedRing]
  [Meta.synthInstance.apply] ✅️ apply @CStarAlgebra.toNormedRing to NormedRing E
    [Meta.synthInstance.tryResolve] ✅️ NormedRing E ≟ NormedRing E
    [Meta.synthInstance] ✅️ new goal CStarAlgebra E
      [Meta.synthInstance.instances] #[@CommCStarAlgebra.toCStarAlgebra]
  [Meta.synthInstance.apply] ✅️ apply @CommCStarAlgebra.toCStarAlgebra to CStarAlgebra E
    [Meta.synthInstance.tryResolve] ✅️ CStarAlgebra E ≟ CStarAlgebra E
    [Meta.synthInstance] ✅️ no instances for CommCStarAlgebra E
      [Meta.synthInstance.instances] #[]
  [Meta.synthInstance.apply] ✅️ apply @NormedCommRing.toNormedRing to NormedRing E
    [Meta.synthInstance.tryResolve] ✅️ NormedRing E ≟ NormedRing E
  [Meta.synthInstance.apply] ✅️ apply @NormedDivisionRing.toNormedRing to NormedRing E
    [Meta.synthInstance.tryResolve] ✅️ NormedRing E ≟ NormedRing E
  [Meta.synthInstance.apply] ✅️ apply @SeminormedRing.toRing to Ring E
    [Meta.synthInstance.tryResolve] ✅️ Ring E ≟ Ring E
    [Meta.synthInstance] ✅️ new goal SeminormedRing E
      [Meta.synthInstance.instances] #[@NormedRing.toSeminormedRing, @SeminormedCommRing.toSeminormedRing]
  [Meta.synthInstance.apply] ✅️ apply @SeminormedCommRing.toSeminormedRing to SeminormedRing E
    [Meta.synthInstance.tryResolve] ✅️ SeminormedRing E ≟ SeminormedRing E
  [Meta.synthInstance.apply] ✅️ apply @NormedRing.toSeminormedRing to SeminormedRing E
    [Meta.synthInstance.tryResolve] ✅️ SeminormedRing E ≟ SeminormedRing E
  [Meta.synthInstance.apply] ✅️ apply @NonUnitalNonAssocSemiring.toAddCommMonoid to AddCommMonoid E
    [Meta.synthInstance.tryResolve] ✅️ AddCommMonoid E ≟ AddCommMonoid E
    [Meta.synthInstance] ✅️ new goal NonUnitalNonAssocSemiring E
      [Meta.synthInstance.instances] #[@NonUnitalNonAssocCommSemiring.toNonUnitalNonAssocSemiring, @NonUnitalSemiring.toNonUnitalNonAssocSemiring, @NonAssocSemiring.toNonUnitalNonAssocSemiring, @NonUnitalNonAssocRing.toNonUnitalNonAssocSemiring]
  [Meta.synthInstance.apply] ✅️ apply @NonUnitalNonAssocRing.toNonUnitalNonAssocSemiring to NonUnitalNonAssocSemiring E
    [Meta.synthInstance.tryResolve] ✅️ NonUnitalNonAssocSemiring E ≟ NonUnitalNonAssocSemiring E
    [Meta.synthInstance] ✅️ new goal NonUnitalNonAssocRing E
      [Meta.synthInstance.instances] #[@NonUnitalRing.toNonUnitalNonAssocRing, @NonAssocRing.toNonUnitalNonAssocRing, @NonUnitalNonAssocCommRing.toNonUnitalNonAssocRing]
  [Meta.synthInstance.apply] ✅️ apply @NonUnitalNonAssocCommRing.toNonUnitalNonAssocRing to NonUnitalNonAssocRing E
    [Meta.synthInstance.tryResolve] ✅️ NonUnitalNonAssocRing E ≟ NonUnitalNonAssocRing E
    [Meta.synthInstance] ✅️ new goal NonUnitalNonAssocCommRing E
      [Meta.synthInstance.instances] #[@NonAssocCommRing.toNonUnitalNonAssocCommRing, @NonUnitalCommRing.toNonUnitalNonAssocCommRing]
  [Meta.synthInstance.apply] ✅️ apply @NonUnitalCommRing.toNonUnitalNonAssocCommRing to NonUnitalNonAssocCommRing E
    [Meta.synthInstance.tryResolve] ✅️ NonUnitalNonAssocCommRing E ≟ NonUnitalNonAssocCommRing E
    [Meta.synthInstance] ✅️ new goal NonUnitalCommRing E
      [Meta.synthInstance.instances] #[@NonUnitalSeminormedCommRing.toNonUnitalCommRing, @NonUnitalNormedCommRing.toNonUnitalCommRing, @CommRing.toNonUnitalCommRing]
  [Meta.synthInstance.apply] ✅️ apply @CommRing.toNonUnitalCommRing to NonUnitalCommRing E
    [Meta.synthInstance.tryResolve] ✅️ NonUnitalCommRing E ≟ NonUnitalCommRing E
  [Meta.synthInstance.apply] ✅️ apply @NonUnitalNormedCommRing.toNonUnitalCommRing to NonUnitalCommRing E
    [Meta.synthInstance.tryResolve] ✅️ NonUnitalCommRing E ≟ NonUnitalCommRing E
    [Meta.synthInstance] ✅️ new goal NonUnitalNormedCommRing E
      [Meta.synthInstance.instances] #[@NormedCommRing.toNonUnitalNormedCommRing, @NonUnitalCommCStarAlgebra.toNonUnitalNormedCommRing]
  [Meta.synthInstance.apply] ✅️ apply @NonUnitalCommCStarAlgebra.toNonUnitalNormedCommRing to NonUnitalNormedCommRing E
    [Meta.synthInstance.tryResolve] ✅️ NonUnitalNormedCommRing E ≟ NonUnitalNormedCommRing E
    [Meta.synthInstance] ✅️ new goal NonUnitalCommCStarAlgebra E
      [Meta.synthInstance.instances] #[CommCStarAlgebra.toNonUnitalCommCStarAlgebra]
  [Meta.synthInstance.apply] ✅️ apply CommCStarAlgebra.toNonUnitalCommCStarAlgebra to NonUnitalCommCStarAlgebra E
    [Meta.synthInstance.tryResolve] ✅️ NonUnitalCommCStarAlgebra E ≟ NonUnitalCommCStarAlgebra E
    [Meta.synthInstance] ✅️ no instances for CommCStarAlgebra E
      [Meta.synthInstance.instances] #[]
  [Meta.synthInstance.apply] ✅️ apply @NormedCommRing.toNonUnitalNormedCommRing to NonUnitalNormedCommRing E
    [Meta.synthInstance.tryResolve] ✅️ NonUnitalNormedCommRing E ≟ NonUnitalNormedCommRing E
  [Meta.synthInstance.apply] ✅️ apply @NonUnitalSeminormedCommRing.toNonUnitalCommRing to NonUnitalCommRing E
    [Meta.synthInstance.tryResolve] ✅️ NonUnitalCommRing E ≟ NonUnitalCommRing E
    [Meta.synthInstance] ✅️ new goal NonUnitalSeminormedCommRing E
      [Meta.synthInstance.instances] #[@NonUnitalNormedCommRing.toNonUnitalSeminormedCommRing, @SeminormedCommRing.toNonUnitalSeminormedCommRing]
  [Meta.synthInstance.apply] ✅️ apply @SeminormedCommRing.toNonUnitalSeminormedCommRing to NonUnitalSeminormedCommRing E
    [Meta.synthInstance.tryResolve] ✅️ NonUnitalSeminormedCommRing E ≟ NonUnitalSeminormedCommRing E
  [Meta.synthInstance.apply] ✅️ apply @NonUnitalNormedCommRing.toNonUnitalSeminormedCommRing to NonUnitalSeminormedCommRing
        E
    [Meta.synthInstance.tryResolve] ✅️ NonUnitalSeminormedCommRing E ≟ NonUnitalSeminormedCommRing E
  [Meta.synthInstance.apply] ✅️ apply @NonAssocCommRing.toNonUnitalNonAssocCommRing to NonUnitalNonAssocCommRing E
    [Meta.synthInstance.tryResolve] ✅️ NonUnitalNonAssocCommRing E ≟ NonUnitalNonAssocCommRing E
    [Meta.synthInstance] ✅️ new goal NonAssocCommRing E
      [Meta.synthInstance.instances] #[@CommRing.toNonAssocCommRing]
  [Meta.synthInstance.apply] ✅️ apply @CommRing.toNonAssocCommRing to NonAssocCommRing E
    [Meta.synthInstance.tryResolve] ✅️ NonAssocCommRing E ≟ NonAssocCommRing E
  [Meta.synthInstance.apply] ✅️ apply @NonAssocRing.toNonUnitalNonAssocRing to NonUnitalNonAssocRing E
    [Meta.synthInstance.tryResolve] ✅️ NonUnitalNonAssocRing E ≟ NonUnitalNonAssocRing E
    [Meta.synthInstance] ✅️ new goal NonAssocRing E
      [Meta.synthInstance.instances] #[@Ring.toNonAssocRing, @NonAssocCommRing.toNonAssocRing]
  [Meta.synthInstance.apply] ✅️ apply @NonAssocCommRing.toNonAssocRing to NonAssocRing E
    [Meta.synthInstance.tryResolve] ✅️ NonAssocRing E ≟ NonAssocRing E
  [Meta.synthInstance.apply] ✅️ apply @Ring.toNonAssocRing to NonAssocRing E
    [Meta.synthInstance.tryResolve] ✅️ NonAssocRing E ≟ NonAssocRing E
  [Meta.synthInstance.apply] ✅️ apply @NonUnitalRing.toNonUnitalNonAssocRing to NonUnitalNonAssocRing E
    [Meta.synthInstance.tryResolve] ✅️ NonUnitalNonAssocRing E ≟ NonUnitalNonAssocRing E
    [Meta.synthInstance] ✅️ new goal NonUnitalRing E
      [Meta.synthInstance.instances] #[@NonUnitalSeminormedRing.toNonUnitalRing, @NonUnitalNormedRing.toNonUnitalRing, @Ring.toNonUnitalRing, @NonUnitalCommRing.toNonUnitalRing]
  [Meta.synthInstance.apply] ✅️ apply @NonUnitalCommRing.toNonUnitalRing to NonUnitalRing E
    [Meta.synthInstance.tryResolve] ✅️ NonUnitalRing E ≟ NonUnitalRing E
  [Meta.synthInstance.apply] ✅️ apply @Ring.toNonUnitalRing to NonUnitalRing E
    [Meta.synthInstance.tryResolve] ✅️ NonUnitalRing E ≟ NonUnitalRing E
  [Meta.synthInstance.apply] ✅️ apply @NonUnitalNormedRing.toNonUnitalRing to NonUnitalRing E
    [Meta.synthInstance.tryResolve] ✅️ NonUnitalRing E ≟ NonUnitalRing E
    [Meta.synthInstance] ✅️ new goal NonUnitalNormedRing E
      [Meta.synthInstance.instances] #[@NormedRing.toNonUnitalNormedRing, @NonUnitalNormedCommRing.toNonUnitalNormedRing, @NonUnitalCStarAlgebra.toNonUnitalNormedRing]
  [Meta.synthInstance.apply] ✅️ apply @NonUnitalCStarAlgebra.toNonUnitalNormedRing to NonUnitalNormedRing E
    [Meta.synthInstance.tryResolve] ✅️ NonUnitalNormedRing E ≟ NonUnitalNormedRing E
    [Meta.synthInstance] ✅️ new goal NonUnitalCStarAlgebra E
      [Meta.synthInstance.instances] #[CStarAlgebra.toNonUnitalCStarAlgebra, @NonUnitalCommCStarAlgebra.toNonUnitalCStarAlgebra]
  [Meta.synthInstance.apply] ✅️ apply @NonUnitalCommCStarAlgebra.toNonUnitalCStarAlgebra to NonUnitalCStarAlgebra E
    [Meta.synthInstance.tryResolve] ✅️ NonUnitalCStarAlgebra E ≟ NonUnitalCStarAlgebra E
  [Meta.synthInstance.apply] ✅️ apply CStarAlgebra.toNonUnitalCStarAlgebra to NonUnitalCStarAlgebra E
    [Meta.synthInstance.tryResolve] ✅️ NonUnitalCStarAlgebra E ≟ NonUnitalCStarAlgebra E
  [Meta.synthInstance.apply] ✅️ apply @NonUnitalNormedCommRing.toNonUnitalNormedRing to NonUnitalNormedRing E
    [Meta.synthInstance.tryResolve] ✅️ NonUnitalNormedRing E ≟ NonUnitalNormedRing E
  [Meta.synthInstance.apply] ✅️ apply @NormedRing.toNonUnitalNormedRing to NonUnitalNormedRing E
    [Meta.synthInstance.tryResolve] ✅️ NonUnitalNormedRing E ≟ NonUnitalNormedRing E
  [Meta.synthInstance.apply] ✅️ apply @NonUnitalSeminormedRing.toNonUnitalRing to NonUnitalRing E
    [Meta.synthInstance.tryResolve] ✅️ NonUnitalRing E ≟ NonUnitalRing E
    [Meta.synthInstance] ✅️ new goal NonUnitalSeminormedRing E
      [Meta.synthInstance.instances] #[@SeminormedRing.toNonUnitalSeminormedRing, @NonUnitalNormedRing.toNonUnitalSeminormedRing, @NonUnitalSeminormedCommRing.toNonUnitalSeminormedRing]
  [Meta.synthInstance.apply] ✅️ apply @NonUnitalSeminormedCommRing.toNonUnitalSeminormedRing to NonUnitalSeminormedRing
        E
    [Meta.synthInstance.tryResolve] ✅️ NonUnitalSeminormedRing E ≟ NonUnitalSeminormedRing E
  [Meta.synthInstance.apply] ✅️ apply @NonUnitalNormedRing.toNonUnitalSeminormedRing to NonUnitalSeminormedRing E
    [Meta.synthInstance.tryResolve] ✅️ NonUnitalSeminormedRing E ≟ NonUnitalSeminormedRing E
  [Meta.synthInstance.apply] ✅️ apply @SeminormedRing.toNonUnitalSeminormedRing to NonUnitalSeminormedRing E
    [Meta.synthInstance.tryResolve] ✅️ NonUnitalSeminormedRing E ≟ NonUnitalSeminormedRing E
  [Meta.synthInstance.apply] ✅️ apply @NonAssocSemiring.toNonUnitalNonAssocSemiring to NonUnitalNonAssocSemiring E
    [Meta.synthInstance.tryResolve] ✅️ NonUnitalNonAssocSemiring E ≟ NonUnitalNonAssocSemiring E
    [Meta.synthInstance] ✅️ new goal NonAssocSemiring E
      [Meta.synthInstance.instances] #[@NonAssocCommSemiring.toNonAssocSemiring, @NonAssocRing.toNonAssocSemiring, @Semiring.toNonAssocSemiring]
  [Meta.synthInstance.apply] ✅️ apply @Semiring.toNonAssocSemiring to NonAssocSemiring E
    [Meta.synthInstance.tryResolve] ✅️ NonAssocSemiring E ≟ NonAssocSemiring E
  [Meta.synthInstance.apply] ✅️ apply @NonAssocRing.toNonAssocSemiring to NonAssocSemiring E
    [Meta.synthInstance.tryResolve] ✅️ NonAssocSemiring E ≟ NonAssocSemiring E
  [Meta.synthInstance.apply] ✅️ apply @NonAssocCommSemiring.toNonAssocSemiring to NonAssocSemiring E
    [Meta.synthInstance.tryResolve] ✅️ NonAssocSemiring E ≟ NonAssocSemiring E
    [Meta.synthInstance] ✅️ new goal NonAssocCommSemiring E
      [Meta.synthInstance.instances] #[@CommSemiring.toNonAssocCommSemiring, @NonAssocCommRing.toNonAssocCommSemiring]
  [Meta.synthInstance.apply] ✅️ apply @NonAssocCommRing.toNonAssocCommSemiring to NonAssocCommSemiring E
    [Meta.synthInstance.tryResolve] ✅️ NonAssocCommSemiring E ≟ NonAssocCommSemiring E
  [Meta.synthInstance.apply] ✅️ apply @CommSemiring.toNonAssocCommSemiring to NonAssocCommSemiring E
    [Meta.synthInstance.tryResolve] ✅️ NonAssocCommSemiring E ≟ NonAssocCommSemiring E
  [Meta.synthInstance.apply] ✅️ apply @NonUnitalSemiring.toNonUnitalNonAssocSemiring to NonUnitalNonAssocSemiring E
    [Meta.synthInstance.tryResolve] ✅️ NonUnitalNonAssocSemiring E ≟ NonUnitalNonAssocSemiring E
    [Meta.synthInstance] ✅️ new goal NonUnitalSemiring E
      [Meta.synthInstance.instances] #[@NonUnitalRing.toNonUnitalSemiring, @Semiring.toNonUnitalSemiring, @NonUnitalCommSemiring.toNonUnitalSemiring]
  [Meta.synthInstance.apply] ✅️ apply @NonUnitalCommSemiring.toNonUnitalSemiring to NonUnitalSemiring E
    [Meta.synthInstance.tryResolve] ✅️ NonUnitalSemiring E ≟ NonUnitalSemiring E
    [Meta.synthInstance] ✅️ new goal NonUnitalCommSemiring E
      [Meta.synthInstance.instances] #[@CommSemiring.toNonUnitalCommSemiring, @NonUnitalCommRing.toNonUnitalCommSemiring]
  [Meta.synthInstance.apply] ✅️ apply @NonUnitalCommRing.toNonUnitalCommSemiring to NonUnitalCommSemiring E
    [Meta.synthInstance.tryResolve] ✅️ NonUnitalCommSemiring E ≟ NonUnitalCommSemiring E
  [Meta.synthInstance.apply] ✅️ apply @CommSemiring.toNonUnitalCommSemiring to NonUnitalCommSemiring E
    [Meta.synthInstance.tryResolve] ✅️ NonUnitalCommSemiring E ≟ NonUnitalCommSemiring E
  [Meta.synthInstance.apply] ✅️ apply @Semiring.toNonUnitalSemiring to NonUnitalSemiring E
    [Meta.synthInstance.tryResolve] ✅️ NonUnitalSemiring E ≟ NonUnitalSemiring E
  [Meta.synthInstance.apply] ✅️ apply @NonUnitalRing.toNonUnitalSemiring to NonUnitalSemiring E
    [Meta.synthInstance.tryResolve] ✅️ NonUnitalSemiring E ≟ NonUnitalSemiring E
  [Meta.synthInstance.apply] ✅️ apply @NonUnitalNonAssocCommSemiring.toNonUnitalNonAssocSemiring to NonUnitalNonAssocSemiring
        E
    [Meta.synthInstance.tryResolve] ✅️ NonUnitalNonAssocSemiring E ≟ NonUnitalNonAssocSemiring E
    [Meta.synthInstance] ✅️ new goal NonUnitalNonAssocCommSemiring E
      [Meta.synthInstance.instances] #[@NonAssocCommSemiring.toNonUnitalNonAssocCommSemiring, @NonUnitalCommSemiring.toNonUnitalNonAssocCommSemiring, @NonUnitalNonAssocCommRing.toNonUnitalNonAssocCommSemiring]
  [Meta.synthInstance.apply] ✅️ apply @NonUnitalNonAssocCommRing.toNonUnitalNonAssocCommSemiring to NonUnitalNonAssocCommSemiring
        E
    [Meta.synthInstance.tryResolve] ✅️ NonUnitalNonAssocCommSemiring E ≟ NonUnitalNonAssocCommSemiring E
  [Meta.synthInstance.apply] ✅️ apply @NonUnitalCommSemiring.toNonUnitalNonAssocCommSemiring to NonUnitalNonAssocCommSemiring
        E
    [Meta.synthInstance.tryResolve] ✅️ NonUnitalNonAssocCommSemiring E ≟ NonUnitalNonAssocCommSemiring E
  [Meta.synthInstance.apply] ✅️ apply @NonAssocCommSemiring.toNonUnitalNonAssocCommSemiring to NonUnitalNonAssocCommSemiring
        E
    [Meta.synthInstance.tryResolve] ✅️ NonUnitalNonAssocCommSemiring E ≟ NonUnitalNonAssocCommSemiring E
  [Meta.synthInstance.apply] ✅️ apply @AddCommMonoidWithOne.toAddCommMonoid to AddCommMonoid E
    [Meta.synthInstance.tryResolve] ✅️ AddCommMonoid E ≟ AddCommMonoid E
    [Meta.synthInstance] ✅️ new goal AddCommMonoidWithOne E
      [Meta.synthInstance.instances] #[@AddCommGroupWithOne.toAddCommMonoidWithOne, @NonAssocSemiring.toAddCommMonoidWithOne]
  [Meta.synthInstance.apply] ✅️ apply @NonAssocSemiring.toAddCommMonoidWithOne to AddCommMonoidWithOne E
    [Meta.synthInstance.tryResolve] ✅️ AddCommMonoidWithOne E ≟ AddCommMonoidWithOne E
  [Meta.synthInstance.apply] ✅️ apply @AddCommGroupWithOne.toAddCommMonoidWithOne to AddCommMonoidWithOne E
    [Meta.synthInstance.tryResolve] ✅️ AddCommMonoidWithOne E ≟ AddCommMonoidWithOne E
    [Meta.synthInstance] ✅️ new goal AddCommGroupWithOne E
      [Meta.synthInstance.instances] #[@CommRing.toAddCommGroupWithOne, @NonAssocRing.toAddCommGroupWithOne]
  [Meta.synthInstance.apply] ✅️ apply @NonAssocRing.toAddCommGroupWithOne to AddCommGroupWithOne E
    [Meta.synthInstance.tryResolve] ✅️ AddCommGroupWithOne E ≟ AddCommGroupWithOne E
  [Meta.synthInstance.apply] ✅️ apply @CommRing.toAddCommGroupWithOne to AddCommGroupWithOne E
    [Meta.synthInstance.tryResolve] ✅️ AddCommGroupWithOne E ≟ AddCommGroupWithOne E
  [Meta.synthInstance.apply] ✅️ apply @AddCommGroup.toAddCommMonoid to AddCommMonoid E
    [Meta.synthInstance.tryResolve] ✅️ AddCommMonoid E ≟ AddCommMonoid E
    [Meta.synthInstance] ✅️ new goal AddCommGroup E
      [Meta.synthInstance.instances] #[@SeminormedAddCommGroup.toAddCommGroup, @NormedAddCommGroup.toAddCommGroup, @AddCommGroupWithOne.toAddCommGroup, @NonUnitalNonAssocRing.toAddCommGroup, @Ring.toAddCommGroup]
  [Meta.synthInstance.apply] ✅️ apply @Ring.toAddCommGroup to AddCommGroup E
    [Meta.synthInstance.tryResolve] ✅️ AddCommGroup E ≟ AddCommGroup E
  [Meta.synthInstance.apply] ✅️ apply @NonUnitalNonAssocRing.toAddCommGroup to AddCommGroup E
    [Meta.synthInstance.tryResolve] ✅️ AddCommGroup E ≟ AddCommGroup E
  [Meta.synthInstance.apply] ✅️ apply @AddCommGroupWithOne.toAddCommGroup to AddCommGroup E
    [Meta.synthInstance.tryResolve] ✅️ AddCommGroup E ≟ AddCommGroup E
  [Meta.synthInstance.apply] ✅️ apply @NormedAddCommGroup.toAddCommGroup to AddCommGroup E
    [Meta.synthInstance.tryResolve] ✅️ AddCommGroup E ≟ AddCommGroup E
    [Meta.synthInstance] ✅️ new goal NormedAddCommGroup E
      [Meta.synthInstance.instances] #[@NonUnitalNormedRing.toNormedAddCommGroup, inst✝¹]
  [Meta.synthInstance.apply] ✅️ apply inst✝¹ to NormedAddCommGroup E
    [Meta.synthInstance.tryResolve] ✅️ NormedAddCommGroup E ≟ NormedAddCommGroup E
    [Meta.synthInstance.answer] ✅️ NormedAddCommGroup E
  [Meta.synthInstance.resume] ✅️ propagating NormedAddCommGroup E to subgoal NormedAddCommGroup E of AddCommGroup E
    [Meta.synthInstance.resume] size: 1
    [Meta.synthInstance.answer] ✅️ AddCommGroup E
  [Meta.synthInstance.resume] ✅️ propagating AddCommGroup E to subgoal AddCommGroup E of AddCommMonoid E
    [Meta.synthInstance.resume] size: 2
    [Meta.synthInstance.answer] ✅️ AddCommMonoid E
  [Meta.synthInstance] result inst✝¹.toAddCommMonoid
[Meta.synthInstance] ✅️ Module ℝ E
  [Meta.synthInstance] ✅️ new goal Module ℝ E
    [Meta.synthInstance.instances] #[@Algebra.toModule, Module.complexToReal, @NormedSpace.toModule, @Semiring.toModule]
  [Meta.synthInstance.apply] ❌️ apply @Semiring.toModule to Module ℝ E
    [Meta.synthInstance.tryResolve] ❌️ Module ℝ E ≟ Module ?m.14 ?m.14
  [Meta.synthInstance.apply] ✅️ apply @NormedSpace.toModule to Module ℝ E
    [Meta.synthInstance.tryResolve] ✅️ Module ℝ E ≟ Module ℝ E
      [Meta.synthInstance] ✅️ NormedField ℝ
        [Meta.synthInstance] ✅️ new goal NormedField ℝ
          [Meta.synthInstance.instances] #[@NontriviallyNormedField.toNormedField, @DenselyNormedField.toNormedField, Real.normedField]
        [Meta.synthInstance.apply] ✅️ apply Real.normedField to NormedField ℝ
          [Meta.synthInstance.tryResolve] ✅️ NormedField ℝ ≟ NormedField ℝ
          [Meta.synthInstance.answer] ✅️ NormedField ℝ
        [Meta.synthInstance] result Real.normedField
      [Meta.synthInstance] ✅️ SeminormedAddCommGroup E
        [Meta.synthInstance] ✅️ new goal SeminormedAddCommGroup E
          [Meta.synthInstance.instances] #[@NormedAddCommGroup.toSeminormedAddCommGroup, @NonUnitalSeminormedRing.toSeminormedAddCommGroup]
        [Meta.synthInstance.apply] ✅️ apply @NonUnitalSeminormedRing.toSeminormedAddCommGroup to SeminormedAddCommGroup
              E
          [Meta.synthInstance.tryResolve] ✅️ SeminormedAddCommGroup E ≟ SeminormedAddCommGroup E
          [Meta.synthInstance] ✅️ new goal NonUnitalSeminormedRing E
            [Meta.synthInstance.instances] #[@SeminormedRing.toNonUnitalSeminormedRing, @NonUnitalNormedRing.toNonUnitalSeminormedRing, @NonUnitalSeminormedCommRing.toNonUnitalSeminormedRing]
        [Meta.synthInstance.apply] ✅️ apply @NonUnitalSeminormedCommRing.toNonUnitalSeminormedRing to NonUnitalSeminormedRing
              E
          [Meta.synthInstance.tryResolve] ✅️ NonUnitalSeminormedRing E ≟ NonUnitalSeminormedRing E
          [Meta.synthInstance] ✅️ new goal NonUnitalSeminormedCommRing E
            [Meta.synthInstance.instances] #[@NonUnitalNormedCommRing.toNonUnitalSeminormedCommRing, @SeminormedCommRing.toNonUnitalSeminormedCommRing]
        [Meta.synthInstance.apply] ✅️ apply @SeminormedCommRing.toNonUnitalSeminormedCommRing to NonUnitalSeminormedCommRing
              E
          [Meta.synthInstance.tryResolve] ✅️ NonUnitalSeminormedCommRing E ≟ NonUnitalSeminormedCommRing E
          [Meta.synthInstance] ✅️ new goal SeminormedCommRing E
            [Meta.synthInstance.instances] #[@NormedCommRing.toSeminormedCommRing]
        [Meta.synthInstance.apply] ✅️ apply @NormedCommRing.toSeminormedCommRing to SeminormedCommRing E
          [Meta.synthInstance.tryResolve] ✅️ SeminormedCommRing E ≟ SeminormedCommRing E
          [Meta.synthInstance] ✅️ new goal NormedCommRing E
            [Meta.synthInstance.instances] #[@NormedField.toNormedCommRing, @CommCStarAlgebra.toNormedCommRing]
        [Meta.synthInstance.apply] ✅️ apply @CommCStarAlgebra.toNormedCommRing to NormedCommRing E
          [Meta.synthInstance.tryResolve] ✅️ NormedCommRing E ≟ NormedCommRing E
          [Meta.synthInstance] ✅️ no instances for CommCStarAlgebra E
            [Meta.synthInstance.instances] #[]
        [Meta.synthInstance.apply] ✅️ apply @NormedField.toNormedCommRing to NormedCommRing E
          [Meta.synthInstance.tryResolve] ✅️ NormedCommRing E ≟ NormedCommRing E
          [Meta.synthInstance] ✅️ new goal NormedField E
            [Meta.synthInstance.instances] #[@NontriviallyNormedField.toNormedField, @DenselyNormedField.toNormedField]
        [Meta.synthInstance.apply] ✅️ apply @DenselyNormedField.toNormedField to NormedField E
          [Meta.synthInstance.tryResolve] ✅️ NormedField E ≟ NormedField E
          [Meta.synthInstance] ✅️ new goal DenselyNormedField E
            [Meta.synthInstance.instances] #[@RCLike.toDenselyNormedField]
        [Meta.synthInstance.apply] ✅️ apply @RCLike.toDenselyNormedField to DenselyNormedField E
          [Meta.synthInstance.tryResolve] ✅️ DenselyNormedField E ≟ DenselyNormedField E
          [Meta.synthInstance] ✅️ no instances for RCLike E
            [Meta.synthInstance.instances] #[]
        [Meta.synthInstance.apply] ✅️ apply @NontriviallyNormedField.toNormedField to NormedField E
          [Meta.synthInstance.tryResolve] ✅️ NormedField E ≟ NormedField E
          [Meta.synthInstance] ✅️ new goal NontriviallyNormedField E
            [Meta.synthInstance.instances] #[@DenselyNormedField.toNontriviallyNormedField]
        [Meta.synthInstance.apply] ✅️ apply @DenselyNormedField.toNontriviallyNormedField to NontriviallyNormedField E
          [Meta.synthInstance.tryResolve] ✅️ NontriviallyNormedField E ≟ NontriviallyNormedField E
        [Meta.synthInstance.apply] ✅️ apply @NonUnitalNormedCommRing.toNonUnitalSeminormedCommRing to NonUnitalSeminormedCommRing
              E
          [Meta.synthInstance.tryResolve] ✅️ NonUnitalSeminormedCommRing E ≟ NonUnitalSeminormedCommRing E
          [Meta.synthInstance] ✅️ new goal NonUnitalNormedCommRing E
            [Meta.synthInstance.instances] #[@NormedCommRing.toNonUnitalNormedCommRing, @NonUnitalCommCStarAlgebra.toNonUnitalNormedCommRing]
        [Meta.synthInstance.apply] ✅️ apply @NonUnitalCommCStarAlgebra.toNonUnitalNormedCommRing to NonUnitalNormedCommRing
              E
          [Meta.synthInstance.tryResolve] ✅️ NonUnitalNormedCommRing E ≟ NonUnitalNormedCommRing E
          [Meta.synthInstance] ✅️ new goal NonUnitalCommCStarAlgebra E
            [Meta.synthInstance.instances] #[CommCStarAlgebra.toNonUnitalCommCStarAlgebra]
        [Meta.synthInstance.apply] ✅️ apply CommCStarAlgebra.toNonUnitalCommCStarAlgebra to NonUnitalCommCStarAlgebra E
          [Meta.synthInstance.tryResolve] ✅️ NonUnitalCommCStarAlgebra E ≟ NonUnitalCommCStarAlgebra E
          [Meta.synthInstance] ✅️ no instances for CommCStarAlgebra E
            [Meta.synthInstance.instances] #[]
        [Meta.synthInstance.apply] ✅️ apply @NormedCommRing.toNonUnitalNormedCommRing to NonUnitalNormedCommRing E
          [Meta.synthInstance.tryResolve] ✅️ NonUnitalNormedCommRing E ≟ NonUnitalNormedCommRing E
        [Meta.synthInstance.apply] ✅️ apply @NonUnitalNormedRing.toNonUnitalSeminormedRing to NonUnitalSeminormedRing E
          [Meta.synthInstance.tryResolve] ✅️ NonUnitalSeminormedRing E ≟ NonUnitalSeminormedRing E
          [Meta.synthInstance] ✅️ new goal NonUnitalNormedRing E
            [Meta.synthInstance.instances] #[@NormedRing.toNonUnitalNormedRing, @NonUnitalNormedCommRing.toNonUnitalNormedRing, @NonUnitalCStarAlgebra.toNonUnitalNormedRing]
        [Meta.synthInstance.apply] ✅️ apply @NonUnitalCStarAlgebra.toNonUnitalNormedRing to NonUnitalNormedRing E
          [Meta.synthInstance.tryResolve] ✅️ NonUnitalNormedRing E ≟ NonUnitalNormedRing E
          [Meta.synthInstance] ✅️ new goal NonUnitalCStarAlgebra E
            [Meta.synthInstance.instances] #[CStarAlgebra.toNonUnitalCStarAlgebra, @NonUnitalCommCStarAlgebra.toNonUnitalCStarAlgebra]
        [Meta.synthInstance.apply] ✅️ apply @NonUnitalCommCStarAlgebra.toNonUnitalCStarAlgebra to NonUnitalCStarAlgebra
              E
          [Meta.synthInstance.tryResolve] ✅️ NonUnitalCStarAlgebra E ≟ NonUnitalCStarAlgebra E
        [Meta.synthInstance.apply] ✅️ apply CStarAlgebra.toNonUnitalCStarAlgebra to NonUnitalCStarAlgebra E
          [Meta.synthInstance.tryResolve] ✅️ NonUnitalCStarAlgebra E ≟ NonUnitalCStarAlgebra E
          [Meta.synthInstance] ✅️ new goal CStarAlgebra E
            [Meta.synthInstance.instances] #[@CommCStarAlgebra.toCStarAlgebra]
        [Meta.synthInstance.apply] ✅️ apply @CommCStarAlgebra.toCStarAlgebra to CStarAlgebra E
          [Meta.synthInstance.tryResolve] ✅️ CStarAlgebra E ≟ CStarAlgebra E
          [Meta.synthInstance] ✅️ no instances for CommCStarAlgebra E
            [Meta.synthInstance.instances] #[]
        [Meta.synthInstance.apply] ✅️ apply @NonUnitalNormedCommRing.toNonUnitalNormedRing to NonUnitalNormedRing E
          [Meta.synthInstance.tryResolve] ✅️ NonUnitalNormedRing E ≟ NonUnitalNormedRing E
        [Meta.synthInstance.apply] ✅️ apply @NormedRing.toNonUnitalNormedRing to NonUnitalNormedRing E
          [Meta.synthInstance.tryResolve] ✅️ NonUnitalNormedRing E ≟ NonUnitalNormedRing E
          [Meta.synthInstance] ✅️ new goal NormedRing E
            [Meta.synthInstance.instances] #[@NormedDivisionRing.toNormedRing, @NormedCommRing.toNormedRing, @CStarAlgebra.toNormedRing]
        [Meta.synthInstance.apply] ✅️ apply @CStarAlgebra.toNormedRing to NormedRing E
          [Meta.synthInstance.tryResolve] ✅️ NormedRing E ≟ NormedRing E
        [Meta.synthInstance.apply] ✅️ apply @NormedCommRing.toNormedRing to NormedRing E
          [Meta.synthInstance.tryResolve] ✅️ NormedRing E ≟ NormedRing E
        [Meta.synthInstance.apply] ✅️ apply @NormedDivisionRing.toNormedRing to NormedRing E
          [Meta.synthInstance.tryResolve] ✅️ NormedRing E ≟ NormedRing E
          [Meta.synthInstance] ✅️ new goal NormedDivisionRing E
            [Meta.synthInstance.instances] #[@NormedField.toNormedDivisionRing]
        [Meta.synthInstance.apply] ✅️ apply @NormedField.toNormedDivisionRing to NormedDivisionRing E
          [Meta.synthInstance.tryResolve] ✅️ NormedDivisionRing E ≟ NormedDivisionRing E
        [Meta.synthInstance.apply] ✅️ apply @SeminormedRing.toNonUnitalSeminormedRing to NonUnitalSeminormedRing E
          [Meta.synthInstance.tryResolve] ✅️ NonUnitalSeminormedRing E ≟ NonUnitalSeminormedRing E
          [Meta.synthInstance] ✅️ new goal SeminormedRing E
            [Meta.synthInstance.instances] #[@NormedRing.toSeminormedRing, @SeminormedCommRing.toSeminormedRing]
        [Meta.synthInstance.apply] ✅️ apply @SeminormedCommRing.toSeminormedRing to SeminormedRing E
          [Meta.synthInstance.tryResolve] ✅️ SeminormedRing E ≟ SeminormedRing E
        [Meta.synthInstance.apply] ✅️ apply @NormedRing.toSeminormedRing to SeminormedRing E
          [Meta.synthInstance.tryResolve] ✅️ SeminormedRing E ≟ SeminormedRing E
        [Meta.synthInstance.apply] ✅️ apply @NormedAddCommGroup.toSeminormedAddCommGroup to SeminormedAddCommGroup E
          [Meta.synthInstance.tryResolve] ✅️ SeminormedAddCommGroup E ≟ SeminormedAddCommGroup E
          [Meta.synthInstance] ✅️ new goal NormedAddCommGroup E
            [Meta.synthInstance.instances] #[@NonUnitalNormedRing.toNormedAddCommGroup, inst✝¹]
        [Meta.synthInstance.apply] ✅️ apply inst✝¹ to NormedAddCommGroup E
          [Meta.synthInstance.tryResolve] ✅️ NormedAddCommGroup E ≟ NormedAddCommGroup E
          [Meta.synthInstance.answer] ✅️ NormedAddCommGroup E
        [Meta.synthInstance.resume] ✅️ propagating NormedAddCommGroup
              E to subgoal NormedAddCommGroup E of SeminormedAddCommGroup E
          [Meta.synthInstance.resume] size: 1
          [Meta.synthInstance.answer] ✅️ SeminormedAddCommGroup E
        [Meta.synthInstance] result NormedAddCommGroup.toSeminormedAddCommGroup
    [Meta.synthInstance] ✅️ new goal NormedSpace ℝ E
      [Meta.synthInstance.instances] #[@NormedAlgebra.toNormedSpace, @NormedSpace.complexToReal, @NormedField.toNormedSpace, @InnerProductSpace.toNormedSpace, inst✝]
  [Meta.synthInstance.apply] ✅️ apply inst✝ to NormedSpace ℝ E
    [Meta.synthInstance.tryResolve] ✅️ NormedSpace ℝ E ≟ NormedSpace ℝ E
    [Meta.synthInstance.answer] ✅️ NormedSpace ℝ E
  [Meta.synthInstance.resume] ✅️ propagating NormedSpace ℝ E to subgoal NormedSpace ℝ E of Module ℝ E
    [Meta.synthInstance.resume] size: 1
    [Meta.synthInstance.answer] ✅️ Module ℝ E
  [Meta.synthInstance] result inst✝.toModule
[Meta.synthInstance] ✅️ Semiring ℝ
  [Meta.synthInstance] result Real.semiring (cached)
[Meta.synthInstance] ✅️ TopologicalSpace ℝ
  [Meta.synthInstance] result PseudoMetricSpace.toUniformSpace.toTopologicalSpace (cached)
[Meta.synthInstance] ✅️ TopologicalSpace E
  [Meta.synthInstance] result PseudoMetricSpace.toUniformSpace.toTopologicalSpace (cached)
[Meta.synthInstance] ✅️ AddCommMonoid E
  [Meta.synthInstance] result inst✝¹.toAddCommMonoid (cached)
[Meta.synthInstance] ✅️ Module ℝ E
  [Meta.synthInstance] result inst✝.toModule (cached)
[Meta.synthInstance] 💥️ Semiring ?m.15
  [Meta.synthInstance] ✅️ new goal Semiring ?m.15
    [Meta.synthInstance.instances] #[@SubsemiringClass.toSemiring, @LocalizedModule.instSemiring, @Ring.toSemiring, @CommSemiring.toSemiring, @DivisionSemiring.toSemiring, @IdemSemiring.toSemiring, @DomMulAct.instSemiringOfMulOpposite, Real.semiring, @Matrix.semiring, @Lex.instSemiring, @OreLocalization.instSemiring, @ContinuousMap.instSemiringOfIsTopologicalSemiring, Rat.semiring, @MulOpposite.instSemiring, @ULift.semiring, @SimpleFunc.instSemiring, @AddOpposite.instSemiring, @Subsemiring.toSemiring, @Subalgebra.toSemiring, @Nonneg.semiring, NNReal.instSemiring, @RingCon.instSemiringQuotient, @DomAddAct.instSemiringOfAddOpposite, Int.instSemiring, @Module.End.instSemiring, @Polynomial.semiring, FreeAlgebra.instSemiring, @semiring, instSemiringRestrictScalars, @Ideal.Quotient.semiring, @Filter.Germ.instSemiring, Nat.instSemiring, @SeparationQuotient.instSemiring, @MonoidAlgebra.semiring, @Algebra.TensorProduct.instSemiring, @MulActionHom.instSemiring, @AddMonoid.End.instSemiring, @Unitization.instSemiring, @OrderDual.instSemiring, @AddMonoidAlgebra.semiring, Complex.instSemiring, @Prod.instSemiring, @BoundedContinuousFunction.instSemiring, @WithTop.instSemiring, @Pi.semiring]
  [Meta.synthInstance.apply] 💥️ apply @Pi.semiring to Semiring ?m.15
    [Meta.synthInstance.tryResolve] 💥️ Semiring ?m.15 ≟ Semiring ((i : ?m.20) → ?m.21 i)
[Meta.synthInstance] 💥️ Semiring ?m.16
  [Meta.synthInstance] ✅️ new goal Semiring ?m.16
    [Meta.synthInstance.instances] #[@SubsemiringClass.toSemiring, @LocalizedModule.instSemiring, @Ring.toSemiring, @CommSemiring.toSemiring, @DivisionSemiring.toSemiring, @IdemSemiring.toSemiring, @DomMulAct.instSemiringOfMulOpposite, Real.semiring, @Matrix.semiring, @Lex.instSemiring, @OreLocalization.instSemiring, @ContinuousMap.instSemiringOfIsTopologicalSemiring, Rat.semiring, @MulOpposite.instSemiring, @ULift.semiring, @SimpleFunc.instSemiring, @AddOpposite.instSemiring, @Subsemiring.toSemiring, @Subalgebra.toSemiring, @Nonneg.semiring, NNReal.instSemiring, @RingCon.instSemiringQuotient, @DomAddAct.instSemiringOfAddOpposite, Int.instSemiring, @Module.End.instSemiring, @Polynomial.semiring, FreeAlgebra.instSemiring, @semiring, instSemiringRestrictScalars, @Ideal.Quotient.semiring, @Filter.Germ.instSemiring, Nat.instSemiring, @SeparationQuotient.instSemiring, @MonoidAlgebra.semiring, @Algebra.TensorProduct.instSemiring, @MulActionHom.instSemiring, @AddMonoid.End.instSemiring, @Unitization.instSemiring, @OrderDual.instSemiring, @AddMonoidAlgebra.semiring, Complex.instSemiring, @Prod.instSemiring, @BoundedContinuousFunction.instSemiring, @WithTop.instSemiring, @Pi.semiring]
  [Meta.synthInstance.apply] 💥️ apply @Pi.semiring to Semiring ?m.16
    [Meta.synthInstance.tryResolve] 💥️ Semiring ?m.16 ≟ Semiring ((i : ?m.20) → ?m.21 i)
[Meta.synthInstance] ✅️ NonAssocSemiring ℝ
  [Meta.synthInstance] result Real.semiring.toNonAssocSemiring (cached)
[Meta.synthInstance] ✅️ Semiring ℝ
  [Meta.synthInstance] result Real.semiring (cached)
[Meta.synthInstance] ✅️ Semiring ℝ
  [Meta.synthInstance] result Real.semiring (cached)
[Meta.synthInstance] ✅️ Semiring ℝ
  [Meta.synthInstance] result Real.semiring (cached)
[Meta.synthInstance] ✅️ Semiring ℝ
  [Meta.synthInstance] result Real.semiring (cached)
[Meta.synthInstance] ✅️ TopologicalSpace (StrongDual ℝ E)
  [Meta.synthInstance] ✅️ new goal TopologicalSpace (StrongDual ℝ E)
    [Meta.synthInstance.instances] #[@UniformSpace.toTopologicalSpace, @UpgradedStandardBorel.toTopologicalSpace, @topologicalSpace]
  [Meta.synthInstance.apply] ✅️ apply @topologicalSpace to TopologicalSpace (StrongDual ℝ E)
    [Meta.synthInstance.tryResolve] ✅️ TopologicalSpace (StrongDual ℝ E) ≟ TopologicalSpace (E →L[ℝ] ℝ)
      [Meta.synthInstance] ✅️ NormedField ℝ
        [Meta.synthInstance] result Real.normedField (cached)
      [Meta.synthInstance] ✅️ NormedField ℝ
        [Meta.synthInstance] result Real.normedField (cached)
      [Meta.synthInstance] ✅️ AddCommGroup E
        [Meta.synthInstance] ✅️ new goal AddCommGroup E
          [Meta.synthInstance.instances] #[@SeminormedAddCommGroup.toAddCommGroup, @NormedAddCommGroup.toAddCommGroup, @AddCommGroupWithOne.toAddCommGroup, @NonUnitalNonAssocRing.toAddCommGroup, @Ring.toAddCommGroup]
        [Meta.synthInstance.apply] ✅️ apply @Ring.toAddCommGroup to AddCommGroup E
          [Meta.synthInstance.tryResolve] ✅️ AddCommGroup E ≟ AddCommGroup E
          [Meta.synthInstance] ✅️ new goal Ring E
            [Meta.synthInstance.instances] #[@SeminormedRing.toRing, @NormedRing.toRing, @CommRing.toRing, @DivisionRing.toRing]
        [Meta.synthInstance.apply] ✅️ apply @DivisionRing.toRing to Ring E
          [Meta.synthInstance.tryResolve] ✅️ Ring E ≟ Ring E
          [Meta.synthInstance] ✅️ new goal DivisionRing E
            [Meta.synthInstance.instances] #[@NormedDivisionRing.toDivisionRing, @Field.toDivisionRing]
        [Meta.synthInstance.apply] ✅️ apply @Field.toDivisionRing to DivisionRing E
          [Meta.synthInstance.tryResolve] ✅️ DivisionRing E ≟ DivisionRing E
          [Meta.synthInstance] ✅️ new goal Field E
            [Meta.synthInstance.instances] #[@NormedField.toField]
        [Meta.synthInstance.apply] ✅️ apply @NormedField.toField to Field E
          [Meta.synthInstance.tryResolve] ✅️ Field E ≟ Field E
          [Meta.synthInstance] ✅️ new goal NormedField E
            [Meta.synthInstance.instances] #[@NontriviallyNormedField.toNormedField, @DenselyNormedField.toNormedField]
        [Meta.synthInstance.apply] ✅️ apply @DenselyNormedField.toNormedField to NormedField E
          [Meta.synthInstance.tryResolve] ✅️ NormedField E ≟ NormedField E
          [Meta.synthInstance] ✅️ new goal DenselyNormedField E
            [Meta.synthInstance.instances] #[@RCLike.toDenselyNormedField]
        [Meta.synthInstance.apply] ✅️ apply @RCLike.toDenselyNormedField to DenselyNormedField E
          [Meta.synthInstance.tryResolve] ✅️ DenselyNormedField E ≟ DenselyNormedField E
          [Meta.synthInstance] ✅️ no instances for RCLike E
            [Meta.synthInstance.instances] #[]
        [Meta.synthInstance.apply] ✅️ apply @NontriviallyNormedField.toNormedField to NormedField E
          [Meta.synthInstance.tryResolve] ✅️ NormedField E ≟ NormedField E
          [Meta.synthInstance] ✅️ new goal NontriviallyNormedField E
            [Meta.synthInstance.instances] #[@DenselyNormedField.toNontriviallyNormedField]
        [Meta.synthInstance.apply] ✅️ apply @DenselyNormedField.toNontriviallyNormedField to NontriviallyNormedField E
          [Meta.synthInstance.tryResolve] ✅️ NontriviallyNormedField E ≟ NontriviallyNormedField E
        [Meta.synthInstance.apply] ✅️ apply @NormedDivisionRing.toDivisionRing to DivisionRing E
          [Meta.synthInstance.tryResolve] ✅️ DivisionRing E ≟ DivisionRing E
          [Meta.synthInstance] ✅️ new goal NormedDivisionRing E
            [Meta.synthInstance.instances] #[@NormedField.toNormedDivisionRing]
        [Meta.synthInstance.apply] ✅️ apply @NormedField.toNormedDivisionRing to NormedDivisionRing E
          [Meta.synthInstance.tryResolve] ✅️ NormedDivisionRing E ≟ NormedDivisionRing E
        [Meta.synthInstance.apply] ✅️ apply @CommRing.toRing to Ring E
          [Meta.synthInstance.tryResolve] ✅️ Ring E ≟ Ring E
          [Meta.synthInstance] ✅️ new goal CommRing E
            [Meta.synthInstance.instances] #[@SeminormedCommRing.toCommRing, @NormedCommRing.toCommRing, @EuclideanDomain.toCommRing, @Field.toCommRing]
        [Meta.synthInstance.apply] ✅️ apply @Field.toCommRing to CommRing E
          [Meta.synthInstance.tryResolve] ✅️ CommRing E ≟ CommRing E
        [Meta.synthInstance.apply] ✅️ apply @EuclideanDomain.toCommRing to CommRing E
          [Meta.synthInstance.tryResolve] ✅️ CommRing E ≟ CommRing E
          [Meta.synthInstance] ✅️ new goal EuclideanDomain E
            [Meta.synthInstance.instances] #[@Field.toEuclideanDomain]
        [Meta.synthInstance.apply] ✅️ apply @Field.toEuclideanDomain to EuclideanDomain E
          [Meta.synthInstance.tryResolve] ✅️ EuclideanDomain E ≟ EuclideanDomain E
        [Meta.synthInstance.apply] ✅️ apply @NormedCommRing.toCommRing to CommRing E
          [Meta.synthInstance.tryResolve] ✅️ CommRing E ≟ CommRing E
          [Meta.synthInstance] ✅️ new goal NormedCommRing E
            [Meta.synthInstance.instances] #[@NormedField.toNormedCommRing, @CommCStarAlgebra.toNormedCommRing]
        [Meta.synthInstance.apply] ✅️ apply @CommCStarAlgebra.toNormedCommRing to NormedCommRing E
          [Meta.synthInstance.tryResolve] ✅️ NormedCommRing E ≟ NormedCommRing E
          [Meta.synthInstance] ✅️ no instances for CommCStarAlgebra E
            [Meta.synthInstance.instances] #[]
        [Meta.synthInstance.apply] ✅️ apply @NormedField.toNormedCommRing to NormedCommRing E
          [Meta.synthInstance.tryResolve] ✅️ NormedCommRing E ≟ NormedCommRing E
        [Meta.synthInstance.apply] ✅️ apply @SeminormedCommRing.toCommRing to CommRing E
          [Meta.synthInstance.tryResolve] ✅️ CommRing E ≟ CommRing E
          [Meta.synthInstance] ✅️ new goal SeminormedCommRing E
            [Meta.synthInstance.instances] #[@NormedCommRing.toSeminormedCommRing]
        [Meta.synthInstance.apply] ✅️ apply @NormedCommRing.toSeminormedCommRing to SeminormedCommRing E
          [Meta.synthInstance.tryResolve] ✅️ SeminormedCommRing E ≟ SeminormedCommRing E
        [Meta.synthInstance.apply] ✅️ apply @NormedRing.toRing to Ring E
          [Meta.synthInstance.tryResolve] ✅️ Ring E ≟ Ring E
          [Meta.synthInstance] ✅️ new goal NormedRing E
            [Meta.synthInstance.instances] #[@NormedDivisionRing.toNormedRing, @NormedCommRing.toNormedRing, @CStarAlgebra.toNormedRing]
        [Meta.synthInstance.apply] ✅️ apply @CStarAlgebra.toNormedRing to NormedRing E
          [Meta.synthInstance.tryResolve] ✅️ NormedRing E ≟ NormedRing E
          [Meta.synthInstance] ✅️ new goal CStarAlgebra E
            [Meta.synthInstance.instances] #[@CommCStarAlgebra.toCStarAlgebra]
        [Meta.synthInstance.apply] ✅️ apply @CommCStarAlgebra.toCStarAlgebra to CStarAlgebra E
          [Meta.synthInstance.tryResolve] ✅️ CStarAlgebra E ≟ CStarAlgebra E
          [Meta.synthInstance] ✅️ no instances for CommCStarAlgebra E
            [Meta.synthInstance.instances] #[]
        [Meta.synthInstance.apply] ✅️ apply @NormedCommRing.toNormedRing to NormedRing E
          [Meta.synthInstance.tryResolve] ✅️ NormedRing E ≟ NormedRing E
        [Meta.synthInstance.apply] ✅️ apply @NormedDivisionRing.toNormedRing to NormedRing E
          [Meta.synthInstance.tryResolve] ✅️ NormedRing E ≟ NormedRing E
        [Meta.synthInstance.apply] ✅️ apply @SeminormedRing.toRing to Ring E
          [Meta.synthInstance.tryResolve] ✅️ Ring E ≟ Ring E
          [Meta.synthInstance] ✅️ new goal SeminormedRing E
            [Meta.synthInstance.instances] #[@NormedRing.toSeminormedRing, @SeminormedCommRing.toSeminormedRing]
        [Meta.synthInstance.apply] ✅️ apply @SeminormedCommRing.toSeminormedRing to SeminormedRing E
          [Meta.synthInstance.tryResolve] ✅️ SeminormedRing E ≟ SeminormedRing E
        [Meta.synthInstance.apply] ✅️ apply @NormedRing.toSeminormedRing to SeminormedRing E
          [Meta.synthInstance.tryResolve] ✅️ SeminormedRing E ≟ SeminormedRing E
        [Meta.synthInstance.apply] ✅️ apply @NonUnitalNonAssocRing.toAddCommGroup to AddCommGroup E
          [Meta.synthInstance.tryResolve] ✅️ AddCommGroup E ≟ AddCommGroup E
          [Meta.synthInstance] ✅️ new goal NonUnitalNonAssocRing E
            [Meta.synthInstance.instances] #[@NonUnitalRing.toNonUnitalNonAssocRing, @NonAssocRing.toNonUnitalNonAssocRing, @NonUnitalNonAssocCommRing.toNonUnitalNonAssocRing]
        [Meta.synthInstance.apply] ✅️ apply @NonUnitalNonAssocCommRing.toNonUnitalNonAssocRing to NonUnitalNonAssocRing
              E
          [Meta.synthInstance.tryResolve] ✅️ NonUnitalNonAssocRing E ≟ NonUnitalNonAssocRing E
          [Meta.synthInstance] ✅️ new goal NonUnitalNonAssocCommRing E
            [Meta.synthInstance.instances] #[@NonAssocCommRing.toNonUnitalNonAssocCommRing, @NonUnitalCommRing.toNonUnitalNonAssocCommRing]
        [Meta.synthInstance.apply] ✅️ apply @NonUnitalCommRing.toNonUnitalNonAssocCommRing to NonUnitalNonAssocCommRing
              E
          [Meta.synthInstance.tryResolve] ✅️ NonUnitalNonAssocCommRing E ≟ NonUnitalNonAssocCommRing E
          [Meta.synthInstance] ✅️ new goal NonUnitalCommRing E
            [Meta.synthInstance.instances] #[@NonUnitalSeminormedCommRing.toNonUnitalCommRing, @NonUnitalNormedCommRing.toNonUnitalCommRing, @CommRing.toNonUnitalCommRing]
        [Meta.synthInstance.apply] ✅️ apply @CommRing.toNonUnitalCommRing to NonUnitalCommRing E
          [Meta.synthInstance.tryResolve] ✅️ NonUnitalCommRing E ≟ NonUnitalCommRing E
        [Meta.synthInstance.apply] ✅️ apply @NonUnitalNormedCommRing.toNonUnitalCommRing to NonUnitalCommRing E
          [Meta.synthInstance.tryResolve] ✅️ NonUnitalCommRing E ≟ NonUnitalCommRing E
          [Meta.synthInstance] ✅️ new goal NonUnitalNormedCommRing E
            [Meta.synthInstance.instances] #[@NormedCommRing.toNonUnitalNormedCommRing, @NonUnitalCommCStarAlgebra.toNonUnitalNormedCommRing]
        [Meta.synthInstance.apply] ✅️ apply @NonUnitalCommCStarAlgebra.toNonUnitalNormedCommRing to NonUnitalNormedCommRing
              E
          [Meta.synthInstance.tryResolve] ✅️ NonUnitalNormedCommRing E ≟ NonUnitalNormedCommRing E
          [Meta.synthInstance] ✅️ new goal NonUnitalCommCStarAlgebra E
            [Meta.synthInstance.instances] #[CommCStarAlgebra.toNonUnitalCommCStarAlgebra]
        [Meta.synthInstance.apply] ✅️ apply CommCStarAlgebra.toNonUnitalCommCStarAlgebra to NonUnitalCommCStarAlgebra E
          [Meta.synthInstance.tryResolve] ✅️ NonUnitalCommCStarAlgebra E ≟ NonUnitalCommCStarAlgebra E
          [Meta.synthInstance] ✅️ no instances for CommCStarAlgebra E
            [Meta.synthInstance.instances] #[]
        [Meta.synthInstance.apply] ✅️ apply @NormedCommRing.toNonUnitalNormedCommRing to NonUnitalNormedCommRing E
          [Meta.synthInstance.tryResolve] ✅️ NonUnitalNormedCommRing E ≟ NonUnitalNormedCommRing E
        [Meta.synthInstance.apply] ✅️ apply @NonUnitalSeminormedCommRing.toNonUnitalCommRing to NonUnitalCommRing E
          [Meta.synthInstance.tryResolve] ✅️ NonUnitalCommRing E ≟ NonUnitalCommRing E
          [Meta.synthInstance] ✅️ new goal NonUnitalSeminormedCommRing E
            [Meta.synthInstance.instances] #[@NonUnitalNormedCommRing.toNonUnitalSeminormedCommRing, @SeminormedCommRing.toNonUnitalSeminormedCommRing]
        [Meta.synthInstance.apply] ✅️ apply @SeminormedCommRing.toNonUnitalSeminormedCommRing to NonUnitalSeminormedCommRing
              E
          [Meta.synthInstance.tryResolve] ✅️ NonUnitalSeminormedCommRing E ≟ NonUnitalSeminormedCommRing E
        [Meta.synthInstance.apply] ✅️ apply @NonUnitalNormedCommRing.toNonUnitalSeminormedCommRing to NonUnitalSeminormedCommRing
              E
          [Meta.synthInstance.tryResolve] ✅️ NonUnitalSeminormedCommRing E ≟ NonUnitalSeminormedCommRing E
        [Meta.synthInstance.apply] ✅️ apply @NonAssocCommRing.toNonUnitalNonAssocCommRing to NonUnitalNonAssocCommRing E
          [Meta.synthInstance.tryResolve] ✅️ NonUnitalNonAssocCommRing E ≟ NonUnitalNonAssocCommRing E
          [Meta.synthInstance] ✅️ new goal NonAssocCommRing E
            [Meta.synthInstance.instances] #[@CommRing.toNonAssocCommRing]
        [Meta.synthInstance.apply] ✅️ apply @CommRing.toNonAssocCommRing to NonAssocCommRing E
          [Meta.synthInstance.tryResolve] ✅️ NonAssocCommRing E ≟ NonAssocCommRing E
        [Meta.synthInstance.apply] ✅️ apply @NonAssocRing.toNonUnitalNonAssocRing to NonUnitalNonAssocRing E
          [Meta.synthInstance.tryResolve] ✅️ NonUnitalNonAssocRing E ≟ NonUnitalNonAssocRing E
          [Meta.synthInstance] ✅️ new goal NonAssocRing E
            [Meta.synthInstance.instances] #[@Ring.toNonAssocRing, @NonAssocCommRing.toNonAssocRing]
        [Meta.synthInstance.apply] ✅️ apply @NonAssocCommRing.toNonAssocRing to NonAssocRing E
          [Meta.synthInstance.tryResolve] ✅️ NonAssocRing E ≟ NonAssocRing E
        [Meta.synthInstance.apply] ✅️ apply @Ring.toNonAssocRing to NonAssocRing E
          [Meta.synthInstance.tryResolve] ✅️ NonAssocRing E ≟ NonAssocRing E
        [Meta.synthInstance.apply] ✅️ apply @NonUnitalRing.toNonUnitalNonAssocRing to NonUnitalNonAssocRing E
          [Meta.synthInstance.tryResolve] ✅️ NonUnitalNonAssocRing E ≟ NonUnitalNonAssocRing E
          [Meta.synthInstance] ✅️ new goal NonUnitalRing E
            [Meta.synthInstance.instances] #[@NonUnitalSeminormedRing.toNonUnitalRing, @NonUnitalNormedRing.toNonUnitalRing, @Ring.toNonUnitalRing, @NonUnitalCommRing.toNonUnitalRing]
        [Meta.synthInstance.apply] ✅️ apply @NonUnitalCommRing.toNonUnitalRing to NonUnitalRing E
          [Meta.synthInstance.tryResolve] ✅️ NonUnitalRing E ≟ NonUnitalRing E
        [Meta.synthInstance.apply] ✅️ apply @Ring.toNonUnitalRing to NonUnitalRing E
          [Meta.synthInstance.tryResolve] ✅️ NonUnitalRing E ≟ NonUnitalRing E
        [Meta.synthInstance.apply] ✅️ apply @NonUnitalNormedRing.toNonUnitalRing to NonUnitalRing E
          [Meta.synthInstance.tryResolve] ✅️ NonUnitalRing E ≟ NonUnitalRing E
          [Meta.synthInstance] ✅️ new goal NonUnitalNormedRing E
            [Meta.synthInstance.instances] #[@NormedRing.toNonUnitalNormedRing, @NonUnitalNormedCommRing.toNonUnitalNormedRing, @NonUnitalCStarAlgebra.toNonUnitalNormedRing]
        [Meta.synthInstance.apply] ✅️ apply @NonUnitalCStarAlgebra.toNonUnitalNormedRing to NonUnitalNormedRing E
          [Meta.synthInstance.tryResolve] ✅️ NonUnitalNormedRing E ≟ NonUnitalNormedRing E
          [Meta.synthInstance] ✅️ new goal NonUnitalCStarAlgebra E
            [Meta.synthInstance.instances] #[CStarAlgebra.toNonUnitalCStarAlgebra, @NonUnitalCommCStarAlgebra.toNonUnitalCStarAlgebra]
        [Meta.synthInstance.apply] ✅️ apply @NonUnitalCommCStarAlgebra.toNonUnitalCStarAlgebra to NonUnitalCStarAlgebra
              E
          [Meta.synthInstance.tryResolve] ✅️ NonUnitalCStarAlgebra E ≟ NonUnitalCStarAlgebra E
        [Meta.synthInstance.apply] ✅️ apply CStarAlgebra.toNonUnitalCStarAlgebra to NonUnitalCStarAlgebra E
          [Meta.synthInstance.tryResolve] ✅️ NonUnitalCStarAlgebra E ≟ NonUnitalCStarAlgebra E
        [Meta.synthInstance.apply] ✅️ apply @NonUnitalNormedCommRing.toNonUnitalNormedRing to NonUnitalNormedRing E
          [Meta.synthInstance.tryResolve] ✅️ NonUnitalNormedRing E ≟ NonUnitalNormedRing E
        [Meta.synthInstance.apply] ✅️ apply @NormedRing.toNonUnitalNormedRing to NonUnitalNormedRing E
          [Meta.synthInstance.tryResolve] ✅️ NonUnitalNormedRing E ≟ NonUnitalNormedRing E
        [Meta.synthInstance.apply] ✅️ apply @NonUnitalSeminormedRing.toNonUnitalRing to NonUnitalRing E
          [Meta.synthInstance.tryResolve] ✅️ NonUnitalRing E ≟ NonUnitalRing E
          [Meta.synthInstance] ✅️ new goal NonUnitalSeminormedRing E
            [Meta.synthInstance.instances] #[@SeminormedRing.toNonUnitalSeminormedRing, @NonUnitalNormedRing.toNonUnitalSeminormedRing, @NonUnitalSeminormedCommRing.toNonUnitalSeminormedRing]
        [Meta.synthInstance.apply] ✅️ apply @NonUnitalSeminormedCommRing.toNonUnitalSeminormedRing to NonUnitalSeminormedRing
              E
          [Meta.synthInstance.tryResolve] ✅️ NonUnitalSeminormedRing E ≟ NonUnitalSeminormedRing E
        [Meta.synthInstance.apply] ✅️ apply @NonUnitalNormedRing.toNonUnitalSeminormedRing to NonUnitalSeminormedRing E
          [Meta.synthInstance.tryResolve] ✅️ NonUnitalSeminormedRing E ≟ NonUnitalSeminormedRing E
        [Meta.synthInstance.apply] ✅️ apply @SeminormedRing.toNonUnitalSeminormedRing to NonUnitalSeminormedRing E
          [Meta.synthInstance.tryResolve] ✅️ NonUnitalSeminormedRing E ≟ NonUnitalSeminormedRing E
        [Meta.synthInstance.apply] ✅️ apply @AddCommGroupWithOne.toAddCommGroup to AddCommGroup E
          [Meta.synthInstance.tryResolve] ✅️ AddCommGroup E ≟ AddCommGroup E
          [Meta.synthInstance] ✅️ new goal AddCommGroupWithOne E
            [Meta.synthInstance.instances] #[@CommRing.toAddCommGroupWithOne, @NonAssocRing.toAddCommGroupWithOne]
        [Meta.synthInstance.apply] ✅️ apply @NonAssocRing.toAddCommGroupWithOne to AddCommGroupWithOne E
          [Meta.synthInstance.tryResolve] ✅️ AddCommGroupWithOne E ≟ AddCommGroupWithOne E
        [Meta.synthInstance.apply] ✅️ apply @CommRing.toAddCommGroupWithOne to AddCommGroupWithOne E
          [Meta.synthInstance.tryResolve] ✅️ AddCommGroupWithOne E ≟ AddCommGroupWithOne E
        [Meta.synthInstance.apply] ✅️ apply @NormedAddCommGroup.toAddCommGroup to AddCommGroup E
          [Meta.synthInstance.tryResolve] ✅️ AddCommGroup E ≟ AddCommGroup E
          [Meta.synthInstance] ✅️ new goal NormedAddCommGroup E
            [Meta.synthInstance.instances] #[@NonUnitalNormedRing.toNormedAddCommGroup, inst✝¹]
        [Meta.synthInstance.apply] ✅️ apply inst✝¹ to NormedAddCommGroup E
          [Meta.synthInstance.tryResolve] ✅️ NormedAddCommGroup E ≟ NormedAddCommGroup E
          [Meta.synthInstance.answer] ✅️ NormedAddCommGroup E
        [Meta.synthInstance.resume] ✅️ propagating NormedAddCommGroup
              E to subgoal NormedAddCommGroup E of AddCommGroup E
          [Meta.synthInstance.resume] size: 1
          [Meta.synthInstance.answer] ✅️ AddCommGroup E
        [Meta.synthInstance] result inst✝¹.toAddCommGroup
      [Meta.synthInstance] ✅️ AddCommGroup ℝ
        [Meta.synthInstance] ✅️ new goal AddCommGroup ℝ
          [Meta.synthInstance.instances] #[@SeminormedAddCommGroup.toAddCommGroup, @NormedAddCommGroup.toAddCommGroup, @AddCommGroupWithOne.toAddCommGroup, @NonUnitalNonAssocRing.toAddCommGroup, @Ring.toAddCommGroup, Real.instAddCommGroup]
        [Meta.synthInstance.apply] ✅️ apply Real.instAddCommGroup to AddCommGroup ℝ
          [Meta.synthInstance.tryResolve] ✅️ AddCommGroup ℝ ≟ AddCommGroup ℝ
          [Meta.synthInstance.answer] ✅️ AddCommGroup ℝ
        [Meta.synthInstance] result Real.instAddCommGroup
    [Meta.synthInstance] ✅️ new goal IsTopologicalAddGroup ℝ
      [Meta.synthInstance.instances] #[@IsRightUniformAddGroup.toIsTopologicalAddGroup, @IsLeftUniformAddGroup.toIsTopologicalAddGroup, @IsUniformAddGroup.to_topologicalAddGroup, @LinearOrderedAddCommGroup.toIsTopologicalAddGroup, @topologicalAddGroup_of_discreteTopology, @topologicalAddGroup_of_indiscreteTopology, @IsSemitopologicalRing.toIsTopologicalAddGroup, @SeminormedAddCommGroup.toIsTopologicalAddGroup, @AddGroupFilterBasis.isTopologicalAddGroup, instIsTopologicalAddGroupReal]
  [Meta.synthInstance.apply] ✅️ apply instIsTopologicalAddGroupReal to IsTopologicalAddGroup ℝ
    [Meta.synthInstance.tryResolve] ✅️ IsTopologicalAddGroup ℝ ≟ IsTopologicalAddGroup ℝ
    [Meta.synthInstance.answer] ✅️ IsTopologicalAddGroup ℝ
  [Meta.synthInstance.resume] ✅️ propagating IsTopologicalAddGroup
        ℝ to subgoal IsTopologicalAddGroup ℝ of TopologicalSpace (StrongDual ℝ E)
    [Meta.synthInstance.resume] size: 1
    [Meta.synthInstance.answer] ✅️ TopologicalSpace (StrongDual ℝ E)
  [Meta.synthInstance] result topologicalSpace
[Meta.synthInstance] ✅️ AddCommMonoid (StrongDual ℝ E)
  [Meta.synthInstance] ✅️ new goal AddCommMonoid (StrongDual ℝ E)
    [Meta.synthInstance.instances] #[@ESeminormedAddCommMonoid.toAddCommMonoid, @AddCancelCommMonoid.toAddCommMonoid, @SubtractionCommMonoid.toAddCommMonoid, @AddCommGroup.toAddCommMonoid, @AddCommMonoidWithOne.toAddCommMonoid, @NonUnitalNonAssocSemiring.toAddCommMonoid, @Semiring.toAddCommMonoid, @LinearOrderedAddCommMonoidWithTop.toAddCommMonoid, @LinearOrderedAddCommGroupWithTop.toAddCommMonoid, @addCommMonoid]
  [Meta.synthInstance.apply] ✅️ apply @addCommMonoid to AddCommMonoid (StrongDual ℝ E)
    [Meta.synthInstance.tryResolve] ✅️ AddCommMonoid (StrongDual ℝ E) ≟ AddCommMonoid (E →L[ℝ] ℝ)
    [Meta.synthInstance] ✅️ new goal ContinuousAdd ℝ
      [Meta.synthInstance.instances] #[@continuousAdd_of_discreteTopology, @continuousAdd_of_indiscreteTopology, @LipschitzAdd.continuousAdd, @IsTopologicalAddGroup.toContinuousAdd, @IsTopologicalSemiring.toContinuousAdd, @IsSemitopologicalSemiring.toContinuousAdd]
  [Meta.synthInstance.apply] ✅️ apply @IsSemitopologicalSemiring.toContinuousAdd to ContinuousAdd ℝ
    [Meta.synthInstance.tryResolve] ✅️ ContinuousAdd ℝ ≟ ContinuousAdd ℝ
      [Meta.synthInstance] ✅️ NonUnitalNonAssocSemiring ℝ
        [Meta.synthInstance] ✅️ new goal NonUnitalNonAssocSemiring ℝ
          [Meta.synthInstance.instances] #[@NonUnitalNonAssocCommSemiring.toNonUnitalNonAssocSemiring, @NonUnitalSemiring.toNonUnitalNonAssocSemiring, @NonAssocSemiring.toNonUnitalNonAssocSemiring, @NonUnitalNonAssocRing.toNonUnitalNonAssocSemiring]
        [Meta.synthInstance.apply] ✅️ apply @NonUnitalNonAssocRing.toNonUnitalNonAssocSemiring to NonUnitalNonAssocSemiring
              ℝ
          [Meta.synthInstance.tryResolve] ✅️ NonUnitalNonAssocSemiring ℝ ≟ NonUnitalNonAssocSemiring ℝ
          [Meta.synthInstance] ✅️ new goal NonUnitalNonAssocRing ℝ
            [Meta.synthInstance.instances] #[@NonUnitalRing.toNonUnitalNonAssocRing, @NonAssocRing.toNonUnitalNonAssocRing, @NonUnitalNonAssocCommRing.toNonUnitalNonAssocRing]
        [Meta.synthInstance.apply] ✅️ apply @NonUnitalNonAssocCommRing.toNonUnitalNonAssocRing to NonUnitalNonAssocRing
              ℝ
          [Meta.synthInstance.tryResolve] ✅️ NonUnitalNonAssocRing ℝ ≟ NonUnitalNonAssocRing ℝ
          [Meta.synthInstance] ✅️ new goal NonUnitalNonAssocCommRing ℝ
            [Meta.synthInstance.instances] #[@NonAssocCommRing.toNonUnitalNonAssocCommRing, @NonUnitalCommRing.toNonUnitalNonAssocCommRing]
        [Meta.synthInstance.apply] ✅️ apply @NonUnitalCommRing.toNonUnitalNonAssocCommRing to NonUnitalNonAssocCommRing
              ℝ
          [Meta.synthInstance.tryResolve] ✅️ NonUnitalNonAssocCommRing ℝ ≟ NonUnitalNonAssocCommRing ℝ
          [Meta.synthInstance] ✅️ new goal NonUnitalCommRing ℝ
            [Meta.synthInstance.instances] #[@NonUnitalSeminormedCommRing.toNonUnitalCommRing, @NonUnitalNormedCommRing.toNonUnitalCommRing, @CommRing.toNonUnitalCommRing]
        [Meta.synthInstance.apply] ✅️ apply @CommRing.toNonUnitalCommRing to NonUnitalCommRing ℝ
          [Meta.synthInstance.tryResolve] ✅️ NonUnitalCommRing ℝ ≟ NonUnitalCommRing ℝ
          [Meta.synthInstance] ✅️ new goal CommRing ℝ
            [Meta.synthInstance.instances] #[@SeminormedCommRing.toCommRing, @NormedCommRing.toCommRing, @EuclideanDomain.toCommRing, @Field.toCommRing, Real.commRing]
        [Meta.synthInstance.apply] ✅️ apply Real.commRing to CommRing ℝ
          [Meta.synthInstance.tryResolve] ✅️ CommRing ℝ ≟ CommRing ℝ
          [Meta.synthInstance.answer] ✅️ CommRing ℝ
        [Meta.synthInstance.resume] ✅️ propagating CommRing ℝ to subgoal CommRing ℝ of NonUnitalCommRing ℝ
          [Meta.synthInstance.resume] size: 1
          [Meta.synthInstance.answer] ✅️ NonUnitalCommRing ℝ
        [Meta.synthInstance.resume] ✅️ propagating NonUnitalCommRing
              ℝ to subgoal NonUnitalCommRing ℝ of NonUnitalNonAssocCommRing ℝ
          [Meta.synthInstance.resume] size: 2
          [Meta.synthInstance.answer] ✅️ NonUnitalNonAssocCommRing ℝ
        [Meta.synthInstance.resume] ✅️ propagating NonUnitalNonAssocCommRing
              ℝ to subgoal NonUnitalNonAssocCommRing ℝ of NonUnitalNonAssocRing ℝ
          [Meta.synthInstance.resume] size: 3
          [Meta.synthInstance.answer] ✅️ NonUnitalNonAssocRing ℝ
        [Meta.synthInstance.resume] ✅️ propagating NonUnitalNonAssocRing
              ℝ to subgoal NonUnitalNonAssocRing ℝ of NonUnitalNonAssocSemiring ℝ
          [Meta.synthInstance.resume] size: 4
          [Meta.synthInstance.answer] ✅️ NonUnitalNonAssocSemiring ℝ
        [Meta.synthInstance] result CommRing.toNonUnitalCommRing.toNonUnitalNonAssocCommRing.toNonUnitalNonAssocSemiring
    [Meta.synthInstance] ✅️ new goal IsSemitopologicalSemiring ℝ
      [Meta.synthInstance.instances] #[IsTopologicalSemiring.toIsSemitopologicalSemiring, @IsSemitopologicalRing.toIsSemitopologicalSemiring]
  [Meta.synthInstance.apply] ✅️ apply @IsSemitopologicalRing.toIsSemitopologicalSemiring to IsSemitopologicalSemiring ℝ
    [Meta.synthInstance.tryResolve] ✅️ IsSemitopologicalSemiring ℝ ≟ IsSemitopologicalSemiring ℝ
      [Meta.synthInstance] ✅️ NonUnitalNonAssocRing ℝ
        [Meta.synthInstance] ✅️ new goal NonUnitalNonAssocRing ℝ
          [Meta.synthInstance.instances] #[@NonUnitalRing.toNonUnitalNonAssocRing, @NonAssocRing.toNonUnitalNonAssocRing, @NonUnitalNonAssocCommRing.toNonUnitalNonAssocRing]
        [Meta.synthInstance.apply] ✅️ apply @NonUnitalNonAssocCommRing.toNonUnitalNonAssocRing to NonUnitalNonAssocRing
              ℝ
          [Meta.synthInstance.tryResolve] ✅️ NonUnitalNonAssocRing ℝ ≟ NonUnitalNonAssocRing ℝ
          [Meta.synthInstance] ✅️ new goal NonUnitalNonAssocCommRing ℝ
            [Meta.synthInstance.instances] #[@NonAssocCommRing.toNonUnitalNonAssocCommRing, @NonUnitalCommRing.toNonUnitalNonAssocCommRing]
        [Meta.synthInstance.apply] ✅️ apply @NonUnitalCommRing.toNonUnitalNonAssocCommRing to NonUnitalNonAssocCommRing
              ℝ
          [Meta.synthInstance.tryResolve] ✅️ NonUnitalNonAssocCommRing ℝ ≟ NonUnitalNonAssocCommRing ℝ
          [Meta.synthInstance] ✅️ new goal NonUnitalCommRing ℝ
            [Meta.synthInstance.instances] #[@NonUnitalSeminormedCommRing.toNonUnitalCommRing, @NonUnitalNormedCommRing.toNonUnitalCommRing, @CommRing.toNonUnitalCommRing]
        [Meta.synthInstance.apply] ✅️ apply @CommRing.toNonUnitalCommRing to NonUnitalCommRing ℝ
          [Meta.synthInstance.tryResolve] ✅️ NonUnitalCommRing ℝ ≟ NonUnitalCommRing ℝ
          [Meta.synthInstance] ✅️ new goal CommRing ℝ
            [Meta.synthInstance.instances] #[@SeminormedCommRing.toCommRing, @NormedCommRing.toCommRing, @EuclideanDomain.toCommRing, @Field.toCommRing, Real.commRing]
        [Meta.synthInstance.apply] ✅️ apply Real.commRing to CommRing ℝ
          [Meta.synthInstance.tryResolve] ✅️ CommRing ℝ ≟ CommRing ℝ
          [Meta.synthInstance.answer] ✅️ CommRing ℝ
        [Meta.synthInstance.resume] ✅️ propagating CommRing ℝ to subgoal CommRing ℝ of NonUnitalCommRing ℝ
          [Meta.synthInstance.resume] size: 1
          [Meta.synthInstance.answer] ✅️ NonUnitalCommRing ℝ
        [Meta.synthInstance.resume] ✅️ propagating NonUnitalCommRing
              ℝ to subgoal NonUnitalCommRing ℝ of NonUnitalNonAssocCommRing ℝ
          [Meta.synthInstance.resume] size: 2
          [Meta.synthInstance.answer] ✅️ NonUnitalNonAssocCommRing ℝ
        [Meta.synthInstance.resume] ✅️ propagating NonUnitalNonAssocCommRing
              ℝ to subgoal NonUnitalNonAssocCommRing ℝ of NonUnitalNonAssocRing ℝ
          [Meta.synthInstance.resume] size: 3
          [Meta.synthInstance.answer] ✅️ NonUnitalNonAssocRing ℝ
        [Meta.synthInstance] result CommRing.toNonUnitalCommRing.toNonUnitalNonAssocCommRing.toNonUnitalNonAssocRing
    [Meta.synthInstance] ✅️ new goal IsSemitopologicalRing ℝ
      [Meta.synthInstance.instances] #[IsTopologicalRing.toIsSemitopologicalRing]
  [Meta.synthInstance.apply] ✅️ apply IsTopologicalRing.toIsSemitopologicalRing to IsSemitopologicalRing ℝ
    [Meta.synthInstance.tryResolve] ✅️ IsSemitopologicalRing ℝ ≟ IsSemitopologicalRing ℝ
    [Meta.synthInstance] ✅️ new goal IsTopologicalRing ℝ
      [Meta.synthInstance.instances] #[@DiscreteTopology.topologicalRing, @IsStrictOrderedRing.topologicalRing, @NonUnitalSeminormedRing.toIsTopologicalRing, @RingFilterBasis.isTopologicalRing, @IsTopologicalDivisionRing.toIsTopologicalRing, instIsTopologicalRingReal]
  [Meta.synthInstance.apply] ✅️ apply instIsTopologicalRingReal to IsTopologicalRing ℝ
    [Meta.synthInstance.tryResolve] ✅️ IsTopologicalRing ℝ ≟ IsTopologicalRing ℝ
    [Meta.synthInstance.answer] ✅️ IsTopologicalRing ℝ
  [Meta.synthInstance.resume] ✅️ propagating IsTopologicalRing
        ℝ to subgoal IsTopologicalRing ℝ of IsSemitopologicalRing ℝ
    [Meta.synthInstance.resume] size: 1
    [Meta.synthInstance.answer] ✅️ IsSemitopologicalRing ℝ
  [Meta.synthInstance.resume] ✅️ propagating IsSemitopologicalRing
        ℝ to subgoal IsSemitopologicalRing ℝ of IsSemitopologicalSemiring ℝ
    [Meta.synthInstance.resume] size: 2
    [Meta.synthInstance.answer] ✅️ IsSemitopologicalSemiring ℝ
  [Meta.synthInstance.resume] ✅️ propagating IsSemitopologicalSemiring
        ℝ to subgoal IsSemitopologicalSemiring ℝ of ContinuousAdd ℝ
    [Meta.synthInstance.resume] size: 3
    [Meta.synthInstance.answer] ✅️ ContinuousAdd ℝ
  [Meta.synthInstance.resume] ✅️ propagating ContinuousAdd
        ℝ to subgoal ContinuousAdd ℝ of AddCommMonoid (StrongDual ℝ E)
    [Meta.synthInstance.resume] size: 4
    [Meta.synthInstance.answer] ✅️ AddCommMonoid (StrongDual ℝ E)
  [Meta.synthInstance] result addCommMonoid
[Meta.synthInstance] ✅️ TopologicalSpace ℝ
  [Meta.synthInstance] result PseudoMetricSpace.toUniformSpace.toTopologicalSpace (cached)
[Meta.synthInstance] ✅️ AddCommMonoid ℝ
  [Meta.synthInstance] ✅️ new goal AddCommMonoid ℝ
    [Meta.synthInstance.instances] #[@ESeminormedAddCommMonoid.toAddCommMonoid, @AddCancelCommMonoid.toAddCommMonoid, @SubtractionCommMonoid.toAddCommMonoid, @AddCommGroup.toAddCommMonoid, @AddCommMonoidWithOne.toAddCommMonoid, @NonUnitalNonAssocSemiring.toAddCommMonoid, @Semiring.toAddCommMonoid, @LinearOrderedAddCommMonoidWithTop.toAddCommMonoid, @LinearOrderedAddCommGroupWithTop.toAddCommMonoid, Real.instAddCommMonoid]
  [Meta.synthInstance.apply] ✅️ apply Real.instAddCommMonoid to AddCommMonoid ℝ
    [Meta.synthInstance.tryResolve] ✅️ AddCommMonoid ℝ ≟ AddCommMonoid ℝ
    [Meta.synthInstance.answer] ✅️ AddCommMonoid ℝ
  [Meta.synthInstance] result Real.instAddCommMonoid
[Meta.synthInstance] ✅️ Module ℝ (StrongDual ℝ E)
  [Meta.synthInstance] ✅️ new goal Module ℝ (StrongDual ℝ E)
    [Meta.synthInstance.instances] #[@Algebra.toModule, Module.complexToReal, @NormedSpace.toModule, @module, @Semiring.toModule]
  [Meta.synthInstance.apply] ❌️ apply @Semiring.toModule to Module ℝ (StrongDual ℝ E)
    [Meta.synthInstance.tryResolve] ❌️ Module ℝ (StrongDual ℝ E) ≟ Module ?m.32 ?m.32
  [Meta.synthInstance.apply] ✅️ apply @module to Module ℝ (StrongDual ℝ E)
    [Meta.synthInstance.tryResolve] ✅️ Module ℝ (StrongDual ℝ E) ≟ Module ℝ (E →L[ℝ] ℝ)
    [Meta.synthInstance] ✅️ new goal Module ℝ ℝ
      [Meta.synthInstance.instances] #[@Algebra.toModule, Module.complexToReal, @NormedSpace.toModule, @Semiring.toModule]
  [Meta.synthInstance.apply] ✅️ apply @Semiring.toModule to Module ℝ ℝ
    [Meta.synthInstance.tryResolve] ✅️ Module ℝ ℝ ≟ Module ℝ ℝ
    [Meta.synthInstance.answer] ✅️ Module ℝ ℝ
  [Meta.synthInstance.resume] ✅️ propagating Module ℝ ℝ to subgoal Module ℝ ℝ of Module ℝ (StrongDual ℝ E)
    [Meta.synthInstance.resume] size: 1
    [Meta.synthInstance] ✅️ new goal SMulCommClass ℝ ℝ ℝ
      [Meta.synthInstance.instances] #[@instSMulCommClass, @IsScalarTower.to_smulCommClass', @IsScalarTower.to_smulCommClass, @SMulCommClass.complexToReal, smulCommClass_self, @instSMulCommClassOfIsScalarTower, @Algebra.to_smulCommClass]
  [Meta.synthInstance.apply] ✅️ apply @Algebra.to_smulCommClass to SMulCommClass ℝ ℝ ℝ
    [Meta.synthInstance.tryResolve] ✅️ SMulCommClass ℝ ℝ ℝ ≟ SMulCommClass ℝ ℝ ℝ
      [Meta.synthInstance] ✅️ Algebra ℝ ℝ
        [Meta.synthInstance] ✅️ new goal Algebra ℝ ℝ
          [Meta.synthInstance.instances] #[@Algebra.complexToReal, @NormedAlgebra.toAlgebra, Algebra.id]
        [Meta.synthInstance.apply] ✅️ apply Algebra.id to Algebra ℝ ℝ
          [Meta.synthInstance.tryResolve] ✅️ Algebra ℝ ℝ ≟ Algebra ℝ ℝ
            [Meta.synthInstance] ✅️ Semiring ℝ
              [Meta.synthInstance] ✅️ new goal Semiring ℝ
                [Meta.synthInstance.instances] #[@Ring.toSemiring, @CommSemiring.toSemiring, @DivisionSemiring.toSemiring, @IdemSemiring.toSemiring, Real.semiring]
              [Meta.synthInstance.apply] ✅️ apply Real.semiring to Semiring ℝ
                [Meta.synthInstance.tryResolve] ✅️ Semiring ℝ ≟ Semiring ℝ
                [Meta.synthInstance.answer] ✅️ Semiring ℝ
              [Meta.synthInstance] result Real.semiring
            [Meta.synthInstance] ✅️ CommSemiring ℝ
              [Meta.synthInstance] ✅️ new goal CommSemiring ℝ
                [Meta.synthInstance.instances] #[@CommRing.toCommSemiring, @Semifield.toCommSemiring, @IdemCommSemiring.toCommSemiring, Real.instCommSemiring]
              [Meta.synthInstance.apply] ✅️ apply Real.instCommSemiring to CommSemiring ℝ
                [Meta.synthInstance.tryResolve] ✅️ CommSemiring ℝ ≟ CommSemiring ℝ
                [Meta.synthInstance.answer] ✅️ CommSemiring ℝ
              [Meta.synthInstance] result Real.instCommSemiring
          [Meta.synthInstance.answer] ✅️ Algebra ℝ ℝ
        [Meta.synthInstance] result Algebra.id ℝ
    [Meta.synthInstance.answer] ✅️ SMulCommClass ℝ ℝ ℝ
  [Meta.synthInstance.resume] ✅️ propagating SMulCommClass ℝ ℝ
        ℝ to subgoal SMulCommClass ℝ ℝ ℝ of Module ℝ (StrongDual ℝ E)
    [Meta.synthInstance.resume] size: 2
    [Meta.synthInstance] ✅️ new goal ContinuousConstSMul ℝ ℝ
      [Meta.synthInstance.instances] #[@ContinuousSMul.continuousConstSMul, @IsScalarTower.continuousConstSMul, @SMulCommClass.continuousConstSMul, UniformContinuousConstSMul.instContinuousConstSMul, IsIsometricSMul.to_continuousConstSMul, @SeparatelyContinuousMul.to_continuousSMul]
  [Meta.synthInstance.apply] ✅️ apply @SeparatelyContinuousMul.to_continuousSMul to ContinuousConstSMul ℝ ℝ
    [Meta.synthInstance.tryResolve] ✅️ ContinuousConstSMul ℝ ℝ ≟ ContinuousConstSMul ℝ ℝ
      [Meta.synthInstance] ✅️ Mul ℝ
        [Meta.synthInstance] ✅️ new goal Mul ℝ
          [Meta.synthInstance.instances] #[@Lean.Grind.Semiring.toMul, @Semigroup.toMul, @CommMagma.toMul, @MulOne.toMul, @MulZeroClass.toMul, @Distrib.toMul, Real.instMul]
        [Meta.synthInstance.apply] ✅️ apply Real.instMul to Mul ℝ
          [Meta.synthInstance.tryResolve] ✅️ Mul ℝ ≟ Mul ℝ
          [Meta.synthInstance.answer] ✅️ Mul ℝ
        [Meta.synthInstance] result Real.instMul
    [Meta.synthInstance] ✅️ new goal SeparatelyContinuousMul ℝ
      [Meta.synthInstance.instances] #[@instSeparatelyContinuousMulOfContinuousMul, @IsSemitopologicalSemiring.toSeparatelyContinuousMul]
  [Meta.synthInstance.apply] ✅️ apply @IsSemitopologicalSemiring.toSeparatelyContinuousMul to SeparatelyContinuousMul ℝ
    [Meta.synthInstance.tryResolve] ✅️ SeparatelyContinuousMul ℝ ≟ SeparatelyContinuousMul ℝ
      [Meta.synthInstance] ✅️ NonUnitalNonAssocSemiring ℝ
        [Meta.synthInstance] result CommRing.toNonUnitalCommRing.toNonUnitalNonAssocCommRing.toNonUnitalNonAssocSemiring (cached)
    [Meta.synthInstance] ✅️ new goal IsSemitopologicalSemiring ℝ
      [Meta.synthInstance.instances] #[IsTopologicalSemiring.toIsSemitopologicalSemiring, @IsSemitopologicalRing.toIsSemitopologicalSemiring]
  [Meta.synthInstance.apply] ✅️ apply @IsSemitopologicalRing.toIsSemitopologicalSemiring to IsSemitopologicalSemiring ℝ
    [Meta.synthInstance.tryResolve] ✅️ IsSemitopologicalSemiring ℝ ≟ IsSemitopologicalSemiring ℝ
      [Meta.synthInstance] ✅️ NonUnitalNonAssocRing ℝ
        [Meta.synthInstance] result CommRing.toNonUnitalCommRing.toNonUnitalNonAssocCommRing.toNonUnitalNonAssocRing (cached)
    [Meta.synthInstance] ✅️ new goal IsSemitopologicalRing ℝ
      [Meta.synthInstance.instances] #[IsTopologicalRing.toIsSemitopologicalRing]
  [Meta.synthInstance.apply] ✅️ apply IsTopologicalRing.toIsSemitopologicalRing to IsSemitopologicalRing ℝ
    [Meta.synthInstance.tryResolve] ✅️ IsSemitopologicalRing ℝ ≟ IsSemitopologicalRing ℝ
    [Meta.synthInstance] ✅️ new goal IsTopologicalRing ℝ
      [Meta.synthInstance.instances] #[@DiscreteTopology.topologicalRing, @IsStrictOrderedRing.topologicalRing, @NonUnitalSeminormedRing.toIsTopologicalRing, @RingFilterBasis.isTopologicalRing, @IsTopologicalDivisionRing.toIsTopologicalRing, instIsTopologicalRingReal]
  [Meta.synthInstance.apply] ✅️ apply instIsTopologicalRingReal to IsTopologicalRing ℝ
    [Meta.synthInstance.tryResolve] ✅️ IsTopologicalRing ℝ ≟ IsTopologicalRing ℝ
    [Meta.synthInstance.answer] ✅️ IsTopologicalRing ℝ
  [Meta.synthInstance.resume] ✅️ propagating IsTopologicalRing
        ℝ to subgoal IsTopologicalRing ℝ of IsSemitopologicalRing ℝ
    [Meta.synthInstance.resume] size: 1
    [Meta.synthInstance.answer] ✅️ IsSemitopologicalRing ℝ
  [Meta.synthInstance.resume] ✅️ propagating IsSemitopologicalRing
        ℝ to subgoal IsSemitopologicalRing ℝ of IsSemitopologicalSemiring ℝ
    [Meta.synthInstance.resume] size: 2
    [Meta.synthInstance.answer] ✅️ IsSemitopologicalSemiring ℝ
  [Meta.synthInstance.resume] ✅️ propagating IsSemitopologicalSemiring
        ℝ to subgoal IsSemitopologicalSemiring ℝ of SeparatelyContinuousMul ℝ
    [Meta.synthInstance.resume] size: 3
    [Meta.synthInstance.answer] ✅️ SeparatelyContinuousMul ℝ
  [Meta.synthInstance.resume] ✅️ propagating SeparatelyContinuousMul
        ℝ to subgoal SeparatelyContinuousMul ℝ of ContinuousConstSMul ℝ ℝ
    [Meta.synthInstance.resume] size: 4
    [Meta.synthInstance.answer] ✅️ ContinuousConstSMul ℝ ℝ
  [Meta.synthInstance.resume] ✅️ propagating ContinuousConstSMul ℝ
        ℝ to subgoal ContinuousConstSMul ℝ ℝ of Module ℝ (StrongDual ℝ E)
    [Meta.synthInstance.resume] size: 7
    [Meta.synthInstance.answer] ✅️ Module ℝ (StrongDual ℝ E)
  [Meta.synthInstance] result module
[Meta.synthInstance] ✅️ Module ℝ ℝ
  [Meta.synthInstance] ✅️ new goal Module ℝ ℝ
    [Meta.synthInstance.instances] #[@Algebra.toModule, Module.complexToReal, @NormedSpace.toModule, @Semiring.toModule]
  [Meta.synthInstance.apply] ✅️ apply @Semiring.toModule to Module ℝ ℝ
    [Meta.synthInstance.tryResolve] ✅️ Module ℝ ℝ ≟ Module ℝ ℝ
    [Meta.synthInstance.answer] ✅️ Module ℝ ℝ
  [Meta.synthInstance] result Semiring.toModule
[Meta.synthInstance] 💥️ Norm ?m.35
  [Meta.synthInstance] ✅️ new goal Norm ?m.35
    [Meta.synthInstance.instances] #[@SeminormedAddGroup.toNorm, @SeminormedGroup.toNorm, @NormedAddGroup.toNorm, @NormedGroup.toNorm, @SeminormedAddCommGroup.toNorm, @SeminormedCommGroup.toNorm, @NormedAddCommGroup.toNorm, @NormedCommGroup.toNorm, @NonUnitalSeminormedRing.toNorm, @SeminormedRing.toNorm, @NonUnitalNormedRing.toNorm, @NormedRing.toNorm, @NormedDivisionRing.toNorm, @NormedField.toNorm, WithLp.instProdNorm, PiLp.instNorm, Real.norm, @NormedAddGroupHom.hasOpNorm, @Additive.toNorm, @ContinuousMap.instNorm, @ULift.norm, @ContinuousMultilinearMap.hasOpNorm, @ContinuousMultilinearMap.hasOpNorm', @Lp.instNorm, @ContinuousMapZero.instNorm, @hasOpNorm, @Multiplicative.toNorm, @QuotientGroup.instNorm, @QuotientAddGroup.instNorm, @SeparationQuotient.instMulNorm, @SeparationQuotient.instNorm, @OrderDual.toNorm, Complex.instNorm, @Prod.toNorm, @BoundedContinuousFunction.instNorm, UniformSpace.Completion.instNorm]
  [Meta.synthInstance.apply] 💥️ apply UniformSpace.Completion.instNorm to Norm ?m.35
    [Meta.synthInstance.tryResolve] 💥️ Norm ?m.35 ≟ Norm (UniformSpace.Completion ?m.38)
[Meta.synthInstance] ❌️ Norm (StrongDual ℝ E →L[ℝ] StrongDual ℝ E →L[ℝ] ℝ)
  [Meta.synthInstance] ✅️ new goal Norm (StrongDual ℝ E →L[ℝ] StrongDual ℝ E →L[ℝ] ℝ)
    [Meta.synthInstance.instances] #[@SeminormedAddGroup.toNorm, @SeminormedGroup.toNorm, @NormedAddGroup.toNorm, @NormedGroup.toNorm, @SeminormedAddCommGroup.toNorm, @SeminormedCommGroup.toNorm, @NormedAddCommGroup.toNorm, @NormedCommGroup.toNorm, @NonUnitalSeminormedRing.toNorm, @SeminormedRing.toNorm, @NonUnitalNormedRing.toNorm, @NormedRing.toNorm, @NormedDivisionRing.toNorm, @NormedField.toNorm, @hasOpNorm]
  [Meta.synthInstance.apply] ❌️ apply @hasOpNorm to Norm (StrongDual ℝ E →L[ℝ] StrongDual ℝ E →L[ℝ] ℝ)
    [Meta.synthInstance.tryResolve] ❌️ Norm
          (StrongDual ℝ E →L[ℝ] StrongDual ℝ E →L[ℝ] ℝ) ≟ Norm (?m.40 →SL[?m.48] ?m.41)
      [Meta.synthInstance] ✅️ NontriviallyNormedField ℝ
        [Meta.synthInstance] ✅️ new goal NontriviallyNormedField ℝ
          [Meta.synthInstance.instances] #[@DenselyNormedField.toNontriviallyNormedField]
        [Meta.synthInstance.apply] ✅️ apply @DenselyNormedField.toNontriviallyNormedField to NontriviallyNormedField ℝ
          [Meta.synthInstance.tryResolve] ✅️ NontriviallyNormedField ℝ ≟ NontriviallyNormedField ℝ
          [Meta.synthInstance] ✅️ new goal DenselyNormedField ℝ
            [Meta.synthInstance.instances] #[@RCLike.toDenselyNormedField, Real.denselyNormedField]
        [Meta.synthInstance.apply] ✅️ apply Real.denselyNormedField to DenselyNormedField ℝ
          [Meta.synthInstance.tryResolve] ✅️ DenselyNormedField ℝ ≟ DenselyNormedField ℝ
          [Meta.synthInstance.answer] ✅️ DenselyNormedField ℝ
        [Meta.synthInstance.resume] ✅️ propagating DenselyNormedField
              ℝ to subgoal DenselyNormedField ℝ of NontriviallyNormedField ℝ
          [Meta.synthInstance.resume] size: 1
          [Meta.synthInstance.answer] ✅️ NontriviallyNormedField ℝ
        [Meta.synthInstance] result DenselyNormedField.toNontriviallyNormedField
      [Meta.synthInstance] ✅️ NontriviallyNormedField ℝ
        [Meta.synthInstance] result DenselyNormedField.toNontriviallyNormedField (cached)
      [Meta.synthInstance] ✅️ SeminormedAddCommGroup (StrongDual ℝ E)
        [Meta.synthInstance] ✅️ new goal SeminormedAddCommGroup (StrongDual ℝ E)
          [Meta.synthInstance.instances] #[@NormedAddCommGroup.toSeminormedAddCommGroup, @NonUnitalSeminormedRing.toSeminormedAddCommGroup, @toSeminormedAddCommGroup]
        [Meta.synthInstance.apply] ✅️ apply @toSeminormedAddCommGroup to SeminormedAddCommGroup (StrongDual ℝ E)
          [Meta.synthInstance.tryResolve] ✅️ SeminormedAddCommGroup
                (StrongDual ℝ E) ≟ SeminormedAddCommGroup (E →L[ℝ] ℝ)
            [Meta.synthInstance] ✅️ NontriviallyNormedField ℝ
              [Meta.synthInstance] ✅️ new goal NontriviallyNormedField ℝ
                [Meta.synthInstance.instances] #[@DenselyNormedField.toNontriviallyNormedField]
              [Meta.synthInstance.apply] ✅️ apply @DenselyNormedField.toNontriviallyNormedField to NontriviallyNormedField
                    ℝ
                [Meta.synthInstance.tryResolve] ✅️ NontriviallyNormedField ℝ ≟ NontriviallyNormedField ℝ
                [Meta.synthInstance] ✅️ new goal DenselyNormedField ℝ
                  [Meta.synthInstance.instances] #[@RCLike.toDenselyNormedField, Real.denselyNormedField]
              [Meta.synthInstance.apply] ✅️ apply Real.denselyNormedField to DenselyNormedField ℝ
                [Meta.synthInstance.tryResolve] ✅️ DenselyNormedField ℝ ≟ DenselyNormedField ℝ
                [Meta.synthInstance.answer] ✅️ DenselyNormedField ℝ
              [Meta.synthInstance.resume] ✅️ propagating DenselyNormedField
                    ℝ to subgoal DenselyNormedField ℝ of NontriviallyNormedField ℝ
                [Meta.synthInstance.resume] size: 1
                [Meta.synthInstance.answer] ✅️ NontriviallyNormedField ℝ
              [Meta.synthInstance] result DenselyNormedField.toNontriviallyNormedField
            [Meta.synthInstance] ✅️ NontriviallyNormedField ℝ
              [Meta.synthInstance] result DenselyNormedField.toNontriviallyNormedField (cached)
            [Meta.synthInstance] ✅️ SeminormedAddCommGroup E
              [Meta.synthInstance] ✅️ new goal SeminormedAddCommGroup E
                [Meta.synthInstance.instances] #[@NormedAddCommGroup.toSeminormedAddCommGroup, @NonUnitalSeminormedRing.toSeminormedAddCommGroup]
              [Meta.synthInstance.apply] ✅️ apply @NonUnitalSeminormedRing.toSeminormedAddCommGroup to SeminormedAddCommGroup
                    E
                [Meta.synthInstance.tryResolve] ✅️ SeminormedAddCommGroup E ≟ SeminormedAddCommGroup E
                [Meta.synthInstance] ✅️ new goal NonUnitalSeminormedRing E
                  [Meta.synthInstance.instances] #[@SeminormedRing.toNonUnitalSeminormedRing, @NonUnitalNormedRing.toNonUnitalSeminormedRing, @NonUnitalSeminormedCommRing.toNonUnitalSeminormedRing]
              [Meta.synthInstance.apply] ✅️ apply @NonUnitalSeminormedCommRing.toNonUnitalSeminormedRing to NonUnitalSeminormedRing
                    E
                [Meta.synthInstance.tryResolve] ✅️ NonUnitalSeminormedRing E ≟ NonUnitalSeminormedRing E
                [Meta.synthInstance] ✅️ new goal NonUnitalSeminormedCommRing E
                  [Meta.synthInstance.instances] #[@NonUnitalNormedCommRing.toNonUnitalSeminormedCommRing, @SeminormedCommRing.toNonUnitalSeminormedCommRing]
              [Meta.synthInstance.apply] ✅️ apply @SeminormedCommRing.toNonUnitalSeminormedCommRing to NonUnitalSeminormedCommRing
                    E
                [Meta.synthInstance.tryResolve] ✅️ NonUnitalSeminormedCommRing E ≟ NonUnitalSeminormedCommRing E
                [Meta.synthInstance] ✅️ new goal SeminormedCommRing E
                  [Meta.synthInstance.instances] #[@NormedCommRing.toSeminormedCommRing]
              [Meta.synthInstance.apply] ✅️ apply @NormedCommRing.toSeminormedCommRing to SeminormedCommRing E
                [Meta.synthInstance.tryResolve] ✅️ SeminormedCommRing E ≟ SeminormedCommRing E
                [Meta.synthInstance] ✅️ new goal NormedCommRing E
                  [Meta.synthInstance.instances] #[@NormedField.toNormedCommRing, @CommCStarAlgebra.toNormedCommRing]
              [Meta.synthInstance.apply] ✅️ apply @CommCStarAlgebra.toNormedCommRing to NormedCommRing E
                [Meta.synthInstance.tryResolve] ✅️ NormedCommRing E ≟ NormedCommRing E
                [Meta.synthInstance] ✅️ no instances for CommCStarAlgebra E
                  [Meta.synthInstance.instances] #[]
              [Meta.synthInstance.apply] ✅️ apply @NormedField.toNormedCommRing to NormedCommRing E
                [Meta.synthInstance.tryResolve] ✅️ NormedCommRing E ≟ NormedCommRing E
                [Meta.synthInstance] ✅️ new goal NormedField E
                  [Meta.synthInstance.instances] #[@NontriviallyNormedField.toNormedField, @DenselyNormedField.toNormedField]
              [Meta.synthInstance.apply] ✅️ apply @DenselyNormedField.toNormedField to NormedField E
                [Meta.synthInstance.tryResolve] ✅️ NormedField E ≟ NormedField E
                [Meta.synthInstance] ✅️ new goal DenselyNormedField E
                  [Meta.synthInstance.instances] #[@RCLike.toDenselyNormedField]
              [Meta.synthInstance.apply] ✅️ apply @RCLike.toDenselyNormedField to DenselyNormedField E
                [Meta.synthInstance.tryResolve] ✅️ DenselyNormedField E ≟ DenselyNormedField E
                [Meta.synthInstance] ✅️ no instances for RCLike E
                  [Meta.synthInstance.instances] #[]
              [Meta.synthInstance.apply] ✅️ apply @NontriviallyNormedField.toNormedField to NormedField E
                [Meta.synthInstance.tryResolve] ✅️ NormedField E ≟ NormedField E
                [Meta.synthInstance] ✅️ new goal NontriviallyNormedField E
                  [Meta.synthInstance.instances] #[@DenselyNormedField.toNontriviallyNormedField]
              [Meta.synthInstance.apply] ✅️ apply @DenselyNormedField.toNontriviallyNormedField to NontriviallyNormedField
                    E
                [Meta.synthInstance.tryResolve] ✅️ NontriviallyNormedField E ≟ NontriviallyNormedField E
              [Meta.synthInstance.apply] ✅️ apply @NonUnitalNormedCommRing.toNonUnitalSeminormedCommRing to NonUnitalSeminormedCommRing
                    E
                [Meta.synthInstance.tryResolve] ✅️ NonUnitalSeminormedCommRing E ≟ NonUnitalSeminormedCommRing E
                [Meta.synthInstance] ✅️ new goal NonUnitalNormedCommRing E
                  [Meta.synthInstance.instances] #[@NormedCommRing.toNonUnitalNormedCommRing, @NonUnitalCommCStarAlgebra.toNonUnitalNormedCommRing]
              [Meta.synthInstance.apply] ✅️ apply @NonUnitalCommCStarAlgebra.toNonUnitalNormedCommRing to NonUnitalNormedCommRing
                    E
                [Meta.synthInstance.tryResolve] ✅️ NonUnitalNormedCommRing E ≟ NonUnitalNormedCommRing E
                [Meta.synthInstance] ✅️ new goal NonUnitalCommCStarAlgebra E
                  [Meta.synthInstance.instances] #[CommCStarAlgebra.toNonUnitalCommCStarAlgebra]
              [Meta.synthInstance.apply] ✅️ apply CommCStarAlgebra.toNonUnitalCommCStarAlgebra to NonUnitalCommCStarAlgebra
                    E
                [Meta.synthInstance.tryResolve] ✅️ NonUnitalCommCStarAlgebra E ≟ NonUnitalCommCStarAlgebra E
                [Meta.synthInstance] ✅️ no instances for CommCStarAlgebra E
                  [Meta.synthInstance.instances] #[]
              [Meta.synthInstance.apply] ✅️ apply @NormedCommRing.toNonUnitalNormedCommRing to NonUnitalNormedCommRing E
                [Meta.synthInstance.tryResolve] ✅️ NonUnitalNormedCommRing E ≟ NonUnitalNormedCommRing E
              [Meta.synthInstance.apply] ✅️ apply @NonUnitalNormedRing.toNonUnitalSeminormedRing to NonUnitalSeminormedRing
                    E
                [Meta.synthInstance.tryResolve] ✅️ NonUnitalSeminormedRing E ≟ NonUnitalSeminormedRing E
                [Meta.synthInstance] ✅️ new goal NonUnitalNormedRing E
                  [Meta.synthInstance.instances] #[@NormedRing.toNonUnitalNormedRing, @NonUnitalNormedCommRing.toNonUnitalNormedRing, @NonUnitalCStarAlgebra.toNonUnitalNormedRing]
              [Meta.synthInstance.apply] ✅️ apply @NonUnitalCStarAlgebra.toNonUnitalNormedRing to NonUnitalNormedRing E
                [Meta.synthInstance.tryResolve] ✅️ NonUnitalNormedRing E ≟ NonUnitalNormedRing E
                [Meta.synthInstance] ✅️ new goal NonUnitalCStarAlgebra E
                  [Meta.synthInstance.instances] #[CStarAlgebra.toNonUnitalCStarAlgebra, @NonUnitalCommCStarAlgebra.toNonUnitalCStarAlgebra]
              [Meta.synthInstance.apply] ✅️ apply @NonUnitalCommCStarAlgebra.toNonUnitalCStarAlgebra to NonUnitalCStarAlgebra
                    E
                [Meta.synthInstance.tryResolve] ✅️ NonUnitalCStarAlgebra E ≟ NonUnitalCStarAlgebra E
              [Meta.synthInstance.apply] ✅️ apply CStarAlgebra.toNonUnitalCStarAlgebra to NonUnitalCStarAlgebra E
                [Meta.synthInstance.tryResolve] ✅️ NonUnitalCStarAlgebra E ≟ NonUnitalCStarAlgebra E
                [Meta.synthInstance] ✅️ new goal CStarAlgebra E
                  [Meta.synthInstance.instances] #[@CommCStarAlgebra.toCStarAlgebra]
              [Meta.synthInstance.apply] ✅️ apply @CommCStarAlgebra.toCStarAlgebra to CStarAlgebra E
                [Meta.synthInstance.tryResolve] ✅️ CStarAlgebra E ≟ CStarAlgebra E
                [Meta.synthInstance] ✅️ no instances for CommCStarAlgebra E
                  [Meta.synthInstance.instances] #[]
              [Meta.synthInstance.apply] ✅️ apply @NonUnitalNormedCommRing.toNonUnitalNormedRing to NonUnitalNormedRing
                    E
                [Meta.synthInstance.tryResolve] ✅️ NonUnitalNormedRing E ≟ NonUnitalNormedRing E
              [Meta.synthInstance.apply] ✅️ apply @NormedRing.toNonUnitalNormedRing to NonUnitalNormedRing E
                [Meta.synthInstance.tryResolve] ✅️ NonUnitalNormedRing E ≟ NonUnitalNormedRing E
                [Meta.synthInstance] ✅️ new goal NormedRing E
                  [Meta.synthInstance.instances] #[@NormedDivisionRing.toNormedRing, @NormedCommRing.toNormedRing, @CStarAlgebra.toNormedRing]
              [Meta.synthInstance.apply] ✅️ apply @CStarAlgebra.toNormedRing to NormedRing E
                [Meta.synthInstance.tryResolve] ✅️ NormedRing E ≟ NormedRing E
              [Meta.synthInstance.apply] ✅️ apply @NormedCommRing.toNormedRing to NormedRing E
                [Meta.synthInstance.tryResolve] ✅️ NormedRing E ≟ NormedRing E
              [Meta.synthInstance.apply] ✅️ apply @NormedDivisionRing.toNormedRing to NormedRing E
                [Meta.synthInstance.tryResolve] ✅️ NormedRing E ≟ NormedRing E
                [Meta.synthInstance] ✅️ new goal NormedDivisionRing E
                  [Meta.synthInstance.instances] #[@NormedField.toNormedDivisionRing]
              [Meta.synthInstance.apply] ✅️ apply @NormedField.toNormedDivisionRing to NormedDivisionRing E
                [Meta.synthInstance.tryResolve] ✅️ NormedDivisionRing E ≟ NormedDivisionRing E
              [Meta.synthInstance.apply] ✅️ apply @SeminormedRing.toNonUnitalSeminormedRing to NonUnitalSeminormedRing E
                [Meta.synthInstance.tryResolve] ✅️ NonUnitalSeminormedRing E ≟ NonUnitalSeminormedRing E
                [Meta.synthInstance] ✅️ new goal SeminormedRing E
                  [Meta.synthInstance.instances] #[@NormedRing.toSeminormedRing, @SeminormedCommRing.toSeminormedRing]
              [Meta.synthInstance.apply] ✅️ apply @SeminormedCommRing.toSeminormedRing to SeminormedRing E
                [Meta.synthInstance.tryResolve] ✅️ SeminormedRing E ≟ SeminormedRing E
              [Meta.synthInstance.apply] ✅️ apply @NormedRing.toSeminormedRing to SeminormedRing E
                [Meta.synthInstance.tryResolve] ✅️ SeminormedRing E ≟ SeminormedRing E
              [Meta.synthInstance.apply] ✅️ apply @NormedAddCommGroup.toSeminormedAddCommGroup to SeminormedAddCommGroup
                    E
                [Meta.synthInstance.tryResolve] ✅️ SeminormedAddCommGroup E ≟ SeminormedAddCommGroup E
                [Meta.synthInstance] ✅️ new goal NormedAddCommGroup E
                  [Meta.synthInstance.instances] #[@NonUnitalNormedRing.toNormedAddCommGroup, inst✝¹]
              [Meta.synthInstance.apply] ✅️ apply inst✝¹ to NormedAddCommGroup E
                [Meta.synthInstance.tryResolve] ✅️ NormedAddCommGroup E ≟ NormedAddCommGroup E
                [Meta.synthInstance.answer] ✅️ NormedAddCommGroup E
              [Meta.synthInstance.resume] ✅️ propagating NormedAddCommGroup
                    E to subgoal NormedAddCommGroup E of SeminormedAddCommGroup E
                [Meta.synthInstance.resume] size: 1
                [Meta.synthInstance.answer] ✅️ SeminormedAddCommGroup E
              [Meta.synthInstance] result NormedAddCommGroup.toSeminormedAddCommGroup
            [Meta.synthInstance] ✅️ SeminormedAddCommGroup ℝ
              [Meta.synthInstance] ✅️ new goal SeminormedAddCommGroup ℝ
                [Meta.synthInstance.instances] #[@NormedAddCommGroup.toSeminormedAddCommGroup, @NonUnitalSeminormedRing.toSeminormedAddCommGroup]
              [Meta.synthInstance.apply] ✅️ apply @NonUnitalSeminormedRing.toSeminormedAddCommGroup to SeminormedAddCommGroup
                    ℝ
                [Meta.synthInstance.tryResolve] ✅️ SeminormedAddCommGroup ℝ ≟ SeminormedAddCommGroup ℝ
                [Meta.synthInstance] ✅️ new goal NonUnitalSeminormedRing ℝ
                  [Meta.synthInstance.instances] #[@SeminormedRing.toNonUnitalSeminormedRing, @NonUnitalNormedRing.toNonUnitalSeminormedRing, @NonUnitalSeminormedCommRing.toNonUnitalSeminormedRing]
              [Meta.synthInstance.apply] ✅️ apply @NonUnitalSeminormedCommRing.toNonUnitalSeminormedRing to NonUnitalSeminormedRing
                    ℝ
                [Meta.synthInstance.tryResolve] ✅️ NonUnitalSeminormedRing ℝ ≟ NonUnitalSeminormedRing ℝ
                [Meta.synthInstance] ✅️ new goal NonUnitalSeminormedCommRing ℝ
                  [Meta.synthInstance.instances] #[@NonUnitalNormedCommRing.toNonUnitalSeminormedCommRing, @SeminormedCommRing.toNonUnitalSeminormedCommRing]
              [Meta.synthInstance.apply] ✅️ apply @SeminormedCommRing.toNonUnitalSeminormedCommRing to NonUnitalSeminormedCommRing
                    ℝ
                [Meta.synthInstance.tryResolve] ✅️ NonUnitalSeminormedCommRing ℝ ≟ NonUnitalSeminormedCommRing ℝ
                [Meta.synthInstance] ✅️ new goal SeminormedCommRing ℝ
                  [Meta.synthInstance.instances] #[@NormedCommRing.toSeminormedCommRing]
              [Meta.synthInstance.apply] ✅️ apply @NormedCommRing.toSeminormedCommRing to SeminormedCommRing ℝ
                [Meta.synthInstance.tryResolve] ✅️ SeminormedCommRing ℝ ≟ SeminormedCommRing ℝ
                [Meta.synthInstance] ✅️ new goal NormedCommRing ℝ
                  [Meta.synthInstance.instances] #[@NormedField.toNormedCommRing, @CommCStarAlgebra.toNormedCommRing, Real.normedCommRing]
              [Meta.synthInstance.apply] ✅️ apply Real.normedCommRing to NormedCommRing ℝ
                [Meta.synthInstance.tryResolve] ✅️ NormedCommRing ℝ ≟ NormedCommRing ℝ
                [Meta.synthInstance.answer] ✅️ NormedCommRing ℝ
              [Meta.synthInstance.resume] ✅️ propagating NormedCommRing
                    ℝ to subgoal NormedCommRing ℝ of SeminormedCommRing ℝ
                [Meta.synthInstance.resume] size: 1
                [Meta.synthInstance.answer] ✅️ SeminormedCommRing ℝ
              [Meta.synthInstance.resume] ✅️ propagating SeminormedCommRing
                    ℝ to subgoal SeminormedCommRing ℝ of NonUnitalSeminormedCommRing ℝ
                [Meta.synthInstance.resume] size: 2
                [Meta.synthInstance.answer] ✅️ NonUnitalSeminormedCommRing ℝ
              [Meta.synthInstance.resume] ✅️ propagating NonUnitalSeminormedCommRing
                    ℝ to subgoal NonUnitalSeminormedCommRing ℝ of NonUnitalSeminormedRing ℝ
                [Meta.synthInstance.resume] size: 3
                [Meta.synthInstance.answer] ✅️ NonUnitalSeminormedRing ℝ
              [Meta.synthInstance.resume] ✅️ propagating NonUnitalSeminormedRing
                    ℝ to subgoal NonUnitalSeminormedRing ℝ of SeminormedAddCommGroup ℝ
                [Meta.synthInstance.resume] size: 4
                [Meta.synthInstance.answer] ✅️ SeminormedAddCommGroup ℝ
              [Meta.synthInstance] result NonUnitalSeminormedRing.toSeminormedAddCommGroup
            [Meta.synthInstance] ✅️ NormedSpace ℝ E
              [Meta.synthInstance] ✅️ new goal NormedSpace ℝ E
                [Meta.synthInstance.instances] #[@NormedAlgebra.toNormedSpace, @NormedSpace.complexToReal, @NormedField.toNormedSpace, @InnerProductSpace.toNormedSpace, inst✝]
              [Meta.synthInstance.apply] ✅️ apply inst✝ to NormedSpace ℝ E
                [Meta.synthInstance.tryResolve] ✅️ NormedSpace ℝ E ≟ NormedSpace ℝ E
                [Meta.synthInstance.answer] ✅️ NormedSpace ℝ E
              [Meta.synthInstance] result inst✝
            [Meta.synthInstance] ✅️ NormedSpace ℝ ℝ
              [Meta.synthInstance] ✅️ new goal NormedSpace ℝ ℝ
                [Meta.synthInstance.instances] #[@NormedAlgebra.toNormedSpace, @NormedSpace.complexToReal, @NormedField.toNormedSpace, @InnerProductSpace.toNormedSpace, inst✝]
              [Meta.synthInstance.apply] ❌️ apply inst✝ to NormedSpace ℝ ℝ
                [Meta.synthInstance.tryResolve] ❌️ NormedSpace ℝ ℝ ≟ NormedSpace ℝ E
              [Meta.synthInstance.apply] ❌️ apply @InnerProductSpace.toNormedSpace to NormedSpace ℝ ℝ
                [Meta.synthInstance.tryResolve] ❌️ NormedSpace ℝ ℝ ≟ NormedSpace ?m.63 ?m.64
              [Meta.synthInstance.apply] ✅️ apply @NormedField.toNormedSpace to NormedSpace ℝ ℝ
                [Meta.synthInstance.tryResolve] ✅️ NormedSpace ℝ ℝ ≟ NormedSpace ℝ ℝ
                [Meta.synthInstance.answer] ✅️ NormedSpace ℝ ℝ
              [Meta.synthInstance] result NormedField.toNormedSpace
          [Meta.synthInstance] ✅️ new goal RingHomIsometric (RingHom.id ℝ)
            [Meta.synthInstance.instances] #[@RingHomIsometric.ids]
        [Meta.synthInstance.apply] ✅️ apply @RingHomIsometric.ids to RingHomIsometric (RingHom.id ℝ)
          [Meta.synthInstance.tryResolve] ✅️ RingHomIsometric (RingHom.id ℝ) ≟ RingHomIsometric (RingHom.id ℝ)
            [Meta.synthInstance] ✅️ SeminormedRing ℝ
              [Meta.synthInstance] ✅️ new goal SeminormedRing ℝ
                [Meta.synthInstance.instances] #[@NormedRing.toSeminormedRing, @SeminormedCommRing.toSeminormedRing]
              [Meta.synthInstance.apply] ✅️ apply @SeminormedCommRing.toSeminormedRing to SeminormedRing ℝ
                [Meta.synthInstance.tryResolve] ✅️ SeminormedRing ℝ ≟ SeminormedRing ℝ
                [Meta.synthInstance] ✅️ new goal SeminormedCommRing ℝ
                  [Meta.synthInstance.instances] #[@NormedCommRing.toSeminormedCommRing]
              [Meta.synthInstance.apply] ✅️ apply @NormedCommRing.toSeminormedCommRing to SeminormedCommRing ℝ
                [Meta.synthInstance.tryResolve] ✅️ SeminormedCommRing ℝ ≟ SeminormedCommRing ℝ
                [Meta.synthInstance] ✅️ new goal NormedCommRing ℝ
                  [Meta.synthInstance.instances] #[@NormedField.toNormedCommRing, @CommCStarAlgebra.toNormedCommRing, Real.normedCommRing]
              [Meta.synthInstance.apply] ✅️ apply Real.normedCommRing to NormedCommRing ℝ
                [Meta.synthInstance.tryResolve] ✅️ NormedCommRing ℝ ≟ NormedCommRing ℝ
                [Meta.synthInstance.answer] ✅️ NormedCommRing ℝ
              [Meta.synthInstance.resume] ✅️ propagating NormedCommRing
                    ℝ to subgoal NormedCommRing ℝ of SeminormedCommRing ℝ
                [Meta.synthInstance.resume] size: 1
                [Meta.synthInstance.answer] ✅️ SeminormedCommRing ℝ
              [Meta.synthInstance.resume] ✅️ propagating SeminormedCommRing
                    ℝ to subgoal SeminormedCommRing ℝ of SeminormedRing ℝ
                [Meta.synthInstance.resume] size: 2
                [Meta.synthInstance.answer] ✅️ SeminormedRing ℝ
              [Meta.synthInstance] result NormedCommRing.toSeminormedCommRing.toSeminormedRing
          [Meta.synthInstance.answer] ✅️ RingHomIsometric (RingHom.id ℝ)
        [Meta.synthInstance.resume] ✅️ propagating RingHomIsometric
              (RingHom.id ℝ) to subgoal RingHomIsometric (RingHom.id ℝ) of SeminormedAddCommGroup (StrongDual ℝ E)
          [Meta.synthInstance.resume] size: 1
          [Meta.synthInstance.answer] ✅️ SeminormedAddCommGroup (StrongDual ℝ E)
        [Meta.synthInstance] result toSeminormedAddCommGroup
      [Meta.synthInstance] ❌️ SeminormedAddCommGroup (StrongDual ℝ E →L[ℝ] ℝ)
        [Meta.synthInstance] ✅️ new goal SeminormedAddCommGroup (StrongDual ℝ E →L[ℝ] ℝ)
          [Meta.synthInstance.instances] #[@NormedAddCommGroup.toSeminormedAddCommGroup, @NonUnitalSeminormedRing.toSeminormedAddCommGroup, @toSeminormedAddCommGroup]
        [Meta.synthInstance.apply] ❌️ apply @toSeminormedAddCommGroup to SeminormedAddCommGroup (StrongDual ℝ E →L[ℝ] ℝ)
          [Meta.synthInstance.tryResolve] ❌️ SeminormedAddCommGroup
                (StrongDual ℝ E →L[ℝ] ℝ) ≟ SeminormedAddCommGroup (?m.52 →SL[?m.60] ?m.53)
            [Meta.synthInstance] ✅️ NontriviallyNormedField ℝ
              [Meta.synthInstance] result DenselyNormedField.toNontriviallyNormedField (cached)
            [Meta.synthInstance] ✅️ NontriviallyNormedField ℝ
              [Meta.synthInstance] result DenselyNormedField.toNontriviallyNormedField (cached)
            [Meta.synthInstance] ❌️ SeminormedAddCommGroup (StrongDual ℝ E)
              [Meta.synthInstance] ✅️ new goal SeminormedAddCommGroup (StrongDual ℝ E)
                [Meta.synthInstance.instances] #[@NormedAddCommGroup.toSeminormedAddCommGroup, @NonUnitalSeminormedRing.toSeminormedAddCommGroup, @toSeminormedAddCommGroup]
              [Meta.synthInstance.apply] ❌️ apply @toSeminormedAddCommGroup to SeminormedAddCommGroup (StrongDual ℝ E)
                [Meta.synthInstance.tryResolve] ❌️ SeminormedAddCommGroup
                      (StrongDual ℝ E) ≟ SeminormedAddCommGroup (?m.65 →SL[?m.73] ?m.66)
              [Meta.synthInstance.apply] ✅️ apply @NonUnitalSeminormedRing.toSeminormedAddCommGroup to SeminormedAddCommGroup
                    (StrongDual ℝ E)
                [Meta.synthInstance.tryResolve] ✅️ SeminormedAddCommGroup
                      (StrongDual ℝ E) ≟ SeminormedAddCommGroup (StrongDual ℝ E)
                [Meta.synthInstance] ✅️ new goal NonUnitalSeminormedRing (StrongDual ℝ E)
                  [Meta.synthInstance.instances] #[@SeminormedRing.toNonUnitalSeminormedRing, @NonUnitalNormedRing.toNonUnitalSeminormedRing, @NonUnitalSeminormedCommRing.toNonUnitalSeminormedRing]
              [Meta.synthInstance.apply] ✅️ apply @NonUnitalSeminormedCommRing.toNonUnitalSeminormedRing to NonUnitalSeminormedRing
                    (StrongDual ℝ E)
                [Meta.synthInstance.tryResolve] ✅️ NonUnitalSeminormedRing
                      (StrongDual ℝ E) ≟ NonUnitalSeminormedRing (StrongDual ℝ E)
                [Meta.synthInstance] ✅️ new goal NonUnitalSeminormedCommRing (StrongDual ℝ E)
                  [Meta.synthInstance.instances] #[@NonUnitalNormedCommRing.toNonUnitalSeminormedCommRing, @SeminormedCommRing.toNonUnitalSeminormedCommRing]
              [Meta.synthInstance.apply] ✅️ apply @SeminormedCommRing.toNonUnitalSeminormedCommRing to NonUnitalSeminormedCommRing
                    (StrongDual ℝ E)
                [Meta.synthInstance.tryResolve] ✅️ NonUnitalSeminormedCommRing
                      (StrongDual ℝ E) ≟ NonUnitalSeminormedCommRing (StrongDual ℝ E)
                [Meta.synthInstance] ✅️ new goal SeminormedCommRing (StrongDual ℝ E)
                  [Meta.synthInstance.instances] #[@NormedCommRing.toSeminormedCommRing]
              [Meta.synthInstance.apply] ✅️ apply @NormedCommRing.toSeminormedCommRing to SeminormedCommRing
                    (StrongDual ℝ E)
                [Meta.synthInstance.tryResolve] ✅️ SeminormedCommRing
                      (StrongDual ℝ E) ≟ SeminormedCommRing (StrongDual ℝ E)
                [Meta.synthInstance] ✅️ new goal NormedCommRing (StrongDual ℝ E)
                  [Meta.synthInstance.instances] #[@NormedField.toNormedCommRing, @CommCStarAlgebra.toNormedCommRing]
              [Meta.synthInstance.apply] ✅️ apply @CommCStarAlgebra.toNormedCommRing to NormedCommRing (StrongDual ℝ E)
                [Meta.synthInstance.tryResolve] ✅️ NormedCommRing (StrongDual ℝ E) ≟ NormedCommRing (StrongDual ℝ E)
                [Meta.synthInstance] ✅️ no instances for CommCStarAlgebra (StrongDual ℝ E)
                  [Meta.synthInstance.instances] #[]
              [Meta.synthInstance.apply] ✅️ apply @NormedField.toNormedCommRing to NormedCommRing (StrongDual ℝ E)
                [Meta.synthInstance.tryResolve] ✅️ NormedCommRing (StrongDual ℝ E) ≟ NormedCommRing (StrongDual ℝ E)
                [Meta.synthInstance] ✅️ new goal NormedField (StrongDual ℝ E)
                  [Meta.synthInstance.instances] #[@NontriviallyNormedField.toNormedField, @DenselyNormedField.toNormedField]
              [Meta.synthInstance.apply] ✅️ apply @DenselyNormedField.toNormedField to NormedField (StrongDual ℝ E)
                [Meta.synthInstance.tryResolve] ✅️ NormedField (StrongDual ℝ E) ≟ NormedField (StrongDual ℝ E)
                [Meta.synthInstance] ✅️ new goal DenselyNormedField (StrongDual ℝ E)
                  [Meta.synthInstance.instances] #[@RCLike.toDenselyNormedField]
              [Meta.synthInstance.apply] ✅️ apply @RCLike.toDenselyNormedField to DenselyNormedField (StrongDual ℝ E)
                [Meta.synthInstance.tryResolve] ✅️ DenselyNormedField
                      (StrongDual ℝ E) ≟ DenselyNormedField (StrongDual ℝ E)
                [Meta.synthInstance] ✅️ no instances for RCLike (StrongDual ℝ E)
                  [Meta.synthInstance.instances] #[]
              [Meta.synthInstance.apply] ✅️ apply @NontriviallyNormedField.toNormedField to NormedField (StrongDual ℝ E)
                [Meta.synthInstance.tryResolve] ✅️ NormedField (StrongDual ℝ E) ≟ NormedField (StrongDual ℝ E)
                [Meta.synthInstance] ✅️ new goal NontriviallyNormedField (StrongDual ℝ E)
                  [Meta.synthInstance.instances] #[@DenselyNormedField.toNontriviallyNormedField]
              [Meta.synthInstance.apply] ✅️ apply @DenselyNormedField.toNontriviallyNormedField to NontriviallyNormedField
                    (StrongDual ℝ E)
                [Meta.synthInstance.tryResolve] ✅️ NontriviallyNormedField
                      (StrongDual ℝ E) ≟ NontriviallyNormedField (StrongDual ℝ E)
              [Meta.synthInstance.apply] ✅️ apply @NonUnitalNormedCommRing.toNonUnitalSeminormedCommRing to NonUnitalSeminormedCommRing
                    (StrongDual ℝ E)
                [Meta.synthInstance.tryResolve] ✅️ NonUnitalSeminormedCommRing
                      (StrongDual ℝ E) ≟ NonUnitalSeminormedCommRing (StrongDual ℝ E)
                [Meta.synthInstance] ✅️ new goal NonUnitalNormedCommRing (StrongDual ℝ E)
                  [Meta.synthInstance.instances] #[@NormedCommRing.toNonUnitalNormedCommRing, @NonUnitalCommCStarAlgebra.toNonUnitalNormedCommRing]
              [Meta.synthInstance.apply] ✅️ apply @NonUnitalCommCStarAlgebra.toNonUnitalNormedCommRing to NonUnitalNormedCommRing
                    (StrongDual ℝ E)
                [Meta.synthInstance.tryResolve] ✅️ NonUnitalNormedCommRing
                      (StrongDual ℝ E) ≟ NonUnitalNormedCommRing (StrongDual ℝ E)
                [Meta.synthInstance] ✅️ new goal NonUnitalCommCStarAlgebra (StrongDual ℝ E)
                  [Meta.synthInstance.instances] #[CommCStarAlgebra.toNonUnitalCommCStarAlgebra]
              [Meta.synthInstance.apply] ✅️ apply CommCStarAlgebra.toNonUnitalCommCStarAlgebra to NonUnitalCommCStarAlgebra
                    (StrongDual ℝ E)
                [Meta.synthInstance.tryResolve] ✅️ NonUnitalCommCStarAlgebra
                      (StrongDual ℝ E) ≟ NonUnitalCommCStarAlgebra (StrongDual ℝ E)
                [Meta.synthInstance] ✅️ no instances for CommCStarAlgebra (StrongDual ℝ E)
                  [Meta.synthInstance.instances] #[]
              [Meta.synthInstance.apply] ✅️ apply @NormedCommRing.toNonUnitalNormedCommRing to NonUnitalNormedCommRing
                    (StrongDual ℝ E)
                [Meta.synthInstance.tryResolve] ✅️ NonUnitalNormedCommRing
                      (StrongDual ℝ E) ≟ NonUnitalNormedCommRing (StrongDual ℝ E)
              [Meta.synthInstance.apply] ✅️ apply @NonUnitalNormedRing.toNonUnitalSeminormedRing to NonUnitalSeminormedRing
                    (StrongDual ℝ E)
                [Meta.synthInstance.tryResolve] ✅️ NonUnitalSeminormedRing
                      (StrongDual ℝ E) ≟ NonUnitalSeminormedRing (StrongDual ℝ E)
                [Meta.synthInstance] ✅️ new goal NonUnitalNormedRing (StrongDual ℝ E)
                  [Meta.synthInstance.instances] #[@NormedRing.toNonUnitalNormedRing, @NonUnitalNormedCommRing.toNonUnitalNormedRing, @NonUnitalCStarAlgebra.toNonUnitalNormedRing]
              [Meta.synthInstance.apply] ✅️ apply @NonUnitalCStarAlgebra.toNonUnitalNormedRing to NonUnitalNormedRing
                    (StrongDual ℝ E)
                [Meta.synthInstance.tryResolve] ✅️ NonUnitalNormedRing
                      (StrongDual ℝ E) ≟ NonUnitalNormedRing (StrongDual ℝ E)
                [Meta.synthInstance] ✅️ new goal NonUnitalCStarAlgebra (StrongDual ℝ E)
                  [Meta.synthInstance.instances] #[CStarAlgebra.toNonUnitalCStarAlgebra, @NonUnitalCommCStarAlgebra.toNonUnitalCStarAlgebra]
              [Meta.synthInstance.apply] ✅️ apply @NonUnitalCommCStarAlgebra.toNonUnitalCStarAlgebra to NonUnitalCStarAlgebra
                    (StrongDual ℝ E)
                [Meta.synthInstance.tryResolve] ✅️ NonUnitalCStarAlgebra
                      (StrongDual ℝ E) ≟ NonUnitalCStarAlgebra (StrongDual ℝ E)
              [Meta.synthInstance.apply] ✅️ apply CStarAlgebra.toNonUnitalCStarAlgebra to NonUnitalCStarAlgebra
                    (StrongDual ℝ E)
                [Meta.synthInstance.tryResolve] ✅️ NonUnitalCStarAlgebra
                      (StrongDual ℝ E) ≟ NonUnitalCStarAlgebra (StrongDual ℝ E)
                [Meta.synthInstance] ✅️ new goal CStarAlgebra (StrongDual ℝ E)
                  [Meta.synthInstance.instances] #[@CommCStarAlgebra.toCStarAlgebra]
              [Meta.synthInstance.apply] ✅️ apply @CommCStarAlgebra.toCStarAlgebra to CStarAlgebra (StrongDual ℝ E)
                [Meta.synthInstance.tryResolve] ✅️ CStarAlgebra (StrongDual ℝ E) ≟ CStarAlgebra (StrongDual ℝ E)
                [Meta.synthInstance] ✅️ no instances for CommCStarAlgebra (StrongDual ℝ E)
                  [Meta.synthInstance.instances] #[]
              [Meta.synthInstance.apply] ✅️ apply @NonUnitalNormedCommRing.toNonUnitalNormedRing to NonUnitalNormedRing
                    (StrongDual ℝ E)
                [Meta.synthInstance.tryResolve] ✅️ NonUnitalNormedRing
                      (StrongDual ℝ E) ≟ NonUnitalNormedRing (StrongDual ℝ E)
              [Meta.synthInstance.apply] ✅️ apply @NormedRing.toNonUnitalNormedRing to NonUnitalNormedRing
                    (StrongDual ℝ E)
                [Meta.synthInstance.tryResolve] ✅️ NonUnitalNormedRing
                      (StrongDual ℝ E) ≟ NonUnitalNormedRing (StrongDual ℝ E)
                [Meta.synthInstance] ✅️ new goal NormedRing (StrongDual ℝ E)
                  [Meta.synthInstance.instances] #[@NormedDivisionRing.toNormedRing, @NormedCommRing.toNormedRing, @CStarAlgebra.toNormedRing, @toNormedRing]
              [Meta.synthInstance.apply] ❌️ apply @toNormedRing to NormedRing (StrongDual ℝ E)
                [Meta.synthInstance.tryResolve] ❌️ NormedRing (StrongDual ℝ E) ≟ NormedRing (?m.70 →L[?m.69] ?m.70)
              [Meta.synthInstance.apply] ✅️ apply @CStarAlgebra.toNormedRing to NormedRing (StrongDual ℝ E)
                [Meta.synthInstance.tryResolve] ✅️ NormedRing (StrongDual ℝ E) ≟ NormedRing (StrongDual ℝ E)
              [Meta.synthInstance.apply] ✅️ apply @NormedCommRing.toNormedRing to NormedRing (StrongDual ℝ E)
                [Meta.synthInstance.tryResolve] ✅️ NormedRing (StrongDual ℝ E) ≟ NormedRing (StrongDual ℝ E)
              [Meta.synthInstance.apply] ✅️ apply @NormedDivisionRing.toNormedRing to NormedRing (StrongDual ℝ E)
                [Meta.synthInstance.tryResolve] ✅️ NormedRing (StrongDual ℝ E) ≟ NormedRing (StrongDual ℝ E)
                [Meta.synthInstance] ✅️ new goal NormedDivisionRing (StrongDual ℝ E)
                  [Meta.synthInstance.instances] #[@NormedField.toNormedDivisionRing]
              [Meta.synthInstance.apply] ✅️ apply @NormedField.toNormedDivisionRing to NormedDivisionRing
                    (StrongDual ℝ E)
                [Meta.synthInstance.tryResolve] ✅️ NormedDivisionRing
                      (StrongDual ℝ E) ≟ NormedDivisionRing (StrongDual ℝ E)
              [Meta.synthInstance.apply] ✅️ apply @SeminormedRing.toNonUnitalSeminormedRing to NonUnitalSeminormedRing
                    (StrongDual ℝ E)
                [Meta.synthInstance.tryResolve] ✅️ NonUnitalSeminormedRing
                      (StrongDual ℝ E) ≟ NonUnitalSeminormedRing (StrongDual ℝ E)
                [Meta.synthInstance] ✅️ new goal SeminormedRing (StrongDual ℝ E)
                  [Meta.synthInstance.instances] #[@NormedRing.toSeminormedRing, @SeminormedCommRing.toSeminormedRing, @toSeminormedRing]
              [Meta.synthInstance.apply] ❌️ apply @toSeminormedRing to SeminormedRing (StrongDual ℝ E)
                [Meta.synthInstance.tryResolve] ❌️ SeminormedRing
                      (StrongDual ℝ E) ≟ SeminormedRing (?m.68 →L[?m.67] ?m.68)
              [Meta.synthInstance.apply] ✅️ apply @SeminormedCommRing.toSeminormedRing to SeminormedRing
                    (StrongDual ℝ E)
                [Meta.synthInstance.tryResolve] ✅️ SeminormedRing (StrongDual ℝ E) ≟ SeminormedRing (StrongDual ℝ E)
              [Meta.synthInstance.apply] ✅️ apply @NormedRing.toSeminormedRing to SeminormedRing (StrongDual ℝ E)
                [Meta.synthInstance.tryResolve] ✅️ SeminormedRing (StrongDual ℝ E) ≟ SeminormedRing (StrongDual ℝ E)
              [Meta.synthInstance.apply] ✅️ apply @NormedAddCommGroup.toSeminormedAddCommGroup to SeminormedAddCommGroup
                    (StrongDual ℝ E)
                [Meta.synthInstance.tryResolve] ✅️ SeminormedAddCommGroup
                      (StrongDual ℝ E) ≟ SeminormedAddCommGroup (StrongDual ℝ E)
                [Meta.synthInstance] ✅️ new goal NormedAddCommGroup (StrongDual ℝ E)
                  [Meta.synthInstance.instances] #[@NonUnitalNormedRing.toNormedAddCommGroup, @toNormedAddCommGroup, inst✝¹]
              [Meta.synthInstance.apply] ❌️ apply inst✝¹ to NormedAddCommGroup (StrongDual ℝ E)
                [Meta.synthInstance.tryResolve] ❌️ NormedAddCommGroup (StrongDual ℝ E) ≟ NormedAddCommGroup E
              [Meta.synthInstance.apply] ❌️ apply @toNormedAddCommGroup to NormedAddCommGroup (StrongDual ℝ E)
                [Meta.synthInstance.tryResolve] ❌️ NormedAddCommGroup
                      (StrongDual ℝ E) ≟ NormedAddCommGroup (?m.67 →SL[?m.75] ?m.68)
              [Meta.synthInstance.apply] ✅️ apply @NonUnitalNormedRing.toNormedAddCommGroup to NormedAddCommGroup
                    (StrongDual ℝ E)
                [Meta.synthInstance.tryResolve] ✅️ NormedAddCommGroup
                      (StrongDual ℝ E) ≟ NormedAddCommGroup (StrongDual ℝ E)
              [Meta.synthInstance] result <not-available>
            [Meta.synthInstance] ❌️ SeminormedAddCommGroup (StrongDual ℝ E)
              [Meta.synthInstance] result <not-available> (cached)
            [Meta.synthInstance] ❌️ SeminormedAddCommGroup (StrongDual ℝ E)
              [Meta.synthInstance] result <not-available> (cached)
            [Meta.synthInstance] ❌️ SeminormedAddCommGroup (StrongDual ℝ E)
              [Meta.synthInstance] result <not-available> (cached)
        [Meta.synthInstance.apply] ✅️ apply @NonUnitalSeminormedRing.toSeminormedAddCommGroup to SeminormedAddCommGroup
              (StrongDual ℝ E →L[ℝ] ℝ)
          [Meta.synthInstance.tryResolve] ✅️ SeminormedAddCommGroup
                (StrongDual ℝ E →L[ℝ] ℝ) ≟ SeminormedAddCommGroup (StrongDual ℝ E →L[ℝ] ℝ)
          [Meta.synthInstance] ✅️ new goal NonUnitalSeminormedRing (StrongDual ℝ E →L[ℝ] ℝ)
            [Meta.synthInstance.instances] #[@SeminormedRing.toNonUnitalSeminormedRing, @NonUnitalNormedRing.toNonUnitalSeminormedRing, @NonUnitalSeminormedCommRing.toNonUnitalSeminormedRing]
        [Meta.synthInstance.apply] ✅️ apply @NonUnitalSeminormedCommRing.toNonUnitalSeminormedRing to NonUnitalSeminormedRing
              (StrongDual ℝ E →L[ℝ] ℝ)
          [Meta.synthInstance.tryResolve] ✅️ NonUnitalSeminormedRing
                (StrongDual ℝ E →L[ℝ] ℝ) ≟ NonUnitalSeminormedRing (StrongDual ℝ E →L[ℝ] ℝ)
          [Meta.synthInstance] ✅️ new goal NonUnitalSeminormedCommRing (StrongDual ℝ E →L[ℝ] ℝ)
            [Meta.synthInstance.instances] #[@NonUnitalNormedCommRing.toNonUnitalSeminormedCommRing, @SeminormedCommRing.toNonUnitalSeminormedCommRing]
        [Meta.synthInstance.apply] ✅️ apply @SeminormedCommRing.toNonUnitalSeminormedCommRing to NonUnitalSeminormedCommRing
              (StrongDual ℝ E →L[ℝ] ℝ)
          [Meta.synthInstance.tryResolve] ✅️ NonUnitalSeminormedCommRing
                (StrongDual ℝ E →L[ℝ] ℝ) ≟ NonUnitalSeminormedCommRing (StrongDual ℝ E →L[ℝ] ℝ)
          [Meta.synthInstance] ✅️ new goal SeminormedCommRing (StrongDual ℝ E →L[ℝ] ℝ)
            [Meta.synthInstance.instances] #[@NormedCommRing.toSeminormedCommRing]
        [Meta.synthInstance.apply] ✅️ apply @NormedCommRing.toSeminormedCommRing to SeminormedCommRing
              (StrongDual ℝ E →L[ℝ] ℝ)
          [Meta.synthInstance.tryResolve] ✅️ SeminormedCommRing
                (StrongDual ℝ E →L[ℝ] ℝ) ≟ SeminormedCommRing (StrongDual ℝ E →L[ℝ] ℝ)
          [Meta.synthInstance] ✅️ new goal NormedCommRing (StrongDual ℝ E →L[ℝ] ℝ)
            [Meta.synthInstance.instances] #[@NormedField.toNormedCommRing, @CommCStarAlgebra.toNormedCommRing]
        [Meta.synthInstance.apply] ✅️ apply @CommCStarAlgebra.toNormedCommRing to NormedCommRing
              (StrongDual ℝ E →L[ℝ] ℝ)
          [Meta.synthInstance.tryResolve] ✅️ NormedCommRing
                (StrongDual ℝ E →L[ℝ] ℝ) ≟ NormedCommRing (StrongDual ℝ E →L[ℝ] ℝ)
          [Meta.synthInstance] ✅️ no instances for CommCStarAlgebra (StrongDual ℝ E →L[ℝ] ℝ)
            [Meta.synthInstance.instances] #[]
        [Meta.synthInstance.apply] ✅️ apply @NormedField.toNormedCommRing to NormedCommRing (StrongDual ℝ E →L[ℝ] ℝ)
          [Meta.synthInstance.tryResolve] ✅️ NormedCommRing
                (StrongDual ℝ E →L[ℝ] ℝ) ≟ NormedCommRing (StrongDual ℝ E →L[ℝ] ℝ)
          [Meta.synthInstance] ✅️ new goal NormedField (StrongDual ℝ E →L[ℝ] ℝ)
            [Meta.synthInstance.instances] #[@NontriviallyNormedField.toNormedField, @DenselyNormedField.toNormedField]
        [Meta.synthInstance.apply] ✅️ apply @DenselyNormedField.toNormedField to NormedField (StrongDual ℝ E →L[ℝ] ℝ)
          [Meta.synthInstance.tryResolve] ✅️ NormedField (StrongDual ℝ E →L[ℝ] ℝ) ≟ NormedField (StrongDual ℝ E →L[ℝ] ℝ)
          [Meta.synthInstance] ✅️ new goal DenselyNormedField (StrongDual ℝ E →L[ℝ] ℝ)
            [Meta.synthInstance.instances] #[@RCLike.toDenselyNormedField]
        [Meta.synthInstance.apply] ✅️ apply @RCLike.toDenselyNormedField to DenselyNormedField (StrongDual ℝ E →L[ℝ] ℝ)
          [Meta.synthInstance.tryResolve] ✅️ DenselyNormedField
                (StrongDual ℝ E →L[ℝ] ℝ) ≟ DenselyNormedField (StrongDual ℝ E →L[ℝ] ℝ)
          [Meta.synthInstance] ✅️ no instances for RCLike (StrongDual ℝ E →L[ℝ] ℝ)
            [Meta.synthInstance.instances] #[]
        [Meta.synthInstance.apply] ✅️ apply @NontriviallyNormedField.toNormedField to NormedField
              (StrongDual ℝ E →L[ℝ] ℝ)
          [Meta.synthInstance.tryResolve] ✅️ NormedField (StrongDual ℝ E →L[ℝ] ℝ) ≟ NormedField (StrongDual ℝ E →L[ℝ] ℝ)
          [Meta.synthInstance] ✅️ new goal NontriviallyNormedField (StrongDual ℝ E →L[ℝ] ℝ)
            [Meta.synthInstance.instances] #[@DenselyNormedField.toNontriviallyNormedField]
        [Meta.synthInstance.apply] ✅️ apply @DenselyNormedField.toNontriviallyNormedField to NontriviallyNormedField
              (StrongDual ℝ E →L[ℝ] ℝ)
          [Meta.synthInstance.tryResolve] ✅️ NontriviallyNormedField
                (StrongDual ℝ E →L[ℝ] ℝ) ≟ NontriviallyNormedField (StrongDual ℝ E →L[ℝ] ℝ)
        [Meta.synthInstance.apply] ✅️ apply @NonUnitalNormedCommRing.toNonUnitalSeminormedCommRing to NonUnitalSeminormedCommRing
              (StrongDual ℝ E →L[ℝ] ℝ)
          [Meta.synthInstance.tryResolve] ✅️ NonUnitalSeminormedCommRing
                (StrongDual ℝ E →L[ℝ] ℝ) ≟ NonUnitalSeminormedCommRing (StrongDual ℝ E →L[ℝ] ℝ)
          [Meta.synthInstance] ✅️ new goal NonUnitalNormedCommRing (StrongDual ℝ E →L[ℝ] ℝ)
            [Meta.synthInstance.instances] #[@NormedCommRing.toNonUnitalNormedCommRing, @NonUnitalCommCStarAlgebra.toNonUnitalNormedCommRing]
        [Meta.synthInstance.apply] ✅️ apply @NonUnitalCommCStarAlgebra.toNonUnitalNormedCommRing to NonUnitalNormedCommRing
              (StrongDual ℝ E →L[ℝ] ℝ)
          [Meta.synthInstance.tryResolve] ✅️ NonUnitalNormedCommRing
                (StrongDual ℝ E →L[ℝ] ℝ) ≟ NonUnitalNormedCommRing (StrongDual ℝ E →L[ℝ] ℝ)
          [Meta.synthInstance] ✅️ new goal NonUnitalCommCStarAlgebra (StrongDual ℝ E →L[ℝ] ℝ)
            [Meta.synthInstance.instances] #[CommCStarAlgebra.toNonUnitalCommCStarAlgebra]
        [Meta.synthInstance.apply] ✅️ apply CommCStarAlgebra.toNonUnitalCommCStarAlgebra to NonUnitalCommCStarAlgebra
              (StrongDual ℝ E →L[ℝ] ℝ)
          [Meta.synthInstance.tryResolve] ✅️ NonUnitalCommCStarAlgebra
                (StrongDual ℝ E →L[ℝ] ℝ) ≟ NonUnitalCommCStarAlgebra (StrongDual ℝ E →L[ℝ] ℝ)
          [Meta.synthInstance] ✅️ no instances for CommCStarAlgebra (StrongDual ℝ E →L[ℝ] ℝ)
            [Meta.synthInstance.instances] #[]
        [Meta.synthInstance.apply] ✅️ apply @NormedCommRing.toNonUnitalNormedCommRing to NonUnitalNormedCommRing
              (StrongDual ℝ E →L[ℝ] ℝ)
          [Meta.synthInstance.tryResolve] ✅️ NonUnitalNormedCommRing
                (StrongDual ℝ E →L[ℝ] ℝ) ≟ NonUnitalNormedCommRing (StrongDual ℝ E →L[ℝ] ℝ)
        [Meta.synthInstance.apply] ✅️ apply @NonUnitalNormedRing.toNonUnitalSeminormedRing to NonUnitalSeminormedRing
              (StrongDual ℝ E →L[ℝ] ℝ)
          [Meta.synthInstance.tryResolve] ✅️ NonUnitalSeminormedRing
                (StrongDual ℝ E →L[ℝ] ℝ) ≟ NonUnitalSeminormedRing (StrongDual ℝ E →L[ℝ] ℝ)
          [Meta.synthInstance] ✅️ new goal NonUnitalNormedRing (StrongDual ℝ E →L[ℝ] ℝ)
            [Meta.synthInstance.instances] #[@NormedRing.toNonUnitalNormedRing, @NonUnitalNormedCommRing.toNonUnitalNormedRing, @NonUnitalCStarAlgebra.toNonUnitalNormedRing]
        [Meta.synthInstance.apply] ✅️ apply @NonUnitalCStarAlgebra.toNonUnitalNormedRing to NonUnitalNormedRing
              (StrongDual ℝ E →L[ℝ] ℝ)
          [Meta.synthInstance.tryResolve] ✅️ NonUnitalNormedRing
                (StrongDual ℝ E →L[ℝ] ℝ) ≟ NonUnitalNormedRing (StrongDual ℝ E →L[ℝ] ℝ)
          [Meta.synthInstance] ✅️ new goal NonUnitalCStarAlgebra (StrongDual ℝ E →L[ℝ] ℝ)
            [Meta.synthInstance.instances] #[CStarAlgebra.toNonUnitalCStarAlgebra, @NonUnitalCommCStarAlgebra.toNonUnitalCStarAlgebra]
        [Meta.synthInstance.apply] ✅️ apply @NonUnitalCommCStarAlgebra.toNonUnitalCStarAlgebra to NonUnitalCStarAlgebra
              (StrongDual ℝ E →L[ℝ] ℝ)
          [Meta.synthInstance.tryResolve] ✅️ NonUnitalCStarAlgebra
                (StrongDual ℝ E →L[ℝ] ℝ) ≟ NonUnitalCStarAlgebra (StrongDual ℝ E →L[ℝ] ℝ)
        [Meta.synthInstance.apply] ✅️ apply CStarAlgebra.toNonUnitalCStarAlgebra to NonUnitalCStarAlgebra
              (StrongDual ℝ E →L[ℝ] ℝ)
          [Meta.synthInstance.tryResolve] ✅️ NonUnitalCStarAlgebra
                (StrongDual ℝ E →L[ℝ] ℝ) ≟ NonUnitalCStarAlgebra (StrongDual ℝ E →L[ℝ] ℝ)
          [Meta.synthInstance] ✅️ new goal CStarAlgebra (StrongDual ℝ E →L[ℝ] ℝ)
            [Meta.synthInstance.instances] #[@CommCStarAlgebra.toCStarAlgebra]
        [Meta.synthInstance.apply] ✅️ apply @CommCStarAlgebra.toCStarAlgebra to CStarAlgebra (StrongDual ℝ E →L[ℝ] ℝ)
          [Meta.synthInstance.tryResolve] ✅️ CStarAlgebra
                (StrongDual ℝ E →L[ℝ] ℝ) ≟ CStarAlgebra (StrongDual ℝ E →L[ℝ] ℝ)
          [Meta.synthInstance] ✅️ no instances for CommCStarAlgebra (StrongDual ℝ E →L[ℝ] ℝ)
            [Meta.synthInstance.instances] #[]
        [Meta.synthInstance.apply] ✅️ apply @NonUnitalNormedCommRing.toNonUnitalNormedRing to NonUnitalNormedRing
              (StrongDual ℝ E →L[ℝ] ℝ)
          [Meta.synthInstance.tryResolve] ✅️ NonUnitalNormedRing
                (StrongDual ℝ E →L[ℝ] ℝ) ≟ NonUnitalNormedRing (StrongDual ℝ E →L[ℝ] ℝ)
        [Meta.synthInstance.apply] ✅️ apply @NormedRing.toNonUnitalNormedRing to NonUnitalNormedRing
              (StrongDual ℝ E →L[ℝ] ℝ)
          [Meta.synthInstance.tryResolve] ✅️ NonUnitalNormedRing
                (StrongDual ℝ E →L[ℝ] ℝ) ≟ NonUnitalNormedRing (StrongDual ℝ E →L[ℝ] ℝ)
          [Meta.synthInstance] ✅️ new goal NormedRing (StrongDual ℝ E →L[ℝ] ℝ)
            [Meta.synthInstance.instances] #[@NormedDivisionRing.toNormedRing, @NormedCommRing.toNormedRing, @CStarAlgebra.toNormedRing, @toNormedRing]
        [Meta.synthInstance.apply] ❌️ apply @toNormedRing to NormedRing (StrongDual ℝ E →L[ℝ] ℝ)
          [Meta.synthInstance.tryResolve] ❌️ NormedRing (StrongDual ℝ E →L[ℝ] ℝ) ≟ NormedRing (?m.57 →L[?m.56] ?m.57)
            [Meta.synthInstance] ✅️ NontriviallyNormedField ℝ
              [Meta.synthInstance] result DenselyNormedField.toNontriviallyNormedField (cached)
        [Meta.synthInstance.apply] ✅️ apply @CStarAlgebra.toNormedRing to NormedRing (StrongDual ℝ E →L[ℝ] ℝ)
          [Meta.synthInstance.tryResolve] ✅️ NormedRing (StrongDual ℝ E →L[ℝ] ℝ) ≟ NormedRing (StrongDual ℝ E →L[ℝ] ℝ)
        [Meta.synthInstance.apply] ✅️ apply @NormedCommRing.toNormedRing to NormedRing (StrongDual ℝ E →L[ℝ] ℝ)
          [Meta.synthInstance.tryResolve] ✅️ NormedRing (StrongDual ℝ E →L[ℝ] ℝ) ≟ NormedRing (StrongDual ℝ E →L[ℝ] ℝ)
        [Meta.synthInstance.apply] ✅️ apply @NormedDivisionRing.toNormedRing to NormedRing (StrongDual ℝ E →L[ℝ] ℝ)
          [Meta.synthInstance.tryResolve] ✅️ NormedRing (StrongDual ℝ E →L[ℝ] ℝ) ≟ NormedRing (StrongDual ℝ E →L[ℝ] ℝ)
          [Meta.synthInstance] ✅️ new goal NormedDivisionRing (StrongDual ℝ E →L[ℝ] ℝ)
            [Meta.synthInstance.instances] #[@NormedField.toNormedDivisionRing]
        [Meta.synthInstance.apply] ✅️ apply @NormedField.toNormedDivisionRing to NormedDivisionRing
              (StrongDual ℝ E →L[ℝ] ℝ)
          [Meta.synthInstance.tryResolve] ✅️ NormedDivisionRing
                (StrongDual ℝ E →L[ℝ] ℝ) ≟ NormedDivisionRing (StrongDual ℝ E →L[ℝ] ℝ)
        [Meta.synthInstance.apply] ✅️ apply @SeminormedRing.toNonUnitalSeminormedRing to NonUnitalSeminormedRing
              (StrongDual ℝ E →L[ℝ] ℝ)
          [Meta.synthInstance.tryResolve] ✅️ NonUnitalSeminormedRing
                (StrongDual ℝ E →L[ℝ] ℝ) ≟ NonUnitalSeminormedRing (StrongDual ℝ E →L[ℝ] ℝ)
          [Meta.synthInstance] ✅️ new goal SeminormedRing (StrongDual ℝ E →L[ℝ] ℝ)
            [Meta.synthInstance.instances] #[@NormedRing.toSeminormedRing, @SeminormedCommRing.toSeminormedRing, @toSeminormedRing]
        [Meta.synthInstance.apply] ❌️ apply @toSeminormedRing to SeminormedRing (StrongDual ℝ E →L[ℝ] ℝ)
          [Meta.synthInstance.tryResolve] ❌️ SeminormedRing
                (StrongDual ℝ E →L[ℝ] ℝ) ≟ SeminormedRing (?m.55 →L[?m.54] ?m.55)
            [Meta.synthInstance] ✅️ NontriviallyNormedField ℝ
              [Meta.synthInstance] result DenselyNormedField.toNontriviallyNormedField (cached)
        [Meta.synthInstance.apply] ✅️ apply @SeminormedCommRing.toSeminormedRing to SeminormedRing
              (StrongDual ℝ E →L[ℝ] ℝ)
          [Meta.synthInstance.tryResolve] ✅️ SeminormedRing
                (StrongDual ℝ E →L[ℝ] ℝ) ≟ SeminormedRing (StrongDual ℝ E →L[ℝ] ℝ)
        [Meta.synthInstance.apply] ✅️ apply @NormedRing.toSeminormedRing to SeminormedRing (StrongDual ℝ E →L[ℝ] ℝ)
          [Meta.synthInstance.tryResolve] ✅️ SeminormedRing
                (StrongDual ℝ E →L[ℝ] ℝ) ≟ SeminormedRing (StrongDual ℝ E →L[ℝ] ℝ)
        [Meta.synthInstance.apply] ✅️ apply @NormedAddCommGroup.toSeminormedAddCommGroup to SeminormedAddCommGroup
              (StrongDual ℝ E →L[ℝ] ℝ)
          [Meta.synthInstance.tryResolve] ✅️ SeminormedAddCommGroup
                (StrongDual ℝ E →L[ℝ] ℝ) ≟ SeminormedAddCommGroup (StrongDual ℝ E →L[ℝ] ℝ)
          [Meta.synthInstance] ✅️ new goal NormedAddCommGroup (StrongDual ℝ E →L[ℝ] ℝ)
            [Meta.synthInstance.instances] #[@NonUnitalNormedRing.toNormedAddCommGroup, @toNormedAddCommGroup, inst✝¹]
        [Meta.synthInstance.apply] ❌️ apply inst✝¹ to NormedAddCommGroup (StrongDual ℝ E →L[ℝ] ℝ)
          [Meta.synthInstance.tryResolve] ❌️ NormedAddCommGroup (StrongDual ℝ E →L[ℝ] ℝ) ≟ NormedAddCommGroup E
        [Meta.synthInstance.apply] ❌️ apply @toNormedAddCommGroup to NormedAddCommGroup (StrongDual ℝ E →L[ℝ] ℝ)
          [Meta.synthInstance.tryResolve] ❌️ NormedAddCommGroup
                (StrongDual ℝ E →L[ℝ] ℝ) ≟ NormedAddCommGroup (?m.54 →SL[?m.62] ?m.55)
            [Meta.synthInstance] ✅️ NontriviallyNormedField ℝ
              [Meta.synthInstance] result DenselyNormedField.toNontriviallyNormedField (cached)
            [Meta.synthInstance] ✅️ NontriviallyNormedField ℝ
              [Meta.synthInstance] result DenselyNormedField.toNontriviallyNormedField (cached)
            [Meta.synthInstance] ❌️ NormedAddCommGroup (StrongDual ℝ E)
              [Meta.synthInstance] ✅️ new goal NormedAddCommGroup (StrongDual ℝ E)
                [Meta.synthInstance.instances] #[@NonUnitalNormedRing.toNormedAddCommGroup, @toNormedAddCommGroup, inst✝¹]
              [Meta.synthInstance.apply] ❌️ apply inst✝¹ to NormedAddCommGroup (StrongDual ℝ E)
                [Meta.synthInstance.tryResolve] ❌️ NormedAddCommGroup (StrongDual ℝ E) ≟ NormedAddCommGroup E
              [Meta.synthInstance.apply] ❌️ apply @toNormedAddCommGroup to NormedAddCommGroup (StrongDual ℝ E)
                [Meta.synthInstance.tryResolve] ❌️ NormedAddCommGroup
                      (StrongDual ℝ E) ≟ NormedAddCommGroup (?m.67 →SL[?m.75] ?m.68)
              [Meta.synthInstance.apply] ✅️ apply @NonUnitalNormedRing.toNormedAddCommGroup to NormedAddCommGroup
                    (StrongDual ℝ E)
                [Meta.synthInstance.tryResolve] ✅️ NormedAddCommGroup
                      (StrongDual ℝ E) ≟ NormedAddCommGroup (StrongDual ℝ E)
                [Meta.synthInstance] ✅️ new goal NonUnitalNormedRing (StrongDual ℝ E)
                  [Meta.synthInstance.instances] #[@NormedRing.toNonUnitalNormedRing, @NonUnitalNormedCommRing.toNonUnitalNormedRing, @NonUnitalCStarAlgebra.toNonUnitalNormedRing]
              [Meta.synthInstance.apply] ✅️ apply @NonUnitalCStarAlgebra.toNonUnitalNormedRing to NonUnitalNormedRing
                    (StrongDual ℝ E)
                [Meta.synthInstance.tryResolve] ✅️ NonUnitalNormedRing
                      (StrongDual ℝ E) ≟ NonUnitalNormedRing (StrongDual ℝ E)
                [Meta.synthInstance] ✅️ new goal NonUnitalCStarAlgebra (StrongDual ℝ E)
                  [Meta.synthInstance.instances] #[CStarAlgebra.toNonUnitalCStarAlgebra, @NonUnitalCommCStarAlgebra.toNonUnitalCStarAlgebra]
              [Meta.synthInstance.apply] ✅️ apply @NonUnitalCommCStarAlgebra.toNonUnitalCStarAlgebra to NonUnitalCStarAlgebra
                    (StrongDual ℝ E)
                [Meta.synthInstance.tryResolve] ✅️ NonUnitalCStarAlgebra
                      (StrongDual ℝ E) ≟ NonUnitalCStarAlgebra (StrongDual ℝ E)
                [Meta.synthInstance] ✅️ new goal NonUnitalCommCStarAlgebra (StrongDual ℝ E)
                  [Meta.synthInstance.instances] #[CommCStarAlgebra.toNonUnitalCommCStarAlgebra]
              [Meta.synthInstance.apply] ✅️ apply CommCStarAlgebra.toNonUnitalCommCStarAlgebra to NonUnitalCommCStarAlgebra
                    (StrongDual ℝ E)
                [Meta.synthInstance.tryResolve] ✅️ NonUnitalCommCStarAlgebra
                      (StrongDual ℝ E) ≟ NonUnitalCommCStarAlgebra (StrongDual ℝ E)
                [Meta.synthInstance] ✅️ no instances for CommCStarAlgebra (StrongDual ℝ E)
                  [Meta.synthInstance.instances] #[]
              [Meta.synthInstance.apply] ✅️ apply CStarAlgebra.toNonUnitalCStarAlgebra to NonUnitalCStarAlgebra
                    (StrongDual ℝ E)
                [Meta.synthInstance.tryResolve] ✅️ NonUnitalCStarAlgebra
                      (StrongDual ℝ E) ≟ NonUnitalCStarAlgebra (StrongDual ℝ E)
                [Meta.synthInstance] ✅️ new goal CStarAlgebra (StrongDual ℝ E)
                  [Meta.synthInstance.instances] #[@CommCStarAlgebra.toCStarAlgebra]
              [Meta.synthInstance.apply] ✅️ apply @CommCStarAlgebra.toCStarAlgebra to CStarAlgebra (StrongDual ℝ E)
                [Meta.synthInstance.tryResolve] ✅️ CStarAlgebra (StrongDual ℝ E) ≟ CStarAlgebra (StrongDual ℝ E)
                [Meta.synthInstance] ✅️ no instances for CommCStarAlgebra (StrongDual ℝ E)
                  [Meta.synthInstance.instances] #[]
              [Meta.synthInstance.apply] ✅️ apply @NonUnitalNormedCommRing.toNonUnitalNormedRing to NonUnitalNormedRing
                    (StrongDual ℝ E)
                [Meta.synthInstance.tryResolve] ✅️ NonUnitalNormedRing
                      (StrongDual ℝ E) ≟ NonUnitalNormedRing (StrongDual ℝ E)
                [Meta.synthInstance] ✅️ new goal NonUnitalNormedCommRing (StrongDual ℝ E)
                  [Meta.synthInstance.instances] #[@NormedCommRing.toNonUnitalNormedCommRing, @NonUnitalCommCStarAlgebra.toNonUnitalNormedCommRing]
              [Meta.synthInstance.apply] ✅️ apply @NonUnitalCommCStarAlgebra.toNonUnitalNormedCommRing to NonUnitalNormedCommRing
                    (StrongDual ℝ E)
                [Meta.synthInstance.tryResolve] ✅️ NonUnitalNormedCommRing
                      (StrongDual ℝ E) ≟ NonUnitalNormedCommRing (StrongDual ℝ E)
              [Meta.synthInstance.apply] ✅️ apply @NormedCommRing.toNonUnitalNormedCommRing to NonUnitalNormedCommRing
                    (StrongDual ℝ E)
                [Meta.synthInstance.tryResolve] ✅️ NonUnitalNormedCommRing
                      (StrongDual ℝ E) ≟ NonUnitalNormedCommRing (StrongDual ℝ E)
                [Meta.synthInstance] ✅️ new goal NormedCommRing (StrongDual ℝ E)
                  [Meta.synthInstance.instances] #[@NormedField.toNormedCommRing, @CommCStarAlgebra.toNormedCommRing]
              [Meta.synthInstance.apply] ✅️ apply @CommCStarAlgebra.toNormedCommRing to NormedCommRing (StrongDual ℝ E)
                [Meta.synthInstance.tryResolve] ✅️ NormedCommRing (StrongDual ℝ E) ≟ NormedCommRing (StrongDual ℝ E)
                [Meta.synthInstance] ✅️ no instances for CommCStarAlgebra (StrongDual ℝ E)
                  [Meta.synthInstance.instances] #[]
              [Meta.synthInstance.apply] ✅️ apply @NormedField.toNormedCommRing to NormedCommRing (StrongDual ℝ E)
                [Meta.synthInstance.tryResolve] ✅️ NormedCommRing (StrongDual ℝ E) ≟ NormedCommRing (StrongDual ℝ E)
                [Meta.synthInstance] ✅️ new goal NormedField (StrongDual ℝ E)
                  [Meta.synthInstance.instances] #[@NontriviallyNormedField.toNormedField, @DenselyNormedField.toNormedField]
              [Meta.synthInstance.apply] ✅️ apply @DenselyNormedField.toNormedField to NormedField (StrongDual ℝ E)
                [Meta.synthInstance.tryResolve] ✅️ NormedField (StrongDual ℝ E) ≟ NormedField (StrongDual ℝ E)
                [Meta.synthInstance] ✅️ new goal DenselyNormedField (StrongDual ℝ E)
                  [Meta.synthInstance.instances] #[@RCLike.toDenselyNormedField]
              [Meta.synthInstance.apply] ✅️ apply @RCLike.toDenselyNormedField to DenselyNormedField (StrongDual ℝ E)
                [Meta.synthInstance.tryResolve] ✅️ DenselyNormedField
                      (StrongDual ℝ E) ≟ DenselyNormedField (StrongDual ℝ E)
                [Meta.synthInstance] ✅️ no instances for RCLike (StrongDual ℝ E)
                  [Meta.synthInstance.instances] #[]
              [Meta.synthInstance.apply] ✅️ apply @NontriviallyNormedField.toNormedField to NormedField (StrongDual ℝ E)
                [Meta.synthInstance.tryResolve] ✅️ NormedField (StrongDual ℝ E) ≟ NormedField (StrongDual ℝ E)
                [Meta.synthInstance] ✅️ new goal NontriviallyNormedField (StrongDual ℝ E)
                  [Meta.synthInstance.instances] #[@DenselyNormedField.toNontriviallyNormedField]
              [Meta.synthInstance.apply] ✅️ apply @DenselyNormedField.toNontriviallyNormedField to NontriviallyNormedField
                    (StrongDual ℝ E)
                [Meta.synthInstance.tryResolve] ✅️ NontriviallyNormedField
                      (StrongDual ℝ E) ≟ NontriviallyNormedField (StrongDual ℝ E)
              [Meta.synthInstance.apply] ✅️ apply @NormedRing.toNonUnitalNormedRing to NonUnitalNormedRing
                    (StrongDual ℝ E)
                [Meta.synthInstance.tryResolve] ✅️ NonUnitalNormedRing
                      (StrongDual ℝ E) ≟ NonUnitalNormedRing (StrongDual ℝ E)
                [Meta.synthInstance] ✅️ new goal NormedRing (StrongDual ℝ E)
                  [Meta.synthInstance.instances] #[@NormedDivisionRing.toNormedRing, @NormedCommRing.toNormedRing, @CStarAlgebra.toNormedRing, @toNormedRing]
              [Meta.synthInstance.apply] ❌️ apply @toNormedRing to NormedRing (StrongDual ℝ E)
                [Meta.synthInstance.tryResolve] ❌️ NormedRing (StrongDual ℝ E) ≟ NormedRing (?m.70 →L[?m.69] ?m.70)
              [Meta.synthInstance.apply] ✅️ apply @CStarAlgebra.toNormedRing to NormedRing (StrongDual ℝ E)
                [Meta.synthInstance.tryResolve] ✅️ NormedRing (StrongDual ℝ E) ≟ NormedRing (StrongDual ℝ E)
              [Meta.synthInstance.apply] ✅️ apply @NormedCommRing.toNormedRing to NormedRing (StrongDual ℝ E)
                [Meta.synthInstance.tryResolve] ✅️ NormedRing (StrongDual ℝ E) ≟ NormedRing (StrongDual ℝ E)
              [Meta.synthInstance.apply] ✅️ apply @NormedDivisionRing.toNormedRing to NormedRing (StrongDual ℝ E)
                [Meta.synthInstance.tryResolve] ✅️ NormedRing (StrongDual ℝ E) ≟ NormedRing (StrongDual ℝ E)
                [Meta.synthInstance] ✅️ new goal NormedDivisionRing (StrongDual ℝ E)
                  [Meta.synthInstance.instances] #[@NormedField.toNormedDivisionRing]
              [Meta.synthInstance.apply] ✅️ apply @NormedField.toNormedDivisionRing to NormedDivisionRing
                    (StrongDual ℝ E)
                [Meta.synthInstance.tryResolve] ✅️ NormedDivisionRing
                      (StrongDual ℝ E) ≟ NormedDivisionRing (StrongDual ℝ E)
              [Meta.synthInstance] result <not-available>
            [Meta.synthInstance] ❌️ NormedAddCommGroup (StrongDual ℝ E)
              [Meta.synthInstance] result <not-available> (cached)
            [Meta.synthInstance] ❌️ NormedAddCommGroup (StrongDual ℝ E)
              [Meta.synthInstance] result <not-available> (cached)
            [Meta.synthInstance] ❌️ NormedAddCommGroup (StrongDual ℝ E)
              [Meta.synthInstance] result <not-available> (cached)
        [Meta.synthInstance.apply] ✅️ apply @NonUnitalNormedRing.toNormedAddCommGroup to NormedAddCommGroup
              (StrongDual ℝ E →L[ℝ] ℝ)
          [Meta.synthInstance.tryResolve] ✅️ NormedAddCommGroup
                (StrongDual ℝ E →L[ℝ] ℝ) ≟ NormedAddCommGroup (StrongDual ℝ E →L[ℝ] ℝ)
        [Meta.synthInstance] result <not-available>
      [Meta.synthInstance] ❌️ SeminormedAddCommGroup (StrongDual ℝ E →L[ℝ] ℝ)
        [Meta.synthInstance] result <not-available> (cached)
      [Meta.synthInstance] ❌️ SeminormedAddCommGroup (StrongDual ℝ E →L[ℝ] ℝ)
        [Meta.synthInstance] result <not-available> (cached)
      [Meta.synthInstance] ❌️ SeminormedAddCommGroup (StrongDual ℝ E →L[ℝ] ℝ)
        [Meta.synthInstance] result <not-available> (cached)
  [Meta.synthInstance.apply] ✅️ apply @NormedField.toNorm to Norm (StrongDual ℝ E →L[ℝ] StrongDual ℝ E →L[ℝ] ℝ)
    [Meta.synthInstance.tryResolve] ✅️ Norm
          (StrongDual ℝ E →L[ℝ] StrongDual ℝ E →L[ℝ] ℝ) ≟ Norm (StrongDual ℝ E →L[ℝ] StrongDual ℝ E →L[ℝ] ℝ)
    [Meta.synthInstance] ✅️ new goal NormedField (StrongDual ℝ E →L[ℝ] StrongDual ℝ E →L[ℝ] ℝ)
      [Meta.synthInstance.instances] #[@NontriviallyNormedField.toNormedField, @DenselyNormedField.toNormedField]
  [Meta.synthInstance.apply] ✅️ apply @DenselyNormedField.toNormedField to NormedField
        (StrongDual ℝ E →L[ℝ] StrongDual ℝ E →L[ℝ] ℝ)
    [Meta.synthInstance.tryResolve] ✅️ NormedField
          (StrongDual ℝ E →L[ℝ] StrongDual ℝ E →L[ℝ] ℝ) ≟ NormedField (StrongDual ℝ E →L[ℝ] StrongDual ℝ E →L[ℝ] ℝ)
    [Meta.synthInstance] ✅️ new goal DenselyNormedField (StrongDual ℝ E →L[ℝ] StrongDual ℝ E →L[ℝ] ℝ)
      [Meta.synthInstance.instances] #[@RCLike.toDenselyNormedField]
  [Meta.synthInstance.apply] ✅️ apply @RCLike.toDenselyNormedField to DenselyNormedField
        (StrongDual ℝ E →L[ℝ] StrongDual ℝ E →L[ℝ] ℝ)
    [Meta.synthInstance.tryResolve] ✅️ DenselyNormedField
          (StrongDual ℝ E →L[ℝ]
            StrongDual ℝ E →L[ℝ] ℝ) ≟ DenselyNormedField (StrongDual ℝ E →L[ℝ] StrongDual ℝ E →L[ℝ] ℝ)
    [Meta.synthInstance] ✅️ no instances for RCLike (StrongDual ℝ E →L[ℝ] StrongDual ℝ E →L[ℝ] ℝ)
      [Meta.synthInstance.instances] #[]
  [Meta.synthInstance.apply] ✅️ apply @NontriviallyNormedField.toNormedField to NormedField
        (StrongDual ℝ E →L[ℝ] StrongDual ℝ E →L[ℝ] ℝ)
    [Meta.synthInstance.tryResolve] ✅️ NormedField
          (StrongDual ℝ E →L[ℝ] StrongDual ℝ E →L[ℝ] ℝ) ≟ NormedField (StrongDual ℝ E →L[ℝ] StrongDual ℝ E →L[ℝ] ℝ)
    [Meta.synthInstance] ✅️ new goal NontriviallyNormedField (StrongDual ℝ E →L[ℝ] StrongDual ℝ E →L[ℝ] ℝ)
      [Meta.synthInstance.instances] #[@DenselyNormedField.toNontriviallyNormedField]
  [Meta.synthInstance.apply] ✅️ apply @DenselyNormedField.toNontriviallyNormedField to NontriviallyNormedField
        (StrongDual ℝ E →L[ℝ] StrongDual ℝ E →L[ℝ] ℝ)
    [Meta.synthInstance.tryResolve] ✅️ NontriviallyNormedField
          (StrongDual ℝ E →L[ℝ]
            StrongDual ℝ E →L[ℝ] ℝ) ≟ NontriviallyNormedField (StrongDual ℝ E →L[ℝ] StrongDual ℝ E →L[ℝ] ℝ)
  [Meta.synthInstance.apply] ✅️ apply @NormedDivisionRing.toNorm to Norm (StrongDual ℝ E →L[ℝ] StrongDual ℝ E →L[ℝ] ℝ)
    [Meta.synthInstance.tryResolve] ✅️ Norm
          (StrongDual ℝ E →L[ℝ] StrongDual ℝ E →L[ℝ] ℝ) ≟ Norm (StrongDual ℝ E →L[ℝ] StrongDual ℝ E →L[ℝ] ℝ)
    [Meta.synthInstance] ✅️ new goal NormedDivisionRing (StrongDual ℝ E →L[ℝ] StrongDual ℝ E →L[ℝ] ℝ)
      [Meta.synthInstance.instances] #[@NormedField.toNormedDivisionRing]
  [Meta.synthInstance.apply] ✅️ apply @NormedField.toNormedDivisionRing to NormedDivisionRing
        (StrongDual ℝ E →L[ℝ] StrongDual ℝ E →L[ℝ] ℝ)
    [Meta.synthInstance.tryResolve] ✅️ NormedDivisionRing
          (StrongDual ℝ E →L[ℝ]
            StrongDual ℝ E →L[ℝ] ℝ) ≟ NormedDivisionRing (StrongDual ℝ E →L[ℝ] StrongDual ℝ E →L[ℝ] ℝ)
  [Meta.synthInstance.apply] ✅️ apply @NormedRing.toNorm to Norm (StrongDual ℝ E →L[ℝ] StrongDual ℝ E →L[ℝ] ℝ)
    [Meta.synthInstance.tryResolve] ✅️ Norm
          (StrongDual ℝ E →L[ℝ] StrongDual ℝ E →L[ℝ] ℝ) ≟ Norm (StrongDual ℝ E →L[ℝ] StrongDual ℝ E →L[ℝ] ℝ)
    [Meta.synthInstance] ✅️ new goal NormedRing (StrongDual ℝ E →L[ℝ] StrongDual ℝ E →L[ℝ] ℝ)
      [Meta.synthInstance.instances] #[@NormedDivisionRing.toNormedRing, @NormedCommRing.toNormedRing, @CStarAlgebra.toNormedRing, @toNormedRing]
  [Meta.synthInstance.apply] ❌️ apply @toNormedRing to NormedRing (StrongDual ℝ E →L[ℝ] StrongDual ℝ E →L[ℝ] ℝ)
    [Meta.synthInstance.tryResolve] ❌️ NormedRing
          (StrongDual ℝ E →L[ℝ] StrongDual ℝ E →L[ℝ] ℝ) ≟ NormedRing (?m.41 →L[?m.40] ?m.41)
      [Meta.synthInstance] ✅️ NontriviallyNormedField ℝ
        [Meta.synthInstance] result DenselyNormedField.toNontriviallyNormedField (cached)
  [Meta.synthInstance.apply] ✅️ apply @CStarAlgebra.toNormedRing to NormedRing
        (StrongDual ℝ E →L[ℝ] StrongDual ℝ E →L[ℝ] ℝ)
    [Meta.synthInstance.tryResolve] ✅️ NormedRing
          (StrongDual ℝ E →L[ℝ] StrongDual ℝ E →L[ℝ] ℝ) ≟ NormedRing (StrongDual ℝ E →L[ℝ] StrongDual ℝ E →L[ℝ] ℝ)
    [Meta.synthInstance] ✅️ new goal CStarAlgebra (StrongDual ℝ E →L[ℝ] StrongDual ℝ E →L[ℝ] ℝ)
      [Meta.synthInstance.instances] #[@CommCStarAlgebra.toCStarAlgebra]
  [Meta.synthInstance.apply] ✅️ apply @CommCStarAlgebra.toCStarAlgebra to CStarAlgebra
        (StrongDual ℝ E →L[ℝ] StrongDual ℝ E →L[ℝ] ℝ)
    [Meta.synthInstance.tryResolve] ✅️ CStarAlgebra
          (StrongDual ℝ E →L[ℝ] StrongDual ℝ E →L[ℝ] ℝ) ≟ CStarAlgebra (StrongDual ℝ E →L[ℝ] StrongDual ℝ E →L[ℝ] ℝ)
    [Meta.synthInstance] ✅️ no instances for CommCStarAlgebra (StrongDual ℝ E →L[ℝ] StrongDual ℝ E →L[ℝ] ℝ)
      [Meta.synthInstance.instances] #[]
  [Meta.synthInstance.apply] ✅️ apply @NormedCommRing.toNormedRing to NormedRing
        (StrongDual ℝ E →L[ℝ] StrongDual ℝ E →L[ℝ] ℝ)
    [Meta.synthInstance.tryResolve] ✅️ NormedRing
          (StrongDual ℝ E →L[ℝ] StrongDual ℝ E →L[ℝ] ℝ) ≟ NormedRing (StrongDual ℝ E →L[ℝ] StrongDual ℝ E →L[ℝ] ℝ)
    [Meta.synthInstance] ✅️ new goal NormedCommRing (StrongDual ℝ E →L[ℝ] StrongDual ℝ E →L[ℝ] ℝ)
      [Meta.synthInstance.instances] #[@NormedField.toNormedCommRing, @CommCStarAlgebra.toNormedCommRing]
  [Meta.synthInstance.apply] ✅️ apply @CommCStarAlgebra.toNormedCommRing to NormedCommRing
        (StrongDual ℝ E →L[ℝ] StrongDual ℝ E →L[ℝ] ℝ)
    [Meta.synthInstance.tryResolve] ✅️ NormedCommRing
          (StrongDual ℝ E →L[ℝ] StrongDual ℝ E →L[ℝ] ℝ) ≟ NormedCommRing (StrongDual ℝ E →L[ℝ] StrongDual ℝ E →L[ℝ] ℝ)
    [Meta.synthInstance] ✅️ no instances for CommCStarAlgebra (StrongDual ℝ E →L[ℝ] StrongDual ℝ E →L[ℝ] ℝ)
      [Meta.synthInstance.instances] #[]
  [Meta.synthInstance.apply] ✅️ apply @NormedField.toNormedCommRing to NormedCommRing
        (StrongDual ℝ E →L[ℝ] StrongDual ℝ E →L[ℝ] ℝ)
    [Meta.synthInstance.tryResolve] ✅️ NormedCommRing
          (StrongDual ℝ E →L[ℝ] StrongDual ℝ E →L[ℝ] ℝ) ≟ NormedCommRing (StrongDual ℝ E →L[ℝ] StrongDual ℝ E →L[ℝ] ℝ)
  [Meta.synthInstance.apply] ✅️ apply @NormedDivisionRing.toNormedRing to NormedRing
        (StrongDual ℝ E →L[ℝ] StrongDual ℝ E →L[ℝ] ℝ)
    [Meta.synthInstance.tryResolve] ✅️ NormedRing
          (StrongDual ℝ E →L[ℝ] StrongDual ℝ E →L[ℝ] ℝ) ≟ NormedRing (StrongDual ℝ E →L[ℝ] StrongDual ℝ E →L[ℝ] ℝ)
  [Meta.synthInstance.apply] ✅️ apply @NonUnitalNormedRing.toNorm to Norm (StrongDual ℝ E →L[ℝ] StrongDual ℝ E →L[ℝ] ℝ)
    [Meta.synthInstance.tryResolve] ✅️ Norm
          (StrongDual ℝ E →L[ℝ] StrongDual ℝ E →L[ℝ] ℝ) ≟ Norm (StrongDual ℝ E →L[ℝ] StrongDual ℝ E →L[ℝ] ℝ)
    [Meta.synthInstance] ✅️ new goal NonUnitalNormedRing (StrongDual ℝ E →L[ℝ] StrongDual ℝ E →L[ℝ] ℝ)
      [Meta.synthInstance.instances] #[@NormedRing.toNonUnitalNormedRing, @NonUnitalNormedCommRing.toNonUnitalNormedRing, @NonUnitalCStarAlgebra.toNonUnitalNormedRing]
  [Meta.synthInstance.apply] ✅️ apply @NonUnitalCStarAlgebra.toNonUnitalNormedRing to NonUnitalNormedRing
        (StrongDual ℝ E →L[ℝ] StrongDual ℝ E →L[ℝ] ℝ)
    [Meta.synthInstance.tryResolve] ✅️ NonUnitalNormedRing
          (StrongDual ℝ E →L[ℝ]
            StrongDual ℝ E →L[ℝ] ℝ) ≟ NonUnitalNormedRing (StrongDual ℝ E →L[ℝ] StrongDual ℝ E →L[ℝ] ℝ)
    [Meta.synthInstance] ✅️ new goal NonUnitalCStarAlgebra (StrongDual ℝ E →L[ℝ] StrongDual ℝ E →L[ℝ] ℝ)
      [Meta.synthInstance.instances] #[CStarAlgebra.toNonUnitalCStarAlgebra, @NonUnitalCommCStarAlgebra.toNonUnitalCStarAlgebra]
  [Meta.synthInstance.apply] ✅️ apply @NonUnitalCommCStarAlgebra.toNonUnitalCStarAlgebra to NonUnitalCStarAlgebra
        (StrongDual ℝ E →L[ℝ] StrongDual ℝ E →L[ℝ] ℝ)
    [Meta.synthInstance.tryResolve] ✅️ NonUnitalCStarAlgebra
          (StrongDual ℝ E →L[ℝ]
            StrongDual ℝ E →L[ℝ] ℝ) ≟ NonUnitalCStarAlgebra (StrongDual ℝ E →L[ℝ] StrongDual ℝ E →L[ℝ] ℝ)
    [Meta.synthInstance] ✅️ new goal NonUnitalCommCStarAlgebra (StrongDual ℝ E →L[ℝ] StrongDual ℝ E →L[ℝ] ℝ)
      [Meta.synthInstance.instances] #[CommCStarAlgebra.toNonUnitalCommCStarAlgebra]
  [Meta.synthInstance.apply] ✅️ apply CommCStarAlgebra.toNonUnitalCommCStarAlgebra to NonUnitalCommCStarAlgebra
        (StrongDual ℝ E →L[ℝ] StrongDual ℝ E →L[ℝ] ℝ)
    [Meta.synthInstance.tryResolve] ✅️ NonUnitalCommCStarAlgebra
          (StrongDual ℝ E →L[ℝ]
            StrongDual ℝ E →L[ℝ] ℝ) ≟ NonUnitalCommCStarAlgebra (StrongDual ℝ E →L[ℝ] StrongDual ℝ E →L[ℝ] ℝ)
    [Meta.synthInstance] ✅️ no instances for CommCStarAlgebra (StrongDual ℝ E →L[ℝ] StrongDual ℝ E →L[ℝ] ℝ)
      [Meta.synthInstance.instances] #[]
  [Meta.synthInstance.apply] ✅️ apply CStarAlgebra.toNonUnitalCStarAlgebra to NonUnitalCStarAlgebra
        (StrongDual ℝ E →L[ℝ] StrongDual ℝ E →L[ℝ] ℝ)
    [Meta.synthInstance.tryResolve] ✅️ NonUnitalCStarAlgebra
          (StrongDual ℝ E →L[ℝ]
            StrongDual ℝ E →L[ℝ] ℝ) ≟ NonUnitalCStarAlgebra (StrongDual ℝ E →L[ℝ] StrongDual ℝ E →L[ℝ] ℝ)
  [Meta.synthInstance.apply] ✅️ apply @NonUnitalNormedCommRing.toNonUnitalNormedRing to NonUnitalNormedRing
        (StrongDual ℝ E →L[ℝ] StrongDual ℝ E →L[ℝ] ℝ)
    [Meta.synthInstance.tryResolve] ✅️ NonUnitalNormedRing
          (StrongDual ℝ E →L[ℝ]
            StrongDual ℝ E →L[ℝ] ℝ) ≟ NonUnitalNormedRing (StrongDual ℝ E →L[ℝ] StrongDual ℝ E →L[ℝ] ℝ)
    [Meta.synthInstance] ✅️ new goal NonUnitalNormedCommRing (StrongDual ℝ E →L[ℝ] StrongDual ℝ E →L[ℝ] ℝ)
      [Meta.synthInstance.instances] #[@NormedCommRing.toNonUnitalNormedCommRing, @NonUnitalCommCStarAlgebra.toNonUnitalNormedCommRing]
  [Meta.synthInstance.apply] ✅️ apply @NonUnitalCommCStarAlgebra.toNonUnitalNormedCommRing to NonUnitalNormedCommRing
        (StrongDual ℝ E →L[ℝ] StrongDual ℝ E →L[ℝ] ℝ)
    [Meta.synthInstance.tryResolve] ✅️ NonUnitalNormedCommRing
          (StrongDual ℝ E →L[ℝ]
            StrongDual ℝ E →L[ℝ] ℝ) ≟ NonUnitalNormedCommRing (StrongDual ℝ E →L[ℝ] StrongDual ℝ E →L[ℝ] ℝ)
  [Meta.synthInstance.apply] ✅️ apply @NormedCommRing.toNonUnitalNormedCommRing to NonUnitalNormedCommRing
        (StrongDual ℝ E →L[ℝ] StrongDual ℝ E →L[ℝ] ℝ)
    [Meta.synthInstance.tryResolve] ✅️ NonUnitalNormedCommRing
          (StrongDual ℝ E →L[ℝ]
            StrongDual ℝ E →L[ℝ] ℝ) ≟ NonUnitalNormedCommRing (StrongDual ℝ E →L[ℝ] StrongDual ℝ E →L[ℝ] ℝ)
  [Meta.synthInstance.apply] ✅️ apply @NormedRing.toNonUnitalNormedRing to NonUnitalNormedRing
        (StrongDual ℝ E →L[ℝ] StrongDual ℝ E →L[ℝ] ℝ)
    [Meta.synthInstance.tryResolve] ✅️ NonUnitalNormedRing
          (StrongDual ℝ E →L[ℝ]
            StrongDual ℝ E →L[ℝ] ℝ) ≟ NonUnitalNormedRing (StrongDual ℝ E →L[ℝ] StrongDual ℝ E →L[ℝ] ℝ)
  [Meta.synthInstance.apply] ✅️ apply @SeminormedRing.toNorm to Norm (StrongDual ℝ E →L[ℝ] StrongDual ℝ E →L[ℝ] ℝ)
    [Meta.synthInstance.tryResolve] ✅️ Norm
          (StrongDual ℝ E →L[ℝ] StrongDual ℝ E →L[ℝ] ℝ) ≟ Norm (StrongDual ℝ E →L[ℝ] StrongDual ℝ E →L[ℝ] ℝ)
    [Meta.synthInstance] ✅️ new goal SeminormedRing (StrongDual ℝ E →L[ℝ] StrongDual ℝ E →L[ℝ] ℝ)
      [Meta.synthInstance.instances] #[@NormedRing.toSeminormedRing, @SeminormedCommRing.toSeminormedRing, @toSeminormedRing]
  [Meta.synthInstance.apply] ❌️ apply @toSeminormedRing to SeminormedRing (StrongDual ℝ E →L[ℝ] StrongDual ℝ E →L[ℝ] ℝ)
    [Meta.synthInstance.tryResolve] ❌️ SeminormedRing
          (StrongDual ℝ E →L[ℝ] StrongDual ℝ E →L[ℝ] ℝ) ≟ SeminormedRing (?m.41 →L[?m.40] ?m.41)
      [Meta.synthInstance] ✅️ NontriviallyNormedField ℝ
        [Meta.synthInstance] result DenselyNormedField.toNontriviallyNormedField (cached)
  [Meta.synthInstance.apply] ✅️ apply @SeminormedCommRing.toSeminormedRing to SeminormedRing
        (StrongDual ℝ E →L[ℝ] StrongDual ℝ E →L[ℝ] ℝ)
    [Meta.synthInstance.tryResolve] ✅️ SeminormedRing
          (StrongDual ℝ E →L[ℝ] StrongDual ℝ E →L[ℝ] ℝ) ≟ SeminormedRing (StrongDual ℝ E →L[ℝ] StrongDual ℝ E →L[ℝ] ℝ)
    [Meta.synthInstance] ✅️ new goal SeminormedCommRing (StrongDual ℝ E →L[ℝ] StrongDual ℝ E →L[ℝ] ℝ)
      [Meta.synthInstance.instances] #[@NormedCommRing.toSeminormedCommRing]
  [Meta.synthInstance.apply] ✅️ apply @NormedCommRing.toSeminormedCommRing to SeminormedCommRing
        (StrongDual ℝ E →L[ℝ] StrongDual ℝ E →L[ℝ] ℝ)
    [Meta.synthInstance.tryResolve] ✅️ SeminormedCommRing
          (StrongDual ℝ E →L[ℝ]
            StrongDual ℝ E →L[ℝ] ℝ) ≟ SeminormedCommRing (StrongDual ℝ E →L[ℝ] StrongDual ℝ E →L[ℝ] ℝ)
  [Meta.synthInstance.apply] ✅️ apply @NormedRing.toSeminormedRing to SeminormedRing
        (StrongDual ℝ E →L[ℝ] StrongDual ℝ E →L[ℝ] ℝ)
    [Meta.synthInstance.tryResolve] ✅️ SeminormedRing
          (StrongDual ℝ E →L[ℝ] StrongDual ℝ E →L[ℝ] ℝ) ≟ SeminormedRing (StrongDual ℝ E →L[ℝ] StrongDual ℝ E →L[ℝ] ℝ)
  [Meta.synthInstance.apply] ✅️ apply @NonUnitalSeminormedRing.toNorm to Norm
        (StrongDual ℝ E →L[ℝ] StrongDual ℝ E →L[ℝ] ℝ)
    [Meta.synthInstance.tryResolve] ✅️ Norm
          (StrongDual ℝ E →L[ℝ] StrongDual ℝ E →L[ℝ] ℝ) ≟ Norm (StrongDual ℝ E →L[ℝ] StrongDual ℝ E →L[ℝ] ℝ)
    [Meta.synthInstance] ✅️ new goal NonUnitalSeminormedRing (StrongDual ℝ E →L[ℝ] StrongDual ℝ E →L[ℝ] ℝ)
      [Meta.synthInstance.instances] #[@SeminormedRing.toNonUnitalSeminormedRing, @NonUnitalNormedRing.toNonUnitalSeminormedRing, @NonUnitalSeminormedCommRing.toNonUnitalSeminormedRing]
  [Meta.synthInstance.apply] ✅️ apply @NonUnitalSeminormedCommRing.toNonUnitalSeminormedRing to NonUnitalSeminormedRing
        (StrongDual ℝ E →L[ℝ] StrongDual ℝ E →L[ℝ] ℝ)
    [Meta.synthInstance.tryResolve] ✅️ NonUnitalSeminormedRing
          (StrongDual ℝ E →L[ℝ]
            StrongDual ℝ E →L[ℝ] ℝ) ≟ NonUnitalSeminormedRing (StrongDual ℝ E →L[ℝ] StrongDual ℝ E →L[ℝ] ℝ)
    [Meta.synthInstance] ✅️ new goal NonUnitalSeminormedCommRing (StrongDual ℝ E →L[ℝ] StrongDual ℝ E →L[ℝ] ℝ)
      [Meta.synthInstance.instances] #[@NonUnitalNormedCommRing.toNonUnitalSeminormedCommRing, @SeminormedCommRing.toNonUnitalSeminormedCommRing]
  [Meta.synthInstance.apply] ✅️ apply @SeminormedCommRing.toNonUnitalSeminormedCommRing to NonUnitalSeminormedCommRing
        (StrongDual ℝ E →L[ℝ] StrongDual ℝ E →L[ℝ] ℝ)
    [Meta.synthInstance.tryResolve] ✅️ NonUnitalSeminormedCommRing
          (StrongDual ℝ E →L[ℝ]
            StrongDual ℝ E →L[ℝ] ℝ) ≟ NonUnitalSeminormedCommRing (StrongDual ℝ E →L[ℝ] StrongDual ℝ E →L[ℝ] ℝ)
  [Meta.synthInstance.apply] ✅️ apply @NonUnitalNormedCommRing.toNonUnitalSeminormedCommRing to NonUnitalSeminormedCommRing
        (StrongDual ℝ E →L[ℝ] StrongDual ℝ E →L[ℝ] ℝ)
    [Meta.synthInstance.tryResolve] ✅️ NonUnitalSeminormedCommRing
          (StrongDual ℝ E →L[ℝ]
            StrongDual ℝ E →L[ℝ] ℝ) ≟ NonUnitalSeminormedCommRing (StrongDual ℝ E →L[ℝ] StrongDual ℝ E →L[ℝ] ℝ)
  [Meta.synthInstance.apply] ✅️ apply @NonUnitalNormedRing.toNonUnitalSeminormedRing to NonUnitalSeminormedRing
        (StrongDual ℝ E →L[ℝ] StrongDual ℝ E →L[ℝ] ℝ)
    [Meta.synthInstance.tryResolve] ✅️ NonUnitalSeminormedRing
          (StrongDual ℝ E →L[ℝ]
            StrongDual ℝ E →L[ℝ] ℝ) ≟ NonUnitalSeminormedRing (StrongDual ℝ E →L[ℝ] StrongDual ℝ E →L[ℝ] ℝ)
  [Meta.synthInstance.apply] ✅️ apply @SeminormedRing.toNonUnitalSeminormedRing to NonUnitalSeminormedRing
        (StrongDual ℝ E →L[ℝ] StrongDual ℝ E →L[ℝ] ℝ)
    [Meta.synthInstance.tryResolve] ✅️ NonUnitalSeminormedRing
          (StrongDual ℝ E →L[ℝ]
            StrongDual ℝ E →L[ℝ] ℝ) ≟ NonUnitalSeminormedRing (StrongDual ℝ E →L[ℝ] StrongDual ℝ E →L[ℝ] ℝ)
  [Meta.synthInstance.apply] ✅️ apply @NormedCommGroup.toNorm to Norm (StrongDual ℝ E →L[ℝ] StrongDual ℝ E →L[ℝ] ℝ)
    [Meta.synthInstance.tryResolve] ✅️ Norm
          (StrongDual ℝ E →L[ℝ] StrongDual ℝ E →L[ℝ] ℝ) ≟ Norm (StrongDual ℝ E →L[ℝ] StrongDual ℝ E →L[ℝ] ℝ)
    [Meta.synthInstance] ✅️ no instances for NormedCommGroup (StrongDual ℝ E →L[ℝ] StrongDual ℝ E →L[ℝ] ℝ)
      [Meta.synthInstance.instances] #[]
  [Meta.synthInstance.apply] ✅️ apply @NormedAddCommGroup.toNorm to Norm (StrongDual ℝ E →L[ℝ] StrongDual ℝ E →L[ℝ] ℝ)
    [Meta.synthInstance.tryResolve] ✅️ Norm
          (StrongDual ℝ E →L[ℝ] StrongDual ℝ E →L[ℝ] ℝ) ≟ Norm (StrongDual ℝ E →L[ℝ] StrongDual ℝ E →L[ℝ] ℝ)
    [Meta.synthInstance] ✅️ new goal NormedAddCommGroup (StrongDual ℝ E →L[ℝ] StrongDual ℝ E →L[ℝ] ℝ)
      [Meta.synthInstance.instances] #[@NonUnitalNormedRing.toNormedAddCommGroup, @toNormedAddCommGroup, inst✝¹]
  [Meta.synthInstance.apply] ❌️ apply inst✝¹ to NormedAddCommGroup (StrongDual ℝ E →L[ℝ] StrongDual ℝ E →L[ℝ] ℝ)
    [Meta.synthInstance.tryResolve] ❌️ NormedAddCommGroup
          (StrongDual ℝ E →L[ℝ] StrongDual ℝ E →L[ℝ] ℝ) ≟ NormedAddCommGroup E
  [Meta.synthInstance.apply] ❌️ apply @toNormedAddCommGroup to NormedAddCommGroup
        (StrongDual ℝ E →L[ℝ] StrongDual ℝ E →L[ℝ] ℝ)
    [Meta.synthInstance.tryResolve] ❌️ NormedAddCommGroup
          (StrongDual ℝ E →L[ℝ] StrongDual ℝ E →L[ℝ] ℝ) ≟ NormedAddCommGroup (?m.42 →SL[?m.50] ?m.43)
      [Meta.synthInstance] ✅️ NontriviallyNormedField ℝ
        [Meta.synthInstance] result DenselyNormedField.toNontriviallyNormedField (cached)
      [Meta.synthInstance] ✅️ NontriviallyNormedField ℝ
        [Meta.synthInstance] result DenselyNormedField.toNontriviallyNormedField (cached)
      [Meta.synthInstance] ✅️ NormedAddCommGroup (StrongDual ℝ E)
        [Meta.synthInstance] ✅️ new goal NormedAddCommGroup (StrongDual ℝ E)
          [Meta.synthInstance.instances] #[@NonUnitalNormedRing.toNormedAddCommGroup, @toNormedAddCommGroup, inst✝¹]
        [Meta.synthInstance.apply] ❌️ apply inst✝¹ to NormedAddCommGroup (StrongDual ℝ E)
          [Meta.synthInstance.tryResolve] ❌️ NormedAddCommGroup (StrongDual ℝ E) ≟ NormedAddCommGroup E
        [Meta.synthInstance.apply] ✅️ apply @toNormedAddCommGroup to NormedAddCommGroup (StrongDual ℝ E)
          [Meta.synthInstance.tryResolve] ✅️ NormedAddCommGroup (StrongDual ℝ E) ≟ NormedAddCommGroup (E →L[ℝ] ℝ)
            [Meta.synthInstance] ✅️ NontriviallyNormedField ℝ
              [Meta.synthInstance] result DenselyNormedField.toNontriviallyNormedField (cached)
            [Meta.synthInstance] ✅️ NontriviallyNormedField ℝ
              [Meta.synthInstance] result DenselyNormedField.toNontriviallyNormedField (cached)
            [Meta.synthInstance] ✅️ NormedAddCommGroup E
              [Meta.synthInstance] ✅️ new goal NormedAddCommGroup E
                [Meta.synthInstance.instances] #[@NonUnitalNormedRing.toNormedAddCommGroup, inst✝¹]
              [Meta.synthInstance.apply] ✅️ apply inst✝¹ to NormedAddCommGroup E
                [Meta.synthInstance.tryResolve] ✅️ NormedAddCommGroup E ≟ NormedAddCommGroup E
                [Meta.synthInstance.answer] ✅️ NormedAddCommGroup E
              [Meta.synthInstance] result inst✝¹
            [Meta.synthInstance] ✅️ NormedAddCommGroup ℝ
              [Meta.synthInstance] ✅️ new goal NormedAddCommGroup ℝ
                [Meta.synthInstance.instances] #[@NonUnitalNormedRing.toNormedAddCommGroup, Real.normedAddCommGroup, inst✝¹]
              [Meta.synthInstance.apply] ❌️ apply inst✝¹ to NormedAddCommGroup ℝ
                [Meta.synthInstance.tryResolve] ❌️ NormedAddCommGroup ℝ ≟ NormedAddCommGroup E
              [Meta.synthInstance.apply] ✅️ apply Real.normedAddCommGroup to NormedAddCommGroup ℝ
                [Meta.synthInstance.tryResolve] ✅️ NormedAddCommGroup ℝ ≟ NormedAddCommGroup ℝ
                [Meta.synthInstance.answer] ✅️ NormedAddCommGroup ℝ
              [Meta.synthInstance] result Real.normedAddCommGroup
            [Meta.synthInstance] ✅️ NormedSpace ℝ E
              [Meta.synthInstance] result inst✝ (cached)
            [Meta.synthInstance] ✅️ NormedSpace ℝ ℝ
              [Meta.synthInstance] ✅️ new goal NormedSpace ℝ ℝ
                [Meta.synthInstance.instances] #[@NormedAlgebra.toNormedSpace, @NormedSpace.complexToReal, @NormedField.toNormedSpace, @InnerProductSpace.toNormedSpace, inst✝]
              [Meta.synthInstance.apply] ❌️ apply inst✝ to NormedSpace ℝ ℝ
                [Meta.synthInstance.tryResolve] ❌️ NormedSpace ℝ ℝ ≟ NormedSpace ℝ E
              [Meta.synthInstance.apply] ❌️ apply @InnerProductSpace.toNormedSpace to NormedSpace ℝ ℝ
                [Meta.synthInstance.tryResolve] ❌️ NormedSpace ℝ ℝ ≟ NormedSpace ?m.66 ?m.67
              [Meta.synthInstance.apply] ✅️ apply @NormedField.toNormedSpace to NormedSpace ℝ ℝ
                [Meta.synthInstance.tryResolve] ✅️ NormedSpace ℝ ℝ ≟ NormedSpace ℝ ℝ
                [Meta.synthInstance.answer] ✅️ NormedSpace ℝ ℝ
              [Meta.synthInstance] result NormedField.toNormedSpace
          [Meta.synthInstance] ✅️ new goal RingHomIsometric (RingHom.id ℝ)
            [Meta.synthInstance.instances] #[@RingHomIsometric.ids]
        [Meta.synthInstance.apply] ✅️ apply @RingHomIsometric.ids to RingHomIsometric (RingHom.id ℝ)
          [Meta.synthInstance.tryResolve] ✅️ RingHomIsometric (RingHom.id ℝ) ≟ RingHomIsometric (RingHom.id ℝ)
            [Meta.synthInstance] ✅️ SeminormedRing ℝ
              [Meta.synthInstance] result NormedCommRing.toSeminormedCommRing.toSeminormedRing (cached)
          [Meta.synthInstance.answer] ✅️ RingHomIsometric (RingHom.id ℝ)
        [Meta.synthInstance.resume] ✅️ propagating RingHomIsometric
              (RingHom.id ℝ) to subgoal RingHomIsometric (RingHom.id ℝ) of NormedAddCommGroup (StrongDual ℝ E)
          [Meta.synthInstance.resume] size: 1
          [Meta.synthInstance.answer] ✅️ NormedAddCommGroup (StrongDual ℝ E)
        [Meta.synthInstance] result toNormedAddCommGroup
      [Meta.synthInstance] ❌️ NormedAddCommGroup (StrongDual ℝ E →L[ℝ] ℝ)
        [Meta.synthInstance] ✅️ new goal NormedAddCommGroup (StrongDual ℝ E →L[ℝ] ℝ)
          [Meta.synthInstance.instances] #[@NonUnitalNormedRing.toNormedAddCommGroup, @toNormedAddCommGroup, inst✝¹]
        [Meta.synthInstance.apply] ❌️ apply inst✝¹ to NormedAddCommGroup (StrongDual ℝ E →L[ℝ] ℝ)
          [Meta.synthInstance.tryResolve] ❌️ NormedAddCommGroup (StrongDual ℝ E →L[ℝ] ℝ) ≟ NormedAddCommGroup E
        [Meta.synthInstance.apply] ❌️ apply @toNormedAddCommGroup to NormedAddCommGroup (StrongDual ℝ E →L[ℝ] ℝ)
          [Meta.synthInstance.tryResolve] ❌️ NormedAddCommGroup
                (StrongDual ℝ E →L[ℝ] ℝ) ≟ NormedAddCommGroup (?m.55 →SL[?m.63] ?m.56)
            [Meta.synthInstance] ✅️ NontriviallyNormedField ℝ
              [Meta.synthInstance] result DenselyNormedField.toNontriviallyNormedField (cached)
            [Meta.synthInstance] ✅️ NontriviallyNormedField ℝ
              [Meta.synthInstance] result DenselyNormedField.toNontriviallyNormedField (cached)
            [Meta.synthInstance] ❌️ NormedAddCommGroup (StrongDual ℝ E)
              [Meta.synthInstance] result <not-available> (cached)
            [Meta.synthInstance] ❌️ NormedAddCommGroup (StrongDual ℝ E)
              [Meta.synthInstance] result <not-available> (cached)
            [Meta.synthInstance] ❌️ NormedAddCommGroup (StrongDual ℝ E)
              [Meta.synthInstance] result <not-available> (cached)
            [Meta.synthInstance] ❌️ NormedAddCommGroup (StrongDual ℝ E)
              [Meta.synthInstance] result <not-available> (cached)
        [Meta.synthInstance.apply] ✅️ apply @NonUnitalNormedRing.toNormedAddCommGroup to NormedAddCommGroup
              (StrongDual ℝ E →L[ℝ] ℝ)
          [Meta.synthInstance.tryResolve] ✅️ NormedAddCommGroup
                (StrongDual ℝ E →L[ℝ] ℝ) ≟ NormedAddCommGroup (StrongDual ℝ E →L[ℝ] ℝ)
          [Meta.synthInstance] ✅️ new goal NonUnitalNormedRing (StrongDual ℝ E →L[ℝ] ℝ)
            [Meta.synthInstance.instances] #[@NormedRing.toNonUnitalNormedRing, @NonUnitalNormedCommRing.toNonUnitalNormedRing, @NonUnitalCStarAlgebra.toNonUnitalNormedRing]
        [Meta.synthInstance.apply] ✅️ apply @NonUnitalCStarAlgebra.toNonUnitalNormedRing to NonUnitalNormedRing
              (StrongDual ℝ E →L[ℝ] ℝ)
          [Meta.synthInstance.tryResolve] ✅️ NonUnitalNormedRing
                (StrongDual ℝ E →L[ℝ] ℝ) ≟ NonUnitalNormedRing (StrongDual ℝ E →L[ℝ] ℝ)
          [Meta.synthInstance] ✅️ new goal NonUnitalCStarAlgebra (StrongDual ℝ E →L[ℝ] ℝ)
            [Meta.synthInstance.instances] #[CStarAlgebra.toNonUnitalCStarAlgebra, @NonUnitalCommCStarAlgebra.toNonUnitalCStarAlgebra]
        [Meta.synthInstance.apply] ✅️ apply @NonUnitalCommCStarAlgebra.toNonUnitalCStarAlgebra to NonUnitalCStarAlgebra
              (StrongDual ℝ E →L[ℝ] ℝ)
          [Meta.synthInstance.tryResolve] ✅️ NonUnitalCStarAlgebra
                (StrongDual ℝ E →L[ℝ] ℝ) ≟ NonUnitalCStarAlgebra (StrongDual ℝ E →L[ℝ] ℝ)
          [Meta.synthInstance] ✅️ new goal NonUnitalCommCStarAlgebra (StrongDual ℝ E →L[ℝ] ℝ)
            [Meta.synthInstance.instances] #[CommCStarAlgebra.toNonUnitalCommCStarAlgebra]
        [Meta.synthInstance.apply] ✅️ apply CommCStarAlgebra.toNonUnitalCommCStarAlgebra to NonUnitalCommCStarAlgebra
              (StrongDual ℝ E →L[ℝ] ℝ)
          [Meta.synthInstance.tryResolve] ✅️ NonUnitalCommCStarAlgebra
                (StrongDual ℝ E →L[ℝ] ℝ) ≟ NonUnitalCommCStarAlgebra (StrongDual ℝ E →L[ℝ] ℝ)
          [Meta.synthInstance] ✅️ no instances for CommCStarAlgebra (StrongDual ℝ E →L[ℝ] ℝ)
            [Meta.synthInstance.instances] #[]
        [Meta.synthInstance.apply] ✅️ apply CStarAlgebra.toNonUnitalCStarAlgebra to NonUnitalCStarAlgebra
              (StrongDual ℝ E →L[ℝ] ℝ)
          [Meta.synthInstance.tryResolve] ✅️ NonUnitalCStarAlgebra
                (StrongDual ℝ E →L[ℝ] ℝ) ≟ NonUnitalCStarAlgebra (StrongDual ℝ E →L[ℝ] ℝ)
          [Meta.synthInstance] ✅️ new goal CStarAlgebra (StrongDual ℝ E →L[ℝ] ℝ)
            [Meta.synthInstance.instances] #[@CommCStarAlgebra.toCStarAlgebra]
        [Meta.synthInstance.apply] ✅️ apply @CommCStarAlgebra.toCStarAlgebra to CStarAlgebra (StrongDual ℝ E →L[ℝ] ℝ)
          [Meta.synthInstance.tryResolve] ✅️ CStarAlgebra
                (StrongDual ℝ E →L[ℝ] ℝ) ≟ CStarAlgebra (StrongDual ℝ E →L[ℝ] ℝ)
          [Meta.synthInstance] ✅️ no instances for CommCStarAlgebra (StrongDual ℝ E →L[ℝ] ℝ)
            [Meta.synthInstance.instances] #[]
        [Meta.synthInstance.apply] ✅️ apply @NonUnitalNormedCommRing.toNonUnitalNormedRing to NonUnitalNormedRing
              (StrongDual ℝ E →L[ℝ] ℝ)
          [Meta.synthInstance.tryResolve] ✅️ NonUnitalNormedRing
                (StrongDual ℝ E →L[ℝ] ℝ) ≟ NonUnitalNormedRing (StrongDual ℝ E →L[ℝ] ℝ)
          [Meta.synthInstance] ✅️ new goal NonUnitalNormedCommRing (StrongDual ℝ E →L[ℝ] ℝ)
            [Meta.synthInstance.instances] #[@NormedCommRing.toNonUnitalNormedCommRing, @NonUnitalCommCStarAlgebra.toNonUnitalNormedCommRing]
        [Meta.synthInstance.apply] ✅️ apply @NonUnitalCommCStarAlgebra.toNonUnitalNormedCommRing to NonUnitalNormedCommRing
              (StrongDual ℝ E →L[ℝ] ℝ)
          [Meta.synthInstance.tryResolve] ✅️ NonUnitalNormedCommRing
                (StrongDual ℝ E →L[ℝ] ℝ) ≟ NonUnitalNormedCommRing (StrongDual ℝ E →L[ℝ] ℝ)
        [Meta.synthInstance.apply] ✅️ apply @NormedCommRing.toNonUnitalNormedCommRing to NonUnitalNormedCommRing
              (StrongDual ℝ E →L[ℝ] ℝ)
          [Meta.synthInstance.tryResolve] ✅️ NonUnitalNormedCommRing
                (StrongDual ℝ E →L[ℝ] ℝ) ≟ NonUnitalNormedCommRing (StrongDual ℝ E →L[ℝ] ℝ)
          [Meta.synthInstance] ✅️ new goal NormedCommRing (StrongDual ℝ E →L[ℝ] ℝ)
            [Meta.synthInstance.instances] #[@NormedField.toNormedCommRing, @CommCStarAlgebra.toNormedCommRing]
        [Meta.synthInstance.apply] ✅️ apply @CommCStarAlgebra.toNormedCommRing to NormedCommRing
              (StrongDual ℝ E →L[ℝ] ℝ)
          [Meta.synthInstance.tryResolve] ✅️ NormedCommRing
                (StrongDual ℝ E →L[ℝ] ℝ) ≟ NormedCommRing (StrongDual ℝ E →L[ℝ] ℝ)
          [Meta.synthInstance] ✅️ no instances for CommCStarAlgebra (StrongDual ℝ E →L[ℝ] ℝ)
            [Meta.synthInstance.instances] #[]
        [Meta.synthInstance.apply] ✅️ apply @NormedField.toNormedCommRing to NormedCommRing (StrongDual ℝ E →L[ℝ] ℝ)
          [Meta.synthInstance.tryResolve] ✅️ NormedCommRing
                (StrongDual ℝ E →L[ℝ] ℝ) ≟ NormedCommRing (StrongDual ℝ E →L[ℝ] ℝ)
          [Meta.synthInstance] ✅️ new goal NormedField (StrongDual ℝ E →L[ℝ] ℝ)
            [Meta.synthInstance.instances] #[@NontriviallyNormedField.toNormedField, @DenselyNormedField.toNormedField]
        [Meta.synthInstance.apply] ✅️ apply @DenselyNormedField.toNormedField to NormedField (StrongDual ℝ E →L[ℝ] ℝ)
          [Meta.synthInstance.tryResolve] ✅️ NormedField (StrongDual ℝ E →L[ℝ] ℝ) ≟ NormedField (StrongDual ℝ E →L[ℝ] ℝ)
          [Meta.synthInstance] ✅️ new goal DenselyNormedField (StrongDual ℝ E →L[ℝ] ℝ)
            [Meta.synthInstance.instances] #[@RCLike.toDenselyNormedField]
        [Meta.synthInstance.apply] ✅️ apply @RCLike.toDenselyNormedField to DenselyNormedField (StrongDual ℝ E →L[ℝ] ℝ)
          [Meta.synthInstance.tryResolve] ✅️ DenselyNormedField
                (StrongDual ℝ E →L[ℝ] ℝ) ≟ DenselyNormedField (StrongDual ℝ E →L[ℝ] ℝ)
          [Meta.synthInstance] ✅️ no instances for RCLike (StrongDual ℝ E →L[ℝ] ℝ)
            [Meta.synthInstance.instances] #[]
        [Meta.synthInstance.apply] ✅️ apply @NontriviallyNormedField.toNormedField to NormedField
              (StrongDual ℝ E →L[ℝ] ℝ)
          [Meta.synthInstance.tryResolve] ✅️ NormedField (StrongDual ℝ E →L[ℝ] ℝ) ≟ NormedField (StrongDual ℝ E →L[ℝ] ℝ)
          [Meta.synthInstance] ✅️ new goal NontriviallyNormedField (StrongDual ℝ E →L[ℝ] ℝ)
            [Meta.synthInstance.instances] #[@DenselyNormedField.toNontriviallyNormedField]
        [Meta.synthInstance.apply] ✅️ apply @DenselyNormedField.toNontriviallyNormedField to NontriviallyNormedField
              (StrongDual ℝ E →L[ℝ] ℝ)
          [Meta.synthInstance.tryResolve] ✅️ NontriviallyNormedField
                (StrongDual ℝ E →L[ℝ] ℝ) ≟ NontriviallyNormedField (StrongDual ℝ E →L[ℝ] ℝ)
        [Meta.synthInstance.apply] ✅️ apply @NormedRing.toNonUnitalNormedRing to NonUnitalNormedRing
              (StrongDual ℝ E →L[ℝ] ℝ)
          [Meta.synthInstance.tryResolve] ✅️ NonUnitalNormedRing
                (StrongDual ℝ E →L[ℝ] ℝ) ≟ NonUnitalNormedRing (StrongDual ℝ E →L[ℝ] ℝ)
          [Meta.synthInstance] ✅️ new goal NormedRing (StrongDual ℝ E →L[ℝ] ℝ)
            [Meta.synthInstance.instances] #[@NormedDivisionRing.toNormedRing, @NormedCommRing.toNormedRing, @CStarAlgebra.toNormedRing, @toNormedRing]
        [Meta.synthInstance.apply] ❌️ apply @toNormedRing to NormedRing (StrongDual ℝ E →L[ℝ] ℝ)
          [Meta.synthInstance.tryResolve] ❌️ NormedRing (StrongDual ℝ E →L[ℝ] ℝ) ≟ NormedRing (?m.58 →L[?m.57] ?m.58)
            [Meta.synthInstance] ✅️ NontriviallyNormedField ℝ
              [Meta.synthInstance] result DenselyNormedField.toNontriviallyNormedField (cached)
        [Meta.synthInstance.apply] ✅️ apply @CStarAlgebra.toNormedRing to NormedRing (StrongDual ℝ E →L[ℝ] ℝ)
          [Meta.synthInstance.tryResolve] ✅️ NormedRing (StrongDual ℝ E →L[ℝ] ℝ) ≟ NormedRing (StrongDual ℝ E →L[ℝ] ℝ)
        [Meta.synthInstance.apply] ✅️ apply @NormedCommRing.toNormedRing to NormedRing (StrongDual ℝ E →L[ℝ] ℝ)
          [Meta.synthInstance.tryResolve] ✅️ NormedRing (StrongDual ℝ E →L[ℝ] ℝ) ≟ NormedRing (StrongDual ℝ E →L[ℝ] ℝ)
        [Meta.synthInstance.apply] ✅️ apply @NormedDivisionRing.toNormedRing to NormedRing (StrongDual ℝ E →L[ℝ] ℝ)
          [Meta.synthInstance.tryResolve] ✅️ NormedRing (StrongDual ℝ E →L[ℝ] ℝ) ≟ NormedRing (StrongDual ℝ E →L[ℝ] ℝ)
          [Meta.synthInstance] ✅️ new goal NormedDivisionRing (StrongDual ℝ E →L[ℝ] ℝ)
            [Meta.synthInstance.instances] #[@NormedField.toNormedDivisionRing]
        [Meta.synthInstance.apply] ✅️ apply @NormedField.toNormedDivisionRing to NormedDivisionRing
              (StrongDual ℝ E →L[ℝ] ℝ)
          [Meta.synthInstance.tryResolve] ✅️ NormedDivisionRing
                (StrongDual ℝ E →L[ℝ] ℝ) ≟ NormedDivisionRing (StrongDual ℝ E →L[ℝ] ℝ)
        [Meta.synthInstance] result <not-available>
      [Meta.synthInstance] ❌️ NormedAddCommGroup (StrongDual ℝ E →L[ℝ] ℝ)
        [Meta.synthInstance] result <not-available> (cached)
      [Meta.synthInstance] ❌️ NormedAddCommGroup (StrongDual ℝ E →L[ℝ] ℝ)
        [Meta.synthInstance] result <not-available> (cached)
      [Meta.synthInstance] ❌️ NormedAddCommGroup (StrongDual ℝ E →L[ℝ] ℝ)
        [Meta.synthInstance] result <not-available> (cached)
  [Meta.synthInstance.apply] ✅️ apply @NonUnitalNormedRing.toNormedAddCommGroup to NormedAddCommGroup
        (StrongDual ℝ E →L[ℝ] StrongDual ℝ E →L[ℝ] ℝ)
    [Meta.synthInstance.tryResolve] ✅️ NormedAddCommGroup
          (StrongDual ℝ E →L[ℝ]
            StrongDual ℝ E →L[ℝ] ℝ) ≟ NormedAddCommGroup (StrongDual ℝ E →L[ℝ] StrongDual ℝ E →L[ℝ] ℝ)
  [Meta.synthInstance.apply] ✅️ apply @SeminormedCommGroup.toNorm to Norm (StrongDual ℝ E →L[ℝ] StrongDual ℝ E →L[ℝ] ℝ)
    [Meta.synthInstance.tryResolve] ✅️ Norm
          (StrongDual ℝ E →L[ℝ] StrongDual ℝ E →L[ℝ] ℝ) ≟ Norm (StrongDual ℝ E →L[ℝ] StrongDual ℝ E →L[ℝ] ℝ)
    [Meta.synthInstance] ✅️ new goal SeminormedCommGroup (StrongDual ℝ E →L[ℝ] StrongDual ℝ E →L[ℝ] ℝ)
      [Meta.synthInstance.instances] #[@NormedCommGroup.toSeminormedCommGroup]
  [Meta.synthInstance.apply] ✅️ apply @NormedCommGroup.toSeminormedCommGroup to SeminormedCommGroup
        (StrongDual ℝ E →L[ℝ] StrongDual ℝ E →L[ℝ] ℝ)
    [Meta.synthInstance.tryResolve] ✅️ SeminormedCommGroup
          (StrongDual ℝ E →L[ℝ]
            StrongDual ℝ E →L[ℝ] ℝ) ≟ SeminormedCommGroup (StrongDual ℝ E →L[ℝ] StrongDual ℝ E →L[ℝ] ℝ)
    [Meta.synthInstance] ✅️ no instances for NormedCommGroup (StrongDual ℝ E →L[ℝ] StrongDual ℝ E →L[ℝ] ℝ)
      [Meta.synthInstance.instances] #[]
  [Meta.synthInstance.apply] ✅️ apply @SeminormedAddCommGroup.toNorm to Norm
        (StrongDual ℝ E →L[ℝ] StrongDual ℝ E →L[ℝ] ℝ)
    [Meta.synthInstance.tryResolve] ✅️ Norm
          (StrongDual ℝ E →L[ℝ] StrongDual ℝ E →L[ℝ] ℝ) ≟ Norm (StrongDual ℝ E →L[ℝ] StrongDual ℝ E →L[ℝ] ℝ)
    [Meta.synthInstance] ✅️ new goal SeminormedAddCommGroup (StrongDual ℝ E →L[ℝ] StrongDual ℝ E →L[ℝ] ℝ)
      [Meta.synthInstance.instances] #[@NormedAddCommGroup.toSeminormedAddCommGroup, @NonUnitalSeminormedRing.toSeminormedAddCommGroup, @toSeminormedAddCommGroup]
  [Meta.synthInstance.apply] ❌️ apply @toSeminormedAddCommGroup to SeminormedAddCommGroup
        (StrongDual ℝ E →L[ℝ] StrongDual ℝ E →L[ℝ] ℝ)
    [Meta.synthInstance.tryResolve] ❌️ SeminormedAddCommGroup
          (StrongDual ℝ E →L[ℝ] StrongDual ℝ E →L[ℝ] ℝ) ≟ SeminormedAddCommGroup (?m.42 →SL[?m.50] ?m.43)
      [Meta.synthInstance] ✅️ NontriviallyNormedField ℝ
        [Meta.synthInstance] result DenselyNormedField.toNontriviallyNormedField (cached)
      [Meta.synthInstance] ✅️ NontriviallyNormedField ℝ
        [Meta.synthInstance] result DenselyNormedField.toNontriviallyNormedField (cached)
      [Meta.synthInstance] ✅️ SeminormedAddCommGroup (StrongDual ℝ E)
        [Meta.synthInstance] result toSeminormedAddCommGroup (cached)
      [Meta.synthInstance] ❌️ SeminormedAddCommGroup (StrongDual ℝ E →L[ℝ] ℝ)
        [Meta.synthInstance] result <not-available> (cached)
      [Meta.synthInstance] ❌️ SeminormedAddCommGroup (StrongDual ℝ E →L[ℝ] ℝ)
        [Meta.synthInstance] result <not-available> (cached)
      [Meta.synthInstance] ❌️ SeminormedAddCommGroup (StrongDual ℝ E →L[ℝ] ℝ)
        [Meta.synthInstance] result <not-available> (cached)
      [Meta.synthInstance] ❌️ SeminormedAddCommGroup (StrongDual ℝ E →L[ℝ] ℝ)
        [Meta.synthInstance] result <not-available> (cached)
  [Meta.synthInstance.apply] ✅️ apply @NonUnitalSeminormedRing.toSeminormedAddCommGroup to SeminormedAddCommGroup
        (StrongDual ℝ E →L[ℝ] StrongDual ℝ E →L[ℝ] ℝ)
    [Meta.synthInstance.tryResolve] ✅️ SeminormedAddCommGroup
          (StrongDual ℝ E →L[ℝ]
            StrongDual ℝ E →L[ℝ] ℝ) ≟ SeminormedAddCommGroup (StrongDual ℝ E →L[ℝ] StrongDual ℝ E →L[ℝ] ℝ)
  [Meta.synthInstance.apply] ✅️ apply @NormedAddCommGroup.toSeminormedAddCommGroup to SeminormedAddCommGroup
        (StrongDual ℝ E →L[ℝ] StrongDual ℝ E →L[ℝ] ℝ)
    [Meta.synthInstance.tryResolve] ✅️ SeminormedAddCommGroup
          (StrongDual ℝ E →L[ℝ]
            StrongDual ℝ E →L[ℝ] ℝ) ≟ SeminormedAddCommGroup (StrongDual ℝ E →L[ℝ] StrongDual ℝ E →L[ℝ] ℝ)
  [Meta.synthInstance.apply] ✅️ apply @NormedGroup.toNorm to Norm (StrongDual ℝ E →L[ℝ] StrongDual ℝ E →L[ℝ] ℝ)
    [Meta.synthInstance.tryResolve] ✅️ Norm
          (StrongDual ℝ E →L[ℝ] StrongDual ℝ E →L[ℝ] ℝ) ≟ Norm (StrongDual ℝ E →L[ℝ] StrongDual ℝ E →L[ℝ] ℝ)
    [Meta.synthInstance] ✅️ new goal NormedGroup (StrongDual ℝ E →L[ℝ] StrongDual ℝ E →L[ℝ] ℝ)
      [Meta.synthInstance.instances] #[@NormedCommGroup.toNormedGroup]
  [Meta.synthInstance.apply] ✅️ apply @NormedCommGroup.toNormedGroup to NormedGroup
        (StrongDual ℝ E →L[ℝ] StrongDual ℝ E →L[ℝ] ℝ)
    [Meta.synthInstance.tryResolve] ✅️ NormedGroup
          (StrongDual ℝ E →L[ℝ] StrongDual ℝ E →L[ℝ] ℝ) ≟ NormedGroup (StrongDual ℝ E →L[ℝ] StrongDual ℝ E →L[ℝ] ℝ)
    [Meta.synthInstance] ✅️ no instances for NormedCommGroup (StrongDual ℝ E →L[ℝ] StrongDual ℝ E →L[ℝ] ℝ)
      [Meta.synthInstance.instances] #[]
  [Meta.synthInstance.apply] ✅️ apply @NormedAddGroup.toNorm to Norm (StrongDual ℝ E →L[ℝ] StrongDual ℝ E →L[ℝ] ℝ)
    [Meta.synthInstance.tryResolve] ✅️ Norm
          (StrongDual ℝ E →L[ℝ] StrongDual ℝ E →L[ℝ] ℝ) ≟ Norm (StrongDual ℝ E →L[ℝ] StrongDual ℝ E →L[ℝ] ℝ)
    [Meta.synthInstance] ✅️ new goal NormedAddGroup (StrongDual ℝ E →L[ℝ] StrongDual ℝ E →L[ℝ] ℝ)
      [Meta.synthInstance.instances] #[@NormedAddCommGroup.toNormedAddGroup]
  [Meta.synthInstance.apply] ✅️ apply @NormedAddCommGroup.toNormedAddGroup to NormedAddGroup
        (StrongDual ℝ E →L[ℝ] StrongDual ℝ E →L[ℝ] ℝ)
    [Meta.synthInstance.tryResolve] ✅️ NormedAddGroup
          (StrongDual ℝ E →L[ℝ] StrongDual ℝ E →L[ℝ] ℝ) ≟ NormedAddGroup (StrongDual ℝ E →L[ℝ] StrongDual ℝ E →L[ℝ] ℝ)
  [Meta.synthInstance.apply] ✅️ apply @SeminormedGroup.toNorm to Norm (StrongDual ℝ E →L[ℝ] StrongDual ℝ E →L[ℝ] ℝ)
    [Meta.synthInstance.tryResolve] ✅️ Norm
          (StrongDual ℝ E →L[ℝ] StrongDual ℝ E →L[ℝ] ℝ) ≟ Norm (StrongDual ℝ E →L[ℝ] StrongDual ℝ E →L[ℝ] ℝ)
    [Meta.synthInstance] ✅️ new goal SeminormedGroup (StrongDual ℝ E →L[ℝ] StrongDual ℝ E →L[ℝ] ℝ)
      [Meta.synthInstance.instances] #[@NormedGroup.toSeminormedGroup, @SeminormedCommGroup.toSeminormedGroup]
  [Meta.synthInstance.apply] ✅️ apply @SeminormedCommGroup.toSeminormedGroup to SeminormedGroup
        (StrongDual ℝ E →L[ℝ] StrongDual ℝ E →L[ℝ] ℝ)
    [Meta.synthInstance.tryResolve] ✅️ SeminormedGroup
          (StrongDual ℝ E →L[ℝ] StrongDual ℝ E →L[ℝ] ℝ) ≟ SeminormedGroup (StrongDual ℝ E →L[ℝ] StrongDual ℝ E →L[ℝ] ℝ)
  [Meta.synthInstance.apply] ✅️ apply @NormedGroup.toSeminormedGroup to SeminormedGroup
        (StrongDual ℝ E →L[ℝ] StrongDual ℝ E →L[ℝ] ℝ)
    [Meta.synthInstance.tryResolve] ✅️ SeminormedGroup
          (StrongDual ℝ E →L[ℝ] StrongDual ℝ E →L[ℝ] ℝ) ≟ SeminormedGroup (StrongDual ℝ E →L[ℝ] StrongDual ℝ E →L[ℝ] ℝ)
  [Meta.synthInstance.apply] ✅️ apply @SeminormedAddGroup.toNorm to Norm (StrongDual ℝ E →L[ℝ] StrongDual ℝ E →L[ℝ] ℝ)
    [Meta.synthInstance.tryResolve] ✅️ Norm
          (StrongDual ℝ E →L[ℝ] StrongDual ℝ E →L[ℝ] ℝ) ≟ Norm (StrongDual ℝ E →L[ℝ] StrongDual ℝ E →L[ℝ] ℝ)
    [Meta.synthInstance] ✅️ new goal SeminormedAddGroup (StrongDual ℝ E →L[ℝ] StrongDual ℝ E →L[ℝ] ℝ)
      [Meta.synthInstance.instances] #[@NormedAddGroup.toSeminormedAddGroup, @SeminormedAddCommGroup.toSeminormedAddGroup]
  [Meta.synthInstance.apply] ✅️ apply @SeminormedAddCommGroup.toSeminormedAddGroup to SeminormedAddGroup
        (StrongDual ℝ E →L[ℝ] StrongDual ℝ E →L[ℝ] ℝ)
    [Meta.synthInstance.tryResolve] ✅️ SeminormedAddGroup
          (StrongDual ℝ E →L[ℝ]
            StrongDual ℝ E →L[ℝ] ℝ) ≟ SeminormedAddGroup (StrongDual ℝ E →L[ℝ] StrongDual ℝ E →L[ℝ] ℝ)
  [Meta.synthInstance.apply] ✅️ apply @NormedAddGroup.toSeminormedAddGroup to SeminormedAddGroup
        (StrongDual ℝ E →L[ℝ] StrongDual ℝ E →L[ℝ] ℝ)
    [Meta.synthInstance.tryResolve] ✅️ SeminormedAddGroup
          (StrongDual ℝ E →L[ℝ]
            StrongDual ℝ E →L[ℝ] ℝ) ≟ SeminormedAddGroup (StrongDual ℝ E →L[ℝ] StrongDual ℝ E →L[ℝ] ℝ)
  [Meta.synthInstance] result <not-available>
[Meta.synthInstance] ❌️ Norm (StrongDual ℝ E →L[ℝ] StrongDual ℝ E →L[ℝ] ℝ)
  [Meta.synthInstance] result <not-available> (cached)
